Title,Content,Image_URLs,URL
ইউনূস সরকারের শেষ সময়ের বাণিজ্য চুক্তি নিয়ে এখনো বিতর্ক কেন?,"""আপনার মেয়াদ শুরুর এই সময়ে আমি আশা করি, আমাদের পারস্পরিক বাণিজ্য চুক্তি বাস্তবায়নের মাধ্যমে বাণিজ্যিক সম্পর্কের দারুণ গতি ধরে রাখতে আপনি আমাকে সাহায্য করবেন। এই চুক্তিতে আমাদের উভয় দেশের কৃষক ও শ্রমিকেরা সুবিধা পাবেন""। প্রধানমন্ত্রী পদে দায়িত্ব নেওয়ার পর তারেক রহমানকে অভিনন্দন জানিয়ে লেখা চিঠিতে এই কথা উল্লেখ করেছেন যুক্তরাষ্ট্রের প্রেসিডেন্ট ডোনাল্ড ট্রাম্প। সম্প্রতি বাংলাদেশ মার্কিন যুক্তরাষ্ট্রের সঙ্গে একটি বাণিজ্য চুক্তি স্বাক্ষর করেছে। অ্যাগ্রিমেন্ট অন রেসিপ্রোকাল ট্রেড নামে এই চুক্তি বাংলাদেশের জাতীয় নির্বাচনের আগে এবং অন্তর্বর্তীকালীন সরকারের শেষ সময়ে স্বাক্ষর হওয়ায় পর এটা নিয়ে নানা সমালোচনা দেখা যাচ্ছে। প্রশ্ন উঠছে, নির্বাচনের কয়েকদিন আগে এই চুক্তি স্বাক্ষর কেন করতে হলো? যুক্তরাষ্ট্রের সঙ্গে এই বাণিজ্য চুক্তি নিয়ে আলোচনা চলছিলো নয় মাস ধরে। কিন্তু গোপনীয়তার শর্তের কারণে তখন এর বিস্তারিত প্রকাশ করেনি কোনো পক্ষ। এখন চুক্তি প্রকাশ হওয়ার পর বাংলাদেশের অর্থনীতিবিদদের অনেকেই বলছেন, এই চুক্তির পূনর্মূল্যায়ন হওয়া দরকার। চুক্তির খুঁটিনাটি বিষয়ের দিকে নজর দিয়ে এটাও বলা হচ্ছে যে, চুক্তিতে বাংলাদেশের স্বার্থ রক্ষিত হয়নি, বরং প্রধান্য পেয়েছে আমেরিকার ইচ্ছা। ফলে অর্থনীতিবিদদের কেউ কেউ বলছেন, বাংলাদেশের নির্বাচিত সরকারের উচিত চুক্তি পরীক্ষা করে দেখা। গতবছর, অর্থাৎ ২০২৫ সালের দোসরা এপ্রিল ডোনাল্ড ট্রাম্পের একটি নির্বাহী আদেশের মাধ্যমে বাংলাদেশসহ বিশ্বের বিভিন্ন দেশের উপর বিভিন্ন হারে রেসিপ্রোকাল ট্যারিফ বা পাল্টা শুল্ক আরোপ করে যুক্তরাষ্ট্র, যেটা বিশ্ব অর্থনীতিতে একধরনের অস্থিরতা সৃষ্টি করেছিলো। End of সর্বাধিক পঠিত বাংলাদেশের উপর পাল্টা শুল্ক আরোপ করা হয় ৩৫ শতাংশ। সেসময় বাংলাদেশ সরকার যুক্তরাষ্ট্রের সঙ্গে যোগাযোগ করে শুল্ক প্রত্যাহার বা কমানোর অনুরোধ করে। পরে সেই শুল্ক হার কমিয়ে ২০ শতাংশে নামিয়ে আনা হয়। তবে শুল্ক নিয়ে চূড়ান্ত মতে পৌঁছাতে দুই দেশের মধ্যে আলোচনাও চলতে থাকে। গত নয় মাস ধরে বিভিন্ন বৈঠক ও ধারাবাহিক আলোচনা হয়েছে। শেষ পর্যন্ত দরকষাকষি শেষে উভয় পক্ষ 'অ্যাগ্রিমেন্ট অন রেসিপ্রোকাল ট্রেড' নামে এই বাণিজ্য চুক্তিতে স্বাক্ষর করে। নতুন চুক্তির পর বাংলাদেশের উপর মার্কিন পাল্টা শুল্ক এখন ১৯ শতাংশ। চুক্তিতে উভয় দেশের বিভিন্ন পণ্য শুল্কমুক্ত প্রবেশাধিকার পেয়েছে। কিন্তু শেষপর্যন্ত যা হয়েছে, তাতে বাংলাদেশের নেগোসিয়েশনে 'দুর্বলতা' দেখতে পেয়েছেন অর্থনীতি ও বাণিজ্য বিশ্লেষকরা। End of আরো পড়তে পারেন ছবির উৎস,
GETTY IMAGES বিবিসি বাংলার সর্বশেষ খবর ও বিশ্লেষণ এখন সরাসরি আপনার ফোনে। ফলো করুন, নোটিফিকেশন অন রাখুন বিবিসি বাংলার সাথে থাকার জন্য ধন্যবাদ বিবিসি বাংলার হোয়াটসঅ্যাপ চ্যানেল যুক্তরাষ্ট্র বাংলাদেশের জন্য গুরুত্বপূর্ণ বাণিজ্য অংশীদার। দুই দেশের বাণিজ্য ৮০০ কোটি ডলারের। তবে বাংলাদেশ সেখানে রপ্তানি বেশি করে, আমদানি কম করে। ডলারের হিসেবে দেখলে বাংলাদেশ সেখানে বছরে রপ্তানি করে প্রায় ৬০০ কোটি ডলারের পণ্য। বিপরীতে আমদানি করে ২০০ কোটি ডলারের পণ্য। অর্থাৎ আমেরিকা ৪০০ কোটি ডলারের পণ্য বাংলাদেশ থেকে বেশি কেনে। ফলে দেশটি এখন বলছে বাংলাদেশকে কেনাকাটা বাড়াতে হবে। তারা শাস্তিমূলক শুল্কও আরোপ করে। আর এই সবকিছু নিয়ে একটা সমাধানে আসতেই দুই দেশের চুক্তি। এভাবে চাপ দিয়ে আমেরিকা ১০০টিরও বেশি দেশের সঙ্গে চুক্তিতে গিয়েছে বা যাচ্ছে। কিন্তু সামগ্রিকভাবে চুক্তিতে বাংলাদেশের চেয়ে আমেরিকা বেশি লাভবান হয়েছে এমন মত দিচ্ছেন সেন্টার ফল পলিসি ডায়লগ -সিপিডির ডিস্টিংগুইশড ফেলো মোস্তাফিজুর রহমান। তিনি বলেন, এই চুক্তি আমেরিকার পক্ষে গেছে। ""চুক্তিতে অবশ্যই মার্কিন যুক্তরাষ্ট্রের অনেক প্রভাব দেখা যাচ্ছে। তারা কী করবে, আমরা কী করবো -এই বিষয়গুলোতে যে চারগুণ বেশি আমাদের বাধ্যতামূলকভাবে করার ক্লজগুলো আছে, সেখান থেকেও বোঝা যায় (আমেরিকার প্রাধান্য)। আর সাধারণভাবেও এটার যে সাবস্টান্স সেখান থেকেও বোঝা যায় যে, এটা তাদের পক্ষে গেছে।"" তাহলে এই চুক্তি থেকে বাংলাদেশ কী অর্জন করলো? এমন প্রশ্নে তৈরি পোশাক খাতের কথা বলেন ঢাকা বিশ্ববিদ্যালয়ের ইন্টারন্যাশনাল বিজনেস বিভাগের অধ্যাপক আবু হেনা রেজা হাসান। তবে একইসঙ্গে তিনি বলেন, এই চুক্তির পেছনে সরকার মূলত রাজনীতির দিকে বেশি অর্জন করতে চেয়েছে বলে তার কাছে মনে হয়েছে। ""আমি যদি বলি বাংলাদেশ এখানে যেটা অর্জন করতে চেয়েছে, সেটা হলো, আমেরিকান পলিটিক্যাল ফেইভার (রাজনৈতিক অনুগ্রহ)। ইকোনমিক ফেইভার চেয়ে পলিটিক্যাল ফেইভার। আমরা পলিটিক্যালি তোমাদের (আমেরিকা) সঙ্গে অ্যালাইনড। সুতরাং আমাদেরকে রক্ষা করো. আর গার্মেন্টসকে রক্ষা করো। এটাই ছিল বাংলাদেশের মেইন বেনেফিট।"" ""অন্যদিকে আমেরিকা পলিটিক্যাল বেনেফিটের সঙ্গে সঙ্গে তাদের ইকোনমিক বেনেফিটও নিশ্চিত করে নিয়েছে,"" বলেন অদ্যাপক আবু হেনা রেজা হাসান। চুক্তির শেষ দিকে সেকশন ছয় এ কমার্শিয়াল কনসিডারেশন নামে মূলত কিছু কেনাকাটার কথা বলা হয়েছে। অর্থাৎ বাংলাদেশ যে আমেরিকা থেকে কম আমদানি করছে সেটা পুষিয়ে নিতে বাংলাদেশ কী কী কেনাকাটা ভবিষ্যতে বাড়াবে সেটা উল্লেখ করা হয়েছে। সেখানে বলা হয়েছে: কিন্তু প্রশ্ন উঠছে, এতোসব কেনাকাটা শুধু ক্রয় বাড়ানোর জন্যই করা হচ্ছে, নাকি এগুলোর চাহিদা আছে? আবার চাহিদা যাচাই না করেই এসব কেনা হলে সেটার অর্থনৈতিক ক্ষতিটা হবে বাংলাদেশেরই। ""এই যে এয়ারক্রাফটগুলো, এগুলোর কি বাংলাদেশের দরকার আছে? আমরা যেগুলো কিনছি সেগুলো কী ধরনের এয়ারক্রাফট আমরা জানি না। শুধু বলা হচ্ছে, ১৪টা কিনবো। এগুলো নিয়ে এসে আমরা কি আমাদের এয়ারলাইন্সটাকে লসের দিকে ঠেলে দিচ্ছি? এগুলোও কিন্তু ভাবতে হবে,"" বলেন আবু হেনা রেজা হাসান। বিবিসি বাংলার হোয়াটসঅ্যাপ চ্যানেল ফলো করতে এখানে ক্লিক/ট্যাপ করুন অন্যদিকে এভাবে সংখ্যা বা অংক ধরে কেনার কথা বলায় ঝুঁকি দেখতে পান সিপিডির ডিস্টিংগুইশড ফেলো মোস্তিাফিজুর রহমান। ""এগুলো একবারে কংক্রিট নাম্বার দিয়ে বলা হয়েছে। আবার পরে কোনো সময় যদি প্রয়োজন দেখা দেয় তখন এসব ক্রয় পেছানো দুস্কর হয়ে যাবে। তখন পেছাতে গেলেই বলবে যে তাহলে আবার পাল্টা শুল্ক যেটা প্রথমে দেওয়া হয়েছিলো ৩৭ শতাংশ, সেখানে নিয়ে যাবো।"" এছাড়া নেগোসিয়েশনে আরেকটি দুর্বলতা তারা উল্লেখ করেছেন যে, বিমান কিংবা গমের মতো আমদানিগুলো সরকারিভাবে করা হলেও অন্যান্য কৃষিপণ্য, তুলা, তেল এসব আমদানি হবে বেসরকারিভাবে। অর্থাৎ এগুলো আমদানি করবে বেসরকারি কোম্পানিগুলো। কিন্তু বাংলাদেশের বেসরকারি কোম্পানিগুলো যেখানে ভারত, পাকিস্তান কিংবা চীন থেকে অল্প সময়ে কম খরচে আমদানি করতে পারে সেখানে আমেরিকা থেকে আনতে গেলে খরচ এবং সময় বাড়বে। ""কোম্পানিগুলো তো সরকারের আমদানি ঘাটতি মেটাতে নিজেদের আর্থিক ক্ষতি করে ভারত বা পাকিস্তানের পরিবর্তে আমেরিকা থেকে আনতে যাবে না। অথবা সেটা করতে গেলে সরকারের কাছে বাড়তি কোনো সুবিধা বা ভর্তুকি চাইতে পারে। সরকার কি চুক্তির সময় এই কস্টিং করেছে?"" বলেন মোস্তাফিজুর রহমান। অ্যাগ্রিমেন্ট অন রেসিপ্রোকাল ট্রেড নামের এই চুক্তিতে উভয় দেশই বহু পণ্যে শুল্ক ছাড় পাবে। যেখানে যুক্তরাষ্ট্রের ছয় হাজার ৭১০টি পণ্য আর বাংলাদেশের এক হাজার ৬৩৮টি পণ্য থাকছে। কোনো কোনো পণ্য শুরু থেকেই আবার অনেক পণ্য ধাপে ধাপে শুল্কমুক্ত সুবিধার আওতায় আসবে। তবে এতে করে বাংলাদেশের রাজস্ব আয় কমবে। এছাড়া এই সম্ভাব্য আর্থিক ক্ষতির বাইরেও আরো কিছু বিষয় আছে যেখানে চীন-রাশিয়ার মতো দেশগুলোর সঙ্গে বাংলাদেশের সম্পর্কেও প্রভাব পড়তে পারে। যেমন চুক্তির শেষাংশে বলা হয়েছে, বাংলাদেশ যুক্তরাষ্ট্র থেকে সামরিক সরঞ্জাম ক্রয় বাড়ানোর চেষ্টা করবে। বিপরীতে নির্দিষ্ট কিছু দেশ থেকে কেনাকাটা সীমিত করার চেষ্টা করবে। যদিও কোন দেশ থেকে সামরিক সরঞ্জাম কেনা কমাতে হবে সেটা নির্দিষ্ট করা হয়নি। বাংলাদেশ এখন বেশি কেন মূলত চীন থেকে। এছাড়া চুক্তির চতুর্থ সেকশনে বলা হয়েছে, যুক্তরাষ্ট্রের সঙ্গে স্বার্থের সংঘাত আছে এমন দেশ থেকে পারমাণবিক রিঅ্যাক্টর, ফুয়েল রড অথবা সমৃদ্ধ ইউরেনিয়াম কেনা যাবে না। তবে একটি ব্যতিক্রম রাখা হয়েছে। বলা হয়েছে, যদি বিকল্প কোনো সরবরাহকারী বা প্রযুক্তি না থাকে অথবা চুক্তি কার্যকর হওয়ার আগেই বিদ্যমান চুল্লির জন্য উপকরণ কেনার চুক্তি হয়ে থাকে, তবে তা এই নিষেধাজ্ঞার আওতামুক্ত থাকবে। অর্থাৎ রাশিয়ার প্রযুক্তি সহায়তায় নির্মিত রূপপুর পারমাণবিক বিদ্যুৎকেন্দ্রের জন্য জ্বালানি সরবরাহ অব্যাহত থাকতে পারে। তবে ভবিষ্যতের কোনো পারমাণবিক প্রকল্পের ওপর যুক্তরাষ্ট্রের নজর থাকবে। সেক্ষেত্রে এই ধারাগুলোর ফলে চীন-রাশিয়া যাদের সঙ্গে বাংলাদেশের সামরিক কেনাকাটা কিংবা জ্বালানি আমদানির সম্পর্ক আছে, তাদের সঙ্গে সম্পর্ক চাপে পড়তে পারে। কারণ এই চুক্তি বাংলাদেশেকে ধাপে ধাপে চীন, রাশিয়া থেকে আমেরিকামুখী করবে। যেখানে চীন, রাশিয়া তাদের বাংলাদেশের বাজার হারানোর শঙ্কায় থাকবে। এরফলে শুধু এসব দেশের সঙ্গে সর্ম্পক চাপে পড়তে পারে তা নয়, বাংলাদেশের স্বাধীন সিদ্ধান্ত নেওয়ার ক্ষমতাও দুর্বল হবে বলে মনে করেন ঢাকা বিশ্ববিদ্যালয়ের অধ্যাপক আবু হেনা রেজা হাসান। তিনি বলেন, ""বাংলাদেশ ডিফেন্সে আর কতটুকুই বা কিনবে। কিন্তু আমাদের ডিফেন্স যখন ওদের সিস্টেমের সঙ্গে ইন্টেগ্রেড হয়ে গেলো তখন আমাদের ডিফেন্স স্ট্রাটেজি তো ওদের স্ট্রাটেজির বাইরে যেতে পারবে না।"" অন্য দেশের সঙ্গে সম্পর্ক খারাপ হতে পারে এমন বিষয় আরো আছে। যেমন সেকশন চারে বলা হয়েছে, যদি মার্কিন যুক্তরাষ্ট্র তার জাতীয় স্বার্থ ও অর্থনৈতিক বিবেচনায় সীমান্ত ব্যবস্থাপনায় কোনো পদক্ষেপ গ্রহণ করে তাহলে বাংলাদেশকেও সেটা অনুসরণ করতে হবে। এছাড়া তৃতীয় কোনো দেশের কোম্পানি বাংলাদেশে বাজারমূল্যের চেয়ে কমদামে এমন কোনো পণ্য বিক্রি বা রপ্তানি করতে পারবে না যার কারণে আমেরিকার পণ্যের বিক্রি কমে যায়। অর্থনীতিবিদ ও সিপিডির ডিস্টিংগুইশড ফেলো মোস্তাফিজুর রহমান বিবিসি বাংলাকে বলেন, বাজারমূল্যের চেয়ে কমদামে পণ্য যেটা বলা হচ্ছে এটা নিয়ে চীনের সঙ্গে বাংলাদেশের সমস্যা হতে পারে। কারণ বাংলাদেশের ব্যবসায়ী বা ভোক্তার চীন থেকে কম দামে পণ্য কেনেন। এটাই স্বাভাবিক। তিনি বলেন, মূলত সরকারিভাবে কোনো প্রতিষ্ঠানকে ভর্তুকি দিলে সেই প্রতিষ্ঠান অনেক সময় কম মূল্যে পণ্য বিক্রি করার সক্ষমতা অর্জন করে। এটা আন্তর্জাতিক আইনের ব্যত্যয়। ""আমেরিকা তাদের এই বাজারমূল্যের চেয়ে কম দামের বিষয়টা দিয়ে সে জায়গাতেই বেশি ধরবে যেখানে মার্কিন যুক্তরাষ্ট্রের বাণিজ্য স্বার্থ হুমকিতে পড়েব। এখন ধরেন আমেরিকার যে বাণিজ্য স্বার্থ বাংলাদেশে আছে এবং সেখানে চীন থেকেও হয়তো একই জিনিসটা আমদানি হচ্ছে। কিন্তু চীন কম দামে সেটা দিচ্ছে। এসব জায়গায় আমেরিকা সরাসরি ধরবে যে, এটা আমার বাণিজ্য স্বার্থের সরাসরি পরিপন্থি।"" ""কিন্তু চীন বলবে যে, আমি তো এই কোম্পানিকে সরাসরি কোনো ভর্তুকি দেই না। তো এরকম নানাবিধ ঝুঁকি এসব ধারাকে কেন্দ্র করে আছে। যেখানে অর্থনীতি, ভূরাজনীতি সবই আছে। তারচেয়ে বড় কথা হচ্ছে, আমাদের ব্যবসায়ীরা যেখান থেকে কম দামে পাবেন, লাভ বেশি, সেখান থেকেই তো পণ্য আনবেন,"" বলেন মি. রহমান। চুক্তিতে পণ্যের মান নিয়ন্ত্রণ, ই-কর্মাসসহ আরো বিষয় আছে। ঢাকা বিশ্ববিদ্যালয়ের ইন্টারন্যাশনাল বিজনেস বিভাগের অধ্রাপক আবু হেনা রেজা হাসান বলছেন, মান নিয়ন্ত্রণের ক্ষেত্রে মার্কিন প্রতিষ্ঠানগুলোর অনুমোদন, মেধাসত্ত্ব আইন ইত্যাদির মাধ্যমে বাংলাদেশের উপর একধরনের নিয়ন্ত্রণ আরোপ হয়েছে আমেরিকার। ""এখানে আমেরিকার চালাকিটা হচ্ছে যে, পাল্টা শুল্কের কথা বলে তারা যেটা করেছে সেটা হলো, তাদের অ্যাডমিনিস্ট্রেটিভ প্রসিডিউর এবং লিগ্যাল সিস্টেমটাকে আমাদের উপর চাপিয়ে দিয়েছে। টেকনিক্যাল স্টান্ডার্ড, মেধাস্বত্ত্ব এগুলো দিয়ে ওরা আমাদের উপরে উঠে যাবে।"" ""আমরা ওদেরকে কোনো নন-ট্যারিফ বাধা বা কারিগরি মানের কথা বলে ওদের পণ্যে কোনো বাধা দিতে পারবো না। কিন্তু ওরা কিন্তু পারবে। ওরা বলবে দেখো, তোমার পণ্যের কারিগরি মান আমাদের মতো না। সুতরাং এই পণ্য নিতে পারবো না। কিন্তু আমরা এরকম কিছু বলতে পারবো না। কারণ তাদের কারিগরি মান তো বিশ্বব্যাপী গৃহীত। আমাদেরটা না। আমরা এখানে পিছিয়ে আছি,"" বলেন আবু হেনা রেজা হাসান। কিন্তু তাহলে এমন চুক্তি কেন করা হলো? এক্ষেত্রে সদ্য সাবেক অন্তর্বর্তী সরকারের প্রধান উপদেষ্টা মুহাম্মদ ইউনূস দায়িত্ব ছাড়ার আগে তার শেষ ভাষণে অবশ্য নানাবিধ সুবিধার কথা বলেছেন। দাবি করেছেন, এই চুক্তি বাণিজ্য তো বটেই, তার ভাষায় এমনকি আন্তর্জাতিক কূটনীতিতেও শক্তিশালী অবস্থান তৈরি করবে বাংলাদেশের। ""এই চুক্তির ফলে যুক্তরাষ্ট্রের বাজারে বাংলাদেশের জন্য প্রযোজ্য পারস্পরিক শুল্ক ৩৭ শতাংশ থেকে ১৯ শতাংশে কমে এসেছে। এই চুক্তির একটি বিশেষ দিক হচ্ছে, যুক্তরাষ্ট্রে উৎপাদিত তুলা ও কৃত্রিম তন্তু ব্যবহার করে তৈরি পোশাক পণ্যে শূন্য পারস্পরিক শুল্ক সুবিধা। এটা একটা মস্তবড় সুবিধা। এরমাধমে যুক্তরাষ্ট্রের বাজারে শুল্ক সুবিধা পাওয়ায় বাংলাদেশি পোশাক আরো কম দামে যুক্তরাষ্ট্রে প্রবেশ করবে,"" ভাষণে বলেন অধ্যাপক ইউনূস। ছবির উৎস,
FORMER CA PRESS WING তবে এই চুক্তিতে যা দেখা যাচ্ছে তার ভিত্তিতে বিশেষজ্ঞরা ভিন্ন কথা বলছেন। অর্থাৎ পাল্টা শুল্ক কমেছে, তৈরি পোশাকের বাজার ঠিক থাকছে। কিন্তু এরজন্য যেসব ছাড় দিতে হয়েছে প্রশ্ন সেসব নিয়ে। এমনকি যুক্তরাষ্ট্র থেকে তুলা আনতে গেলে সেটার যদি আবার খরচ বেশি পড়ে তাহলে তৈরি পোশাকে শূন্য শুল্ক পেলেও লাভ কমে যাবে বলে মূল্যায়ন আসছে। তবে সবচেয়ে বেশি বলা হচ্ছে, দেশের অর্থনীতি এবং বহির্বিশ্বের সঙ্গে সম্পর্ক জড়িত এমন একটি স্পর্শকাতর চুক্তি কেন শেষ সময়ে সই করা হলো? নির্বাচিত নতুন সরকারের জন্য কেন রাখা হলো না? তবে চুক্তি তো হয়েই গেছে। এখন প্রশ্ন হচ্ছে, বিএনপির নবগঠিত সরকার এই চুক্তি নিয়ে কী করবে? বিষয়টি নিয়ে নতুন সরকারের কেউই এখনো আনুষ্ঠানিক কোনো মন্তব্য করেননি। তবে চুক্তি প্রক্রিয়ায় যুক্ত ছিলেন অন্তর্বর্তী সরকারের এমন একজন উপদেষ্টা খলিলুর রহমান বিএনপির নতুন সরকারেও পররাষ্ট্রমন্ত্রী হিসেবে নিয়োগ পেয়েছেন। সবমিলিয়ে চুক্তি থেকে সরে আসার সুযোগ থাকলেও বাংলাদেশের জন্য সেটা করা কঠিন হবে বলে মত পাওয়া যাচ্ছে। নতুন ক্ষমতায় আসা বিএনপি সরকার এখনই সেই ঝুঁকি নেবে কি না সেটাও প্রশ্ন হয়ে দাঁড়িয়েছে।","https://ichef.bbci.co.uk/ace/ws/400/cpsprodpb/CA0A/production/_106822715_gettyimages-541284296.jpg.webp, https://ichef.bbci.co.uk/ace/ws/400/cpsprodpb/01e9/live/c5327070-0719-11f1-9972-d3f265c101c6.png.webp, https://ichef.bbci.co.uk/ace/ws/400/cpsprodpb/f151/live/446b9720-0bf9-11f1-b7e1-afb6d0884c18.jpg.webp, https://ichef.bbci.co.uk/ace/ws/400/cpsprodpb/6fc1/live/cc932790-0d65-11f1-b1f2-a50c2c5773ab.jpg.webp, https://ichef.bbci.co.uk/ace/ws/400/cpsprodpb/0b65/live/cc24c370-0d67-11f1-b1f2-a50c2c5773ab.jpg.webp",https://www.bbc.com/bengali/articles/c1jkx1kywpko
গাড়িতে ভ্রমণের সময় ঘন ঘন বমি হয় কেন?,"ছবির উৎস,
GETTY IMAGES গাড়িতে চলার সময়ে বমি হওয়া খুব পরিচিত একটি সমস্যা। চিকিৎসা বিজ্ঞানের ভাষায় এটিকে মোশন সিকনেস বলা হয়ে থাকে। ভ্রমণ করার সময়ে এমনটা কেন হয়? মন, চোখ ও শরীরের ভারসাম্যের মধ্যে সম্পর্ক কী? এটি কী প্রতিরোধ করা সম্ভব? মোশন সিকনেস হলো এমন এক অবস্থা যখন কোনো ব্যক্তি গাড়িতে ভ্রমণ করার সময়ে মাথাঘোরা, মাথাব্যাথা বা অস্থিরতায় ভোগেন ও বমি করেন। এই সমস্যা প্রায়ই দেখা দেয় কার, বাস, ট্রেন, জাহাজ বা উড়োজাহাজে ভ্রমণের সময়ে। কিছু মানুষ এই সমস্যায় আরো বেশি ভোগেন পাহাড়ি রাস্তায়। সাগর কিংবা আকাশে ভ্রমণের সময়ে যে ধরনের সমস্যা হয়, সেটির সাথে যানবাহনে সৃষ্ট সমস্যার মিল রয়েছে। ভারতের দিল্লির স্যার গঙ্গা রাম হাসপাতালের সিনিয়র কনসালট্যান্ট ডা. মহসিন ওয়ালী বলেন, ""আমরা যখন ভ্রমণ করি, তখন চোখ ও কান থেকে ভিন্ন সংকেত পায় মস্তিষ্ক""। ""আপনি যদি গাড়ি বা বাসে বসে থাকেন, নিচের দিকে তাকিয়ে থাকেন কিংবা কোনো বই পড়তে থাকেন তাহলে আপনার চোখ মস্তিষ্ককে বোঝাবে যে আপনি নড়ছেন না। কিন্তু আপনার কানের ব্যালেন্স সিস্টেম মস্তিষ্ককে ঠিকই জানাবে যে শরীরটা এক জায়গা থেকে আরেক জায়গায় সরছে,"" বলেন তিনি। তার মতে, এ ধরনের সংকেতগুলো শরীরকে বোঝায় যে বিষাক্ত কিছু শরীরে প্রবেশ করেছে। আর শরীর জানে যে বিষাক্ত কিছু বের করার একমাত্র উপায় হলো বমি করা। End of সর্বাধিক পঠিত এটি এড়ানোর একমাত্র উপায় হলো জানালা দিয়ে বাইরে দূরে তাকানো। এটি চোখ ও কান থেকে পাওয়া সংকেতের সঙ্গে মেলে এবং অস্বস্তি কমায়। ছবির উৎস,
GETTY IMAGES বিবিসি বাংলার সর্বশেষ খবর ও বিশ্লেষণ এখন সরাসরি আপনার ফোনে। ফলো করুন, নোটিফিকেশন অন রাখুন বিবিসি বাংলার সাথে থাকার জন্য ধন্যবাদ বিবিসি বাংলার হোয়াটসঅ্যাপ চ্যানেল ২০১৫ সালে প্রকাশিত বিবিসির সংবাদদাতা কাটিয়া মস্কভিচের করা প্রতিবেদন অনুসারে, মোশন সিকনেস একটি ব্যাধি। এতে ভোগেন প্রতি তিনজনে একজন। প্রতিবেদনে আরো বলা হয়েছিল যে মোশন সিকনেসে কে, কখন প্রভাবিত হবেন সেটির ভবিষ্যদ্বাণী করা সম্ভব নয় এবং এর কোনো নিরাময় নেই। ""মোশন সিকনেসের কারণ হলো আমাদের শরীরের ব্যালেন্স সিস্টেম সঠিকভাবে সমন্বয় বা তাল মেলাতে পারে না। মূলত কানের অভ্যন্তরে থাকা ব্যালেন্স অরগানের (ভেস্টিবুলার সিস্টেম) সাথে শরীরের এই ব্যালেন্স সিস্টেম সংযুক্ত""। এভাবে ব্যাখ্যা করেন অল ইন্ডিয়া ইনস্টিটিউট অব মেডিকেল সায়েন্সেসের (এআইআইএমএস) নিউরোলজি ডিপার্টমেন্টের ডা. মানজারি ত্রিপাঠি। তাদের ভাষ্য অনুযায়ী, যখন আমরা বাস, কার, ট্রেন বা উড়োজাহাজে ভ্রমণ করি, সে সময়ে চোখ, কান ও শরীরের অন্য অঙ্গপ্রত্যঙ্গ থেকে মস্তিষ্কে যে তথ্য যায় সেগুলো একটির সাথে আরেকটি মেলে না। এ বিষয়টি ব্যালেন্সের সঙ্গে সম্পৃক্ত রিসেপটরকে আরো সংবেদনশীল করে তোলে। ফলে ব্রেনস্টেম বা হাইপোথ্যালামাসের মতো মস্তিষ্কের কিছু অংশ উদ্দীপীত হয় এবং এতে করে মাথা ঘোরায় ও বমি হয়। একেবারে সহজ করে বললে, শরীরের নড়াচড়া বোঝে যে রিসেপটরগুলো, সেগুলোর সঙ্গে কানের অভ্যন্তরীণ ব্যালেন্স সিস্টেমে ব্যাঘাতই হলো মোশন সিকনেসের কারণ (কারণ আপনার চোখ যা দেখছে এবং ভেতরের কান ও পেশি থেকে আসা সংকেতের মধ্যে মিল খুঁজে পায় না)। ডা. ত্রিপাঠি বলেন, ""আমাদের শরীরের বিশেষ কিছু সেন্সর রয়েছে, যেগুলোকে আমরা রিসেপটর বলি। রিসেপটরগুলো বাহ্যিক ও অভ্যন্তরীণ পরিবর্তনগুলো বুঝে নিয়ে মস্তিষ্ককে সেগুলো জানায়""। বিবিসি বাংলার হোয়াটসঅ্যাপ চ্যানেল ফলো করতে এখানে ক্লিক/ট্যাপ করুন ছবির উৎস,
GETTY IMAGES ভ্রমণে বমি বমি ভাবের যে সমস্যা তা কিন্তু সবার জন্য এক না। কেউ কেউ যাত্রা শুরুর পরপরই অস্বস্তি অনুভব করে, অবার কেউ কেউ দীর্ঘ যাত্রার পর বমি বমি ভাবে ভোগেন। উঁচু-নিচু সড়ক, পাহাড়ি পথ, যানবাহনে ক্রমাগত ঝাঁকুনি এবং যানবাহনের ভেতরে থাকা বাজে গন্ধ এই সমস্যা বাড়িয়ে তুলতে পারে। ডা. মহসিন ওয়ালির মতে, আমাদের মস্তিষ্কে ফ্লুইড রয়েছে। ভ্রমণের সময়ে এই ফ্লুইড যখন নাড়া খায় তখন এটিতে কম্পন তৈরি হয় যা গলায় পৌঁছায়। গলা নড়াচড়ার ফলে সেই কম্পনগুলো চলে যায় মাথার খুলিতে। এই প্রক্রিয়া মস্তিষ্কের ব্যালেন্স বাধাগ্রস্ত করে এবং এর ফলে বমি বমি ভাব, মাথাঘোরা ও অস্বস্তির মতো সমস্যা তৈরি করে। যখন তা সহ্য করার মতো থাকে না, তখন বমি হয়। ডা. মহসিন বলেন, এই উপসর্গগুলোকে এক সাথে মোশন সিকনেস বলা হয়ে থাকে। তিনি বলেন যে ভ্রমণের সময়ে পাকস্থলীর অবস্থাটা বেশ গুরুত্বপূর্ণ। যারা খালি পেটে বা কিছু না খেয়ে ভ্রমণ করেন, পাকস্থলীতে থাকা ভেগাস নার্ভ (যেটি হৃদ্‌পিন্ড ও গলার নার্ভের সঙ্গে সম্পৃক্ত) আরো সক্রিয় হয়ে ওঠে। ভারী খাবারের পর যারা ভ্রমণ করেন তাদের বমি হতে পারে। এ জন্য চিকিৎসকেরা ভ্রমণের আগে হালকা খাবার খেতে পরামর্শ দেন। মহসিন ওয়ালি ব্যাখ্যা করেন যে মোশন সিকনেস সব সময় কেবল ভ্রমণ সম্পর্কৃত সমস্যা নয়। কখনো কখনো এটি হতে পারে মস্তিষ্কের কোনো ব্যাধির একটি উপসর্গ কিংবা ওষুধের কোনো পার্শ্বপ্রতিক্রিয়া। কিছু কিছু ক্ষেত্রে তো ব্রেন টিউমারের উপসর্গ পর্যন্ত হতে পারে মোশন সিকনেস। ফলে, ভ্রমণে ঘন ঘন বমি হলে চিকিৎসকের পরামর্শ নেওয়া জরুরি। End of বিবিসি বাংলায় আরো পড়তে পারেন: ছবির উৎস,
GETTY IMAGES ভ্রমণের সময়ে বমি করা এড়ানোর জন্য কী করবেন এবং কী করবেন না? ভারী খাবার এড়ানো – ডা. ওয়ালি ভ্রমণের একদম আগ দিয়ে খুব বেশি না খেতে পরামর্শ দিয়েছেন। খালি পেটে ভ্রমণ করবেন না— হালকা খাবার বা স্ন্যাক্স নিশ্চিত করুন। চিকিৎসকের পরামর্শ অনুযায়ী ওষুধ সেবন— প্রয়োজনে বমি প্রতিরোধকারী ওষুধ সেবন করা যেতে পারে। চলন্ত যানবাহনে ঘুমাবেন না– ঘুমন্ত অবস্থায় ভারসাম্য স্বাভাবিক থাকে না এবং বমির আশঙ্কা বাড়ে। বমি বমি অনুভব করলে সঙ্গে সঙ্গে থামুন– সড়কের পাশে যানবাহন থামান। উল্টো দিকে যান এবং এরপর পুনরায় যাত্রা শুরু করুন। অতিরিক্তি বমিকে উপেক্ষা নয়— আপনি যদি ক্রমাগত বমি করেন, একজন চিকিৎসকের সরণাপন্ন হোন। মনোযোগে ব্যাঘাত সৃষ্টিকারী বই বা মোবাইল ফোনের মতো বিষয়গুলো এড়িয়ে চলুন। ন্যাশনাল লাইব্রেরি অব মেডিসিনের একটি গবেষণাপত্রে বলা হয়েছে যে চলন্ত যানবাহনে বই পড়লে মোশন সিকনেস বাড়তে পারে। শরীরের অবস্থান স্থিতিশীল রাখুন। মাথা, কাঁধ, কোমর ও হাঁটুর নড়াচড়া কমান। সামনে দেখা যায় এমন আসনে বসুন কিংবা সামনের আসন পছন্দ করুন; যদি সম্ভব হয় নিজে গাড়ি চালান। নিকোটিন এড়িয়ে চলুন। যারা ধূমপান করেন, বমি করার সম্ভাবনা তাদের বেশি। আনন্দদায়ক গান শুনুন। ন্যাশনাল লাইব্রেরি অব মেডিসিনের ওয়েবসাইটে প্রকাশিত গবেষণাপত্রে বলা হয়েছে যে হালকা ধাঁচের, আনন্দদায়ক গান শুনলে বমি বমি ভাব কমে এবং এতে যাত্রাটি স্বস্তির হয়। ছবির উৎস,
GETTY IMAGES মানজারি ত্রিপাঠির মতে, পুরুষদের চেয়ে নারীরা মোশন সিকনেসে বেশি ভোগেন। এর নেপথ্যে বিভিন্ন শারীরিক ও হরমোনজনিত কারণ রয়েছে। বিশেষজ্ঞদের ধারণা, নারীদের জীবনযাত্রা পুরুষদের তুলনায় ভিন্ন এবং এই কারণে এই সমস্যা নারীদের মধ্যে বেশি। এর ব্যাখ্যায় ডা. মহসিন ওয়ালি বলেন, প্রাথমিক কারণটি হলো রক্তচাপ। নারীদের তুলনায় পুরুষদের গড় রক্তচাপ বেশি। নিম্ন রক্তচাপের ক্ষেত্রে মোশন সিকনেসের উপসর্গ দ্রুতই দেখা দিতে পারে। আরেকটি কারণ হলো পোশ্চারাল হাইপোটেনশন (এক ধরনের নিম্ন রক্তচাপ)। তাদের ভাষ্য অনুযায়ী, অনেক নারী গৃহস্থালী কাজে, বিশেষ করে রান্নাঘরে দীর্ঘ সময় ধরে দাঁড়িয়ে থাকেন। এভাবে টানা দাঁড়িয়ে থাকা রক্তচাপ কমার কারণ হতে পারে। এটিকে পোশ্চারাল হাইপোটেনশন বলা হয়ে থাকে। এর ফলে মাথাঘোরা, বমি বমি ভাব এবং মোশন সিকনেসের উপসর্গ বাড়তে পারে। মহসিন ওয়ালির মতে, নারীদের শরীরে নিয়মিত হরমোনের পরিবর্তন ঘটে। এটিও অন্যতম একটি কারণ। মেন্সট্রুয়েশন বা মাসিকের সময়ে শরীরে লবণ, পানি ও ইলেকট্রলাইটের ক্রমাগত পরিবর্তন হয়। মাসিকে বেশি রক্ত গেলে শরীরে রক্তচাপ আরো কমতে পারে। এতে মোশন সিকনেসের ঝুঁকি বাড়তে পারে বলে ব্যাখা করেন তিনি। ডা. ওয়ালি আরো বলেন, নারীদের মস্তিষ্ক পুরুষদের তুলনায় গড়ে ১৫০ মিলিলিটার ছোট। তিনি মনে করেন, এটি সম্ভবত মস্তিষ্কে বাইরের প্রভাবে নারীদের সহজেই প্রভাবিত করে। ডা. মহসিন ওয়ালির ভাষ্য অনুযায়ী, নিম্ন রক্তচাপ, পোশ্চারাল হাইপোটনেশন, হরমোনের পরিবর্তন এবং শরীরের গঠন - সবকিছুই নারীদের মধ্যে মোশন সিকনেসের প্রবণতা বেশি হবার কারণ।","https://ichef.bbci.co.uk/ace/ws/400/cpsprodpb/CA0A/production/_106822715_gettyimages-541284296.jpg.webp, https://ichef.bbci.co.uk/ace/ws/400/cpsprodpb/01e9/live/c5327070-0719-11f1-9972-d3f265c101c6.png.webp, https://ichef.bbci.co.uk/ace/ws/400/cpsprodpb/f151/live/446b9720-0bf9-11f1-b7e1-afb6d0884c18.jpg.webp, https://ichef.bbci.co.uk/ace/ws/400/cpsprodpb/6fc1/live/cc932790-0d65-11f1-b1f2-a50c2c5773ab.jpg.webp, https://ichef.bbci.co.uk/ace/ws/400/cpsprodpb/0b65/live/cc24c370-0d67-11f1-b1f2-a50c2c5773ab.jpg.webp",https://www.bbc.com/bengali/articles/c07xlr5m7jno
"এত এত প্রতিশ্রুতি, বিএনপি কি কথা রাখতে পারবে?","মঙ্গলবার শপথ নিচ্ছেন নির্বাচিত সংসদ সদস্যরা, একই দিন মন্ত্রিসভার শপথের মাধ্যমে সরকার গঠনেরও কথা রয়েছে। সরকারে গেলে বিএনপি কী করবে, তার ইশতেহার প্রকাশ করেছিল আগেই। এগুলো আদৌ কতটা বাস্তবায়ন করা সম্ভব? আর তা করা গেলেই বা কী ধরনের পরিবর্তন আসবে? তানহা তাসনিমের প্রতিবেদন... © 2026 বিবিসি। বাইরের কোন সাইটের তথ্যের জন্য বিবিসি দায়বদ্ধ নয়। বাইরের লিংক সম্পর্কে বিবিসির দৃষ্টিভঙ্গি সম্বন্ধে পড়ুন। Autoplay Play next item automatically Video quality Highest available Video quality Currently unavailable Low Medium Highest available Automatically selects the best quality available Settings Change the styling","https://ichef.bbci.co.uk/images/ic/512xn/p0n1f5tb.jpg.webp, https://ichef.bbci.co.uk/ace/ws/240/cpsprodpb/532c/live/5715ee20-0b45-11f1-b7e1-afb6d0884c18.jpg.webp, https://ichef.bbci.co.uk/ace/ws/240/cpsprodpb/5dce/live/70f4b0a0-0b41-11f1-b7e1-afb6d0884c18.jpg.webp, https://ichef.bbci.co.uk/ace/ws/240/cpsprodpb/0ba6/live/a2418830-05b1-11f1-9972-d3f265c101c6.jpg.webp, https://ichef.bbci.co.uk/ace/ws/240/cpsprodpb/2b67/live/bc87a5b0-0b58-11f1-9972-d3f265c101c6.jpg.webp",https://www.bbc.com/bengali/articles/cd9g2dlj7xgo
মাহদী হাসানের সঙ্গে দিল্লিতে ঠিক কী হয়েছিল?,"ছবির উৎস,
SCREEN GRAB বাংলাদেশের বৈষম্যবিরোধী ছাত্র আন্দোলনের হবিগঞ্জের নেতা মাহদী হাসানের সঙ্গে ভারতের রাজধানী দিল্লিতে ঠিক কী হয়েছিল, তা নিয়ে সামাজিক মাধ্যমে গত কদিন ধরেই নানা আলোচনা চলেছে। মি. হাসান বাংলাদেশে ফিরেছেন বুধবার বিকেলে। মাহদী হাসান বৈষম্যবিরোধী ছাত্র আন্দোলনের হবিগঞ্জ জেলা শাখার সাধারণ সম্পাদক। মাস খানেক আগে সামাজিক মাধ্যমে ছড়িয়ে পড়া একটি ভিডিওর কারণে তাকে নিয়ে আলোচনা তৈরি হয়। ওই ভিডিওতে দেখা যায়, শায়েস্তাগঞ্জ থানায় বসে প্রকাশ্যেই মি. হাসান ওসি আবুল কালামকে হুমকি দিচ্ছেন এই বলে যে, তারা বানিয়াচং থানা পুড়িয়েছেন এবং এস আই সন্তোষ চৌধুরীকে জ্বালিয়ে দিয়েছেন। এই বক্তব্য নিয়ে সমালোচনার মুখে গত জানুয়ারিতে তাকে গ্রেফতার করে পুলিশ। গ্রেফতারের প্রতিবাদে তার সমর্থকদের বিক্ষোভের প্রেক্ষাপটে তাকে মুক্তি দেওয়া হলে তা নিয়েও হয় সমালোচনা। সম্প্রতি তিনি দিল্লিতে গিয়েছিলেন পর্তুগালের ভিসা নিতে। সেখানেই তাকে কেউ একজন চিনে ফেলে এবং একটা ভিডিও রেকর্ড করে সামাজিক মাধ্যমে ছড়িয়ে দেয়। এরপরেই সক্রিয় হয়ে ওঠেন ভারতের গোয়েন্দা কর্মকর্তারা। ওই কর্মকর্তারা মঙ্গলবার আর বুধবার তার ওপরে কীভাবে নজর রেখেছিলেন আর শেষমেষ তার সঙ্গে ঠিক কী কী করা হয়েছে, তা জানতে পেরেছে বিবিসি বাংলা। এমন দুজন ব্যক্তির সঙ্গে বিবিসি বাংলা পৃথকভাবে কথা বলেছে, যারা গোটা ঘটনাক্রম সম্বন্ধে ওয়াকিবহাল। End of সর্বাধিক পঠিত অবশ্য তাদের নাম উল্লেখ করা হবে না, এই শর্তেই বিবিসি বাংলার সঙ্গে কথা বলেছেন। তারা দুজনেই বলেছেন যে, মাহদী হাসানকে শারীরিকভাবে নিগ্রহ করা হয়নি কোথাও। তবে এটা তাকে বুঝিয়ে দেওয়া হয়েছে, ""ভারত-বিরোধী কথা বলে এবং বাংলাদেশের এক হিন্দু পুলিশ কর্মকর্তাকে মেরে ফেলার প্রকাশ্য দাবি করে - এমন কোনো ব্যক্তিকে ভারতে অবস্থান করতে দেওয়া হবে না। তাকে এটাও বুঝিয়ে দেওয়া হয়েছে যে, নিজের দেশেই ফিরে যাওয়া ছাড়া তার অন্য কোনো উপায় নেই""। ওই দুইজনের দেওয়া তথ্যের ওপরে ভিত্তি করেই এই প্রতিবেদন। বিবিসি বাংলার হোয়াটসঅ্যাপ চ্যানেল ফলো করতে এখানে ক্লিক/ট্যাপ করুন ছবির উৎস,
SCREENGRAB বিবিসি বাংলার সর্বশেষ খবর ও বিশ্লেষণ এখন সরাসরি আপনার ফোনে। ফলো করুন, নোটিফিকেশন অন রাখুন বিবিসি বাংলার সাথে থাকার জন্য ধন্যবাদ বিবিসি বাংলার হোয়াটসঅ্যাপ চ্যানেল দিল্লির প্রাণকেন্দ্র কনট প্লেসে একটি বেসরকারি সংস্থার দফতরে মঙ্গলবার সকালে প্রথম দেখা যায় মাহদী হাসানকে। তার পাশে এক নারীও বসেছিলেন। ওই বেসরকারি সংস্থাটি বিভিন্ন দেশের দূতাবাসের হয়ে ভিসার আবেদন প্রক্রিয়াকরণ করে থাকে। জানা গেছে যে মি. হাসান এবং তার পাশে বসা নারী পর্তুগালের ভিসার জন্য আবেদন করতে গিয়েছিলেন। পর্তুগালের ভিসা নেওয়ার জন্য বাংলাদেশের নাগরিকদের দিল্লিতে আসতে হয়, সে জন্য ভারতীয় ভিসা লাগে। জানা গেছে যে, বাংলাদেশের ভারতীয় দূতাবাস মাহদী হাসানকে ভিসা দিয়েছিল। মি. হাসান এবং তার সঙ্গে আসা এক নারী নিউ দিল্লি রেল স্টেশনের কাছাকাছি পাহাড়গঞ্জ এলাকার একটি হোটেলে ওঠেন বলে বিবিসি বাংলা জানতে পেরেছে। কনট প্লেসের ওই ভিসা কেন্দ্রে অপেক্ষা করার সময়ে কেউ তার ভিডিও রেকর্ড করে নেয়। সেই ব্যক্তি যে কে, সেটা কেউ জানাতে চাননি। তবে তিনি যে মি. হাসানকে চিনতে পেরেছিলেন, এটা নিশ্চিত। ভিডিও রেকর্ডকারী ব্যক্তিও সেখানে ভিসা নিতেই গিয়েছিলেন। তবে সেই ব্যক্তি পর্তুগালের জন্য নয়, অন্য কোনো দেশের ভিসা পাওয়ার আবেদন জানাতে গিয়েছিলেন বলে বিবিসি বাংলা জানতে পেরেছে। ""মঙ্গলবার সকাল ১১টা নাগাদ মাহদী হাসানকে চিহ্নিত করা যায়। আমরা কিছুক্ষণের মধ্যে খবর পেয়ে যাই। সেই সময়েই পর পর তার কাছে ভারতীয় আর বাংলাদেশের নানা নম্বর থেকে ফোন আসতে শুরু করে। সেই সব ফোন কারা করছিল, সেটা বলব না, কিন্তু তখনই মাহদী হাসান আন্দাজ করে যে কোথাও একটা গন্ডগোল হয়েছে""। ""একটা নতুন দেশে এসে, যেখানে তাকে কেউ চেনে না – তার কাছে হঠাৎ করে কেন এত অজানা নম্বর থেকে ফোন আসবে! এটা তাকে চিন্তায় ফেলে দেয়। অন্যদিকে কর্মকর্তারা তার ওপরে নজর রাখা শুরু করেন,"" বিবিসি বাংলাকে জানাচ্ছিলেন পুরো ঘটনাক্রম সম্বন্ধে জানেন, এমন একটি সূত্র। অন্য সূত্রটি বলছে যে ওই ভিসা প্রক্রিয়াকরণ কেন্দ্র থেকে বেরিয়ে তিনি প্রথমে পুরোনো দিল্লির জামা মসজিদ এলাকায় গিয়েছিলেন। ""বেলা দুটো থেকে আড়াইটের মধ্যে তার (মাহদী) কাছে বাংলাদেশ থেকে কেউ জানায় যে সে চিহ্নিত হয়ে গেছে। তখন সে নিশ্চিত হয় যে অজানা নম্বরগুলো থেকে কারা, কেন ফোন করছিল। এরপরেই সে দিল্লিতে কয়েকটি জায়গায় গিয়েছিল আশ্রয়ের সন্ধানে। কেউই তাকে থাকতে দিতে রাজি হয়নি,"" বিবিসি বাংলাকে বলছিলেন একটি সূত্র। End of বিবিসি বাংলায় আরও পড়তে পারেন ছবির উৎস,
SCREENGRAB বিবিসি বাংলা যে দুজনের সঙ্গে কথা বলেছে, তাদের একজন জানিয়েছেন, মি. হাসান দিল্লি থেকেই ভিসা নিয়ে পর্তুগালের রাজধানী লিসবনে চলে যাওয়ার পরিকল্পনা করেছিলেন। তার সঙ্গে যে নারী ছিলেন, তিনি মি. হাসানেরই এক আত্মীয়া। ওই সূত্রটিই বলেছে যে, পরবর্তী সময়ে খরচের জন্য ক্রিপ্টো-কারেন্সি নিয়ে ভারতে এসেছিলেন মাহদী হাসান এবং তার পরিমাণ বাংলাদেশি টাকায় ৪০ লক্ষেরও বেশি। তবে অন্য সূত্রটি ""এটা আমার এখতিয়ারে পড়ে না"" বলে অর্থের পরিমাণ সম্বন্ধে কিছু জানাতে পারেননি। তিনি এটাও নিশ্চিত করতে পারেননি যে মি. হাসান দিল্লি থেকেই লিসবনে চলে যাওয়ার পরিকল্পনা করেছিলেন কি না। তবে মি. হাসানকে কেউ পরামর্শ দেন যে তিনি যেন পাহাড়গঞ্জের হোটেল থেকে সরে যান এবং বিমানবন্দরের কাছাকাছি কোনো হোটেলে ওঠেন। পাহাড়গঞ্জের হোটেল থেকে কাউকে দিয়ে তিনি নিজের ব্যাগ-সুটকেস আনিয়ে বিমানবন্দরের কাছাকাছি একটি হোটেলে ওঠেন মঙ্গলবার সন্ধ্যায়। দিল্লি-ঢাকা ইন্ডিগোর বিমানের টিকিট তাকে পৌঁছিয়ে দেওয়া হয় রাতেই। ছবির উৎস,
PRAKASH SINGH/BLOOMBERG VIA GETTY IMAGES একদিকে মাহদী হাসানের ওপরে নজর রাখা যেমন চলছিল, অন্যদিকে ভারতীয় কর্মকর্তারা খোঁজ করছিলেন যে ""ভারতবিরোধী কথা বলা কোনো ব্যক্তিকে ঢাকার ভারতীয় দূতাবাস ভিসা কী করে দিল""- সেই প্রশ্নের উত্তর। একটি সূত্র বলছে, ""সে সম্ভবত বাংলাদেশে কোনো এজেন্টকে দিয়ে ভারতের ভিসা জোগাড় করেছিল। আর তার বিরুদ্ধে ভারতে তো কোনো মামলা নেই। সে পর্তুগালের ভিসা নেওয়ার জন্য ভারতে আসতে চেয়েছিল। তাই কীভাবে তার ভিসার আবেদন বাতিল করা যেত?"" অন্য সূত্রটি জানাচ্ছে, ""যেভাবেই ভিসা জোগাড় করে থাক সে, তার ভিসা রাতেই বাতিল করানো হয়েছে। সেই খবর অবশ্য সে আগে জানতে পারেনি""। দুটি সূত্রই বলছে যে মাহদী হাসান এটা মঙ্গলবার সন্ধ্যার মধ্যেই বুঝে গিয়েছিলেন যে তার পক্ষে আর এক দিনও ভারতে থাকা সম্ভব না। এমনকি পর্তুগালের ভিসার জন্য তাকে কনট প্লেসের ওই বেসরকারি সংস্থা দফতরে বুধবার সকালে দ্বিতীয়বার যেতে বলা হলেও সেখানে যে তিনি যেতে পারবেন না, এটা বুঝে গিয়েছিলেন। ""বিমানবন্দরের কাছের ওই হোটেলে সকালের জলখাবার খেয়ে ৮টা ১০ মিনিটে সে রওনা দেয়, আর ৮টা ৫০ মিনিট নাগাদ সিকিউরিটি চেক করতে এগোয়,"" বিবিসিকে জানিয়েছে দুটি সূত্রই। তারা দুজনে জানাচ্ছেন যে, ইন্ডিগোর ১২টা ৪০ মিনিটের ফ্লাইটের টিকিট ছিল তার কাছে। এটা দিল্লি বিমানবন্দরে একটি সেলফি ভিডিও করার সময়ে নিজেও জানিয়েছিলেন তিনি। ওই ভিডিওটি তিনি সামাজিক মাধ্যমে আপলোডও করেছেন। সেখান তিনি হয়রানির শিকার হওয়ার অভিযোগও করেছেন। একটি সূত্র বলছে, মাহদী ""বিমান সংস্থার চেক ইন কাউন্টারে গিয়ে তিনি নিজের বোর্ডিং পাস সংগ্রহ করে সিকিউরিটি চেকের জন্য এগোন""। ""নিরাপত্তা চেকিংয়ের জন্য তিনি নিজের লাগেজ স্ক্যানারের কনভেয়র বেল্টে দেন। লাগেজ এগিয়ে যায়, তিনি লাইনে দাঁড়িয়েছিলেন। সেই সময়েই এক ভারতীয় কর্মকর্তা তাকে একটু সরে আসতে বলেন,"" বিবিসিকে জানিয়েছে একটি সূত্র। নিরাপত্তা চেকিংয়ের লাইন থেকে তাকে সরিয়ে এনে শুরু হয় জেরা। ""বিভিন্ন এজেন্সির কর্মকর্তারা তাকে জেরা করেন, খুব শান্তভাবে, কোনো শারীরিক নিগ্রহ ছাড়াই,"" বলছে দুটি সূত্রই। তাদের একজন বলছেন, যে মি. হাসান যদি কোনো অপরাধ করে থাকেন, সেটা তো বাংলাদেশের বিষয়, ভারত কেন সেখানে মাথা ঘামাবে। তবে একটি সূত্র বলছে, ""আমাদের তিনটে পয়েন্ট ছিল। প্রথমত সে ভারতকে অপমান করেছে, কটূ কথা বলেছে। দ্বিতীয়ত সে একজন পুলিশ কর্মকর্তাকে হত্যা করেছে বলে প্রকাশ্যে দাবি করেছে, তাই সে একজন সন্দেহভাজন ক্রিমিনাল। তৃতীয় পয়েন্টটাই সবথেকে গুরুত্ব পেয়েছে আমাদের কাছে, সে একজন হিন্দু অফিসারকে মেরেছে বলে দাবি করেছে। এত কিছুর পরেও সে দিল্লিতে আসবে আর এখান থেকে অন্য কোনো দেশে চলে যাবে, আর আমরা চুপ করে বসে থাকব?"" প্রায় আধঘণ্টা তাকে জেরা করা হয় দিল্লির বিমানবন্দরেই। দুটি সূত্রই জানাচ্ছে, তাকে কোনোরকম শারীরিক নিগ্রহ করা হয়নি। ছবির উৎস,
NURPHOTO VIA GETTY IMAGES দিল্লি থেকে বুধবার বিকেলে ইন্ডিগোর বিমানে বাংলাদেশে ফিরেছেন মাহদী হাসান। বিমানবন্দরেই কয়েকজন সাংবাদিক তাকে ঘিরে ধরে জানতে চান যে দিল্লিতে তার সঙ্গে ঠিক কী হয়েছিল। গোড়ায় তিনি সংবাদ মাধ্যমের সঙ্গে কথা বলতে চাইছিলেন না। অপেক্ষমান গাড়ির দিকে হাঁটতে হাঁটতেই তিনি বলেন, ""বলব আমরা, জানাবো, জানাবো""। এরপরে তিনি বলেন, ""আমাকে এসএডি লিডার, বৈষম্যবিরোধী নেতা বলে আটক করা হয়েছিল। তারপর হচ্ছে আমাকে প্রচন্ড হ্যারাস করা হয়েছে। আমি ফুল লাইফ রিস্কে ছিলাম""। ""এটা আমি বলে না, যে কোনো অন্য একটা দেশের নাগরিককে যে নিরাপত্তা দেওয়ার কথা, সেটা দেয় নাই। সো এইটা আমরা ডিটেইলসে জানাবো পরে,"" সংবাদ মাধ্যমকে জানান তিনি। একজন সাংবাদিক তাকে প্রশ্ন করেছিলেন, ""আপনার ওয়ালেটে নাকি ক্রিপ্টো কারেন্সি পাওয়া গিয়েছিল, সেই বিষয়টা যদি ক্লিয়ার করেন""। জবাবে তিনি বলেন যে ওগুলো 'গুজব'। বাংলাদেশে ফেরার পরেও বিমানবন্দরেও এক দফা জেরার মুখে পড়তে হয়, সেটাও জানান মি. হাসান। ""আমাকে আটকানো হয়েছিল, জিজ্ঞাসাবাদ করা হয়েছে বাংলাদেশেও। পরবর্তীকালে আমাকে ক্লিয়ারেন্স দেওয়া হয়,"" মন্তব্য মাহদী হাসানের। ভারতের যে দুটি সূত্র থেকে মাহদী হাসানকে ঘিরে দিল্লির ঘটনাবলী সম্পর্কে বিবিসি বাংলা জানতে পারে, সেই ব্যাপারে তার বক্তব্য জানতে দুদিন ধরে তার সঙ্গে যোগাযোগের চেষ্টা করেছি আমরা। কিন্তু কোনোভাবেই তার সঙ্গে ফোনে কথা বলা যায়নি।","https://ichef.bbci.co.uk/ace/ws/400/cpsprodpb/CA0A/production/_106822715_gettyimages-541284296.jpg.webp, https://ichef.bbci.co.uk/ace/ws/400/cpsprodpb/01e9/live/c5327070-0719-11f1-9972-d3f265c101c6.png.webp, https://ichef.bbci.co.uk/ace/ws/400/cpsprodpb/f151/live/446b9720-0bf9-11f1-b7e1-afb6d0884c18.jpg.webp, https://ichef.bbci.co.uk/ace/ws/400/cpsprodpb/6fc1/live/cc932790-0d65-11f1-b1f2-a50c2c5773ab.jpg.webp, https://ichef.bbci.co.uk/ace/ws/400/cpsprodpb/0b65/live/cc24c370-0d67-11f1-b1f2-a50c2c5773ab.jpg.webp",https://www.bbc.com/bengali/articles/c620x6zzlv4o
এই রমজানে সবচেয়ে দীর্ঘ সময় রোজা রাখতে হবে কোথায়?,"ছবির উৎস,
GETTY IMAGES চাঁদ দেখার ওপর নির্ভর করে কোথাও কোথাও গত বুধবার এবং বাংলাদেশসহ কোনো কোনো জায়গায় বৃহস্পতিবার থেকে রমজান মাস শুরু হয়েছে। ইসলামের অনুসারীদের অনেকে এই মাসে টানা ২৯ থেকে ৩০ দিন প্রতিদিন সূর্যোদয় থেকে সূর্যাস্ত পর্যন্ত রোজা রাখবেন। রমজানের সঠিক তারিখ প্রতি বছর পরিবর্তিত হয়, কারণ ইসলামিক ক্যালেন্ডার চাঁদের অবস্থান অনুযায়ী চলে। সাধারণত প্রতি বছর রমজান প্রায় ১১ দিন করে এগিয়ে আসে। দিনের বেলায় খাবার ও পানীয় থেকে বিরত থাকার মাধ্যমে রোজা পালনের জন্য কিছু নির্দিষ্ট শর্ত মানতে হয়—বিশেষত স্বাস্থ্য-সংক্রান্ত বিষয়গুলোকে কেন্দ্র করে। বিবিসি বাংলার হোয়াটসঅ্যাপ চ্যানেল ফলো করতে এখানে ক্লিক/ট্যাপ করুন বর্তমানে দক্ষিণ গোলার্ধে গ্রীষ্মকাল চলছে। ফলে দিনের সময় দীর্ঘ হওয়ায় এখানে রোজার সময়ও বেশি হয়, যা শীতকালের তুলনায় দীর্ঘতর। উল্টোভাবে, উত্তর গোলার্ধে এখন শীত, তাই এখানে রোজার সময়কাল সেই অঞ্চলে রমজান গ্রীষ্মে পড়লে যে সময় লাগত, তার তুলনায় কম। এক স্থান থেকে অন্য স্থানে দিনের দৈর্ঘ্য ভিন্ন হয়—ভূ-মধ্যরেখা থেকে কোনো স্থান যত দূরে, গ্রীষ্মে দিন তত লম্বা এবং শীতে রাত তত বড় হয়। End of সর্বাধিক পঠিত উদাহরণ হিসেবে বলা যায়, চিলির পুয়ের্তো উইলিয়ামস—যা প্রায়ই বিশ্বের সর্বদক্ষিণের শহর হিসেবে বিবেচিত—সেখানে এবার রমজানের শুরুতে প্রায় সকাল ৬টা ৩০ মিনিট থেকে রাত ৯টা পর্যন্ত প্রায় সাড়ে ১৪ ঘণ্টা রোজা রাখতে হবে। ছবির উৎস,
POSNOV / GETTY IMAGES কিন্তু নরওয়ের লংইয়ারবিয়েন—যা সাধারণত বিশ্বের সর্বউত্তরের শহর বা স্থায়ী বসতি হিসেবে বিবেচিত—সেখানে রমজানের শুরুর সময় রোজা রাখতে হবে আনুমানিক সকাল ১০টা ৫০ মিনিট থেকে দুপুর ১টা ৩০ মিনিট পর্যন্ত। অর্থাৎ, কেবল আড়াই ঘণ্টার কিছু বেশি সময় রোজা রাখতে হবে। দিন বড় হতে থাকলে রমজানের শেষ দিনে সেখানে রোজার সময় দাঁড়াবে সাড়ে ১২ ঘণ্টা। তবে চরম ভৌগোলিক অঞ্চলে বসবাসকারী মুসলমানরা প্রায়ই মক্কার সময় অনুসরণ করেন, যাতে ইফতার বা সেহরির জন্য পর্যাপ্ত সময় না পাওয়া বা রোজা পালন করা কঠিন হয়ে ওঠার মতো পরিস্থিতি এড়ানো যায়। ছবির উৎস,
GETTY IMAGES বিশ্বের উত্তর গোলার্ধে রমজান যখন প্রায় ২১শে জুনের কাছাকাছি পড়ে তখন সবচেয়ে দীর্ঘ রোজার সময় হয়, আর যখন ২১শে ডিসেম্বরের কাছাকাছি পড়ে তখন সবচেয়ে ছোট সময়ের রোজা হয়। দক্ষিণ গোলার্ধে এর উল্টোটি ঘটে—রমজান প্রতিবছর ডিসেম্বরের দিকে এগোতে থাকলে রোজার সময় দীর্ঘতর হয়, আর জুনের দিকে এগোলে সময় কমতে থাকে। আরব বিশ্বের বহু অঞ্চলে রোজার সময় প্রতিদিন ১২ থেকে ১৩ ঘণ্টার মধ্যে থাকবে, যা ২০২৬ সালের রমজানকে সাম্প্রতিক বছরের তুলনায় অপেক্ষাকৃত মধ্যম-দৈর্ঘ্যের রোজার মৌসুম করে তুলছে। পবিত্র নগরী মক্কায় রমজানের শুরুতে প্রায় সকাল ৬টা ৫০ মিনিটে রোজা শুরু হয়ে সন্ধ্যা ৬টা ২০ মিনিটে শেষ হবে, অর্থাৎ সাড়ে ১১ ঘণ্টার মতো রোজা রাকতে হবে। মাসের শেষে এ সময় আরও আধ ঘণ্টা বাড়বে। ছবির উৎস,
SAUDI PRESS AGENCY VIA REUTERS দক্ষিণ গোলার্ধের বড় বড় জনবসতিপূর্ণ অঞ্চলে বসবাসকারী মুসলমানদের রোজার সময় অপেক্ষাকৃত দীর্ঘ হবে। উদাহরণস্বরূপ, আর্জেন্টিনার রাজধানী বুয়েন্স আয়ার্সে রমজানের শুরুতে রোজা রাখতে হবে ১৩ ঘণ্টা ১৫ মিনিট। নিউজিল্যান্ডের অকল্যান্ডেও রমজান প্রায় একই দৈর্ঘ্যের রোজার সময় দিয়ে শুরু হবে। ছবির উৎস,
ANADOLU VIA GETTY IMAGES উভয় শহরেই পবিত্র মাসের শেষে রোজার সময় প্রায় এক ঘণ্টা কমে যাবে। কারণ সে সময় দক্ষিণ গোলার্ধে দিনের দৈর্ঘ্য কমতে থাকে, ফলে দিনের আলোও কম থাকে। তবে সর্বউত্তর অঞ্চলে রোজার সময় মাসজুড়ে উল্লেখযোগ্যভাবে পরিবর্তিত হবে। উদাহরণ হিসেবে গ্রিনল্যান্ডের রাজধানী নুক-এ রমজানের শুরুতে রোজার সময় থাকবে প্রায় ৯ ঘণ্টা, যা মাসের শেষে বেড়ে ১২ ঘণ্টারও বেশি হবে। ছবির উৎস,
GETTY IMAGES এ বছর রোজার সময়টাকে বেশ সহজ বলে মনে করা হচ্ছে, কারণ রমজান জুন বা জুলাইয়ে পড়লে উচ্চ অক্ষাংশের অনেক অঞ্চলে দিনের আলোর সময় নাটকীয়ভাবে বেড়ে যায়। নরওয়ে, রাশিয়া ও গ্রিনল্যান্ডের কিছু অংশে রমজান দীর্ঘ গ্রীষ্মের দিনে পড়লে মুসলমানদের প্রতিদিন প্রায় ২০ ঘণ্টা রোজা রাখতে হতে পারে। উত্তর গোলার্ধে এ বছর রোজার সময় গত বছরের তুলনায় কিছুটা কম হবে এবং ২০৩১ সাল পর্যন্ত সামগ্রিকভাবে আরও কমতে থাকবে। ওই বছর রমজান শীতকালে বা ডিসেম্বরে পড়বে। আর দক্ষিণ গোলার্ধে ২০৩১ সাল পর্যন্ত প্রতিবছর রোজার সময় বাড়তে থাকবে। ছবির উৎস,
EPA রমজানে রোজা রাখা ইসলাম ধর্মের পাঁচটি স্তম্ভের একটি, যা মুসলমানদের জীবনযাপনের মূল ভিত্তি নির্ধারণ করে। রোজার উদ্দেশ্য হলো আধ্যাত্মিক চর্চাকে উৎসাহিত করা। মুসলমানরা রোজা শুরুর জন্য ভোরের আগে খাবার খান, যা 'সাহরি' বা 'সুহুর' নামে পরিচিত। দিনের আলো চলাকালে তারা কোনোরূপ খাবার বা পানীয়—এমনকি পানিও—গ্রহণ করতে পারেন না। আর সূর্যাস্তের পর 'ইফতার' বা 'ফিতুর' নামে পরিচিত সন্ধ্যার খাবারের মাধ্যমে রোজা ভঙ্গ করেন। ইসলাম স্বাস্থ্যকে কঠোর আনুগত্যের ওপর অগ্রাধিকার দিয়ে রোজা থেকে কিছু মানুষকে অব্যাহতি দেয়। এর মধ্যে রয়েছে–– বয়ঃসন্ধিতে না পৌঁছানো শিশু, গর্ভবতী বা বুকের দুধ খাওয়ানো নারী, ঋতুমতী নারী, অসুস্থ ব্যক্তি বা যাদের স্বাস্থ্যের ওপর রোজার প্রভাব পড়তে পারে এবং যারা ভ্রমণে আছেন। সূর্যোদয় ও সূর্যাস্ত সময়ের উৎস: মার্কিন ন্যাশনাল ওশেনিক অ্যান্ড অ্যাটমসফিয়ারিক অ্যাডমিনিস্ট্রেশন (এনওএএ) গ্লোবাল মনিটরিং ল্যাবরেটরি অতিরিক্ত প্রতিবেদন: সের্জি ফোরকাদা ফ্রেক্সাস, অ্যান্ড্রু ওয়েব এবং ইথার শালাবি ছবির উৎস,
GETTY IMAGES","https://ichef.bbci.co.uk/ace/ws/400/cpsprodpb/CA0A/production/_106822715_gettyimages-541284296.jpg.webp, https://ichef.bbci.co.uk/ace/ws/400/cpsprodpb/01e9/live/c5327070-0719-11f1-9972-d3f265c101c6.png.webp, https://ichef.bbci.co.uk/ace/ws/400/cpsprodpb/f151/live/446b9720-0bf9-11f1-b7e1-afb6d0884c18.jpg.webp, https://ichef.bbci.co.uk/ace/ws/400/cpsprodpb/6fc1/live/cc932790-0d65-11f1-b1f2-a50c2c5773ab.jpg.webp, https://ichef.bbci.co.uk/ace/ws/400/cpsprodpb/0b65/live/cc24c370-0d67-11f1-b1f2-a50c2c5773ab.jpg.webp",https://www.bbc.com/bengali/articles/cp9m1k970jyo
সামান্য একটি ইট থেকে যেভাবে বহু বছর নির্যাতনের শিকার এক শিশুর খোঁজ পেলেন গোয়েন্দারা,"সতর্কতা: এই নিবন্ধে যৌন নির্যাতন সম্পর্কিত বিস্তারিত তথ্য রয়েছে। নির্যাতনের শিকার একটি মেয়েকে উদ্ধার করার চেষ্টায় দিশাহীন অবস্থায় পড়ে গিয়েছিলেন অনলাইন তদন্তের বিশেষজ্ঞ গ্রেগ স্কয়ার। তার দল মেয়েটির নাম দিয়েছিল 'লুসি'। ডার্ক ওয়েবে মেয়েটির অস্বস্তিকর ছবি শেয়ার করা হচ্ছিলো। আর তা ইন্টারনেটের এনক্রিপ্ট করা এমন এক জায়গা ছিল যেখানে কেবল বিশেষ সফ্টওয়্যার ব্যবহার করে প্রবেশ করা যায়। ফলে ওয়েবসাইটের মালিকদের ডিজিটালি খুঁজে পাওয়া অসম্ভব হয়ে উঠেছিল। স্কয়ার জানান, এই পদ্ধতি থাকা সত্ত্বেও কোনো শনাক্তকারী বৈশিষ্ট্য ছেঁটে ফেলা বা পরিবর্তনের বিষয়ে নির্যাতনকারীরা সচেতন ছিল যেন তাদের ট্র্যাক করা বা খুঁজে পাওয়া না যায়। লুসি কে বা কোথায় থাকে তা বের করা প্রায় অসম্ভব ছিল। দ্রুতই তিনি আবিষ্কার করেন, ১২ বছর বয়সী মেয়েটির অবস্থানের ক্লু বা সূত্র সবার চোখের সামনেই লুকানো ছিল। মার্কিন হোমল্যান্ড সিকিউরিটি বা স্বরাষ্ট্র নিরাপত্তা বিভাগের একটি অভিজাত ইউনিটে দায়িত্বরত আছেন স্কয়ার। বিভাগটির কাজ হলো কোনো শিশু যৌন নির্যাতনের শিকার হলে তার অবস্থান শনাক্তের চেষ্টা। বিবিসি ওয়ার্ল্ড সার্ভিসের একটি দল পাঁচ বছর ধরে স্কয়ার এবং পর্তুগাল, ব্রাজিল ও রাশিয়ার অন্যান্য তদন্তকারী ইউনিটের সঙ্গে থেকে ভিডিও ধারণ করেছে। ওই তদন্তকারীরা এসময়ে রাশিয়ায় অপহৃত ও মৃত ধরে নেওয়া সাত বছর বয়সী এক শিশু এবং ডার্ক ওয়েবে শিশু নির্যাতন সংক্রান্ত পাঁচটি বড় ফোরাম পরিচালনার পেছনে দায়ী এক ব্রাজিলিয়ান ব্যক্তির গ্রেফতারের মতো মামলাগুলো সমাধান করেছেন। End of সর্বাধিক পঠিত এই অভূতপূর্ব সুযোগ দেখিয়েছে যে কীভাবে এই মামলাগুলো অত্যাধুনিক প্রযুক্তির মাধ্যমে নয়, বরং ছবি বা চ্যাট ফোরামের ছোটো ছোটো তথ্য শনাক্ত করে সমাধান করা হয়। বিবিসি বাংলার সর্বশেষ খবর ও বিশ্লেষণ এখন সরাসরি আপনার ফোনে। ফলো করুন, নোটিফিকেশন অন রাখুন বিবিসি বাংলার সাথে থাকার জন্য ধন্যবাদ বিবিসি বাংলার হোয়াটসঅ্যাপ চ্যানেল স্কয়ার জানান, কর্মজীবনের শুরুর দিকে তিনি যে 'লুসি'র মামলাটি নিয়ে কাজ করেছিলেন, সেটিই পরবর্তী সময়ে তার কাজের প্রেরণা হয়ে ওঠে। লুসি তার নিজের মেয়ের সমবয়সী হওয়ায় বিষয়টি তাকে বিশেষভাবে নাড়া দিয়েছিল। তার ওপর নিয়মিত নতুন নতুন ছবি প্রকাশিত হচ্ছিলো, যেগুলো দেখে মনে হচ্ছিলো মেয়েটি নিজের শোবার ঘরেই নির্যাতনের শিকার। ছবিতে থাকা লাইট সকেট আর বৈদ্যুতিক আউটলেটের ধরন দেখে স্কয়ার ও তার দল ধারণা করতে পেরেছিলেন যে লুসি উত্তর আমেরিকায় রয়েছে। কিন্তু তার বেশি কিছু না। সে সময় সামাজিক যোগাযোগমাধ্যমগুলোর মধ্যে প্রাধান্য পাওয়া ফেসবুকের সঙ্গে যোগাযোগ করে সেখানে আপলোড করা পারিবারিক ছবির কোথাও লুসি আছে কি না তা খতিয়ে দেখতে প্ল্যাটফর্মটির সহায়তা চান তারা। কিন্তু ফেসবুকের কাছে মুখ শনাক্তকরণ প্রযুক্তি থাকা সত্ত্বেও তারা জানায়, এবিষয়ে সহায়তা করার মতো ""প্রয়োজনীয় সরঞ্জাম নেই"" তাদের কাছে। এরপর স্কয়ার আর তার সহকর্মীরা লুসির ঘরের বিছানার চাদর থেকে শুরু করে তার পোশাক, খেলনা পুতুলসহ দৃশ্যমান প্রতিটি বিষয় বিশ্লেষণ করতে শুরু করেন, যা তাদের কোনোভাবে সহায়তা করতে পারে। তারা ছোট কিন্তু গুরুত্বপূর্ণ একটি সূত্র খুঁজে পান। কয়েকটি ছবিতে তারা একটি সোফা দেখতে পান, যেটা সারা দেশে নয়, বরং বিক্রি হতো নির্দিষ্ট একটি অঞ্চলে। ফলে সম্ভাব্য ক্রেতার পরিসরও ছিল তুলনামূলকভাবে সীমিত। তবে সেই সংখ্যাও প্রায় ৪০ হাজারের কাছাকাছি। ""তদন্তের ওই পর্যায়েও আমরা যুক্তরাষ্ট্রের ২৯টি অঙ্গরাজ্য নিয়ে কাজ করছি। অর্থাৎ হাজার হাজার ঠিকানা—যা সত্যিই খুব কঠিন একটি কাজ,"" বলেন স্কয়ার। End of আরও পড়তে পারেন: তদন্তকারীরা আরও সূত্রের খোঁজ শুরু করেন। তখনই তারা উপলব্ধি করেন, লুসির শোবার ঘরের উন্মুক্ত ইটের দেয়ালের মতো সাধারণ একটি বিষয়ও তাদের জন্য গুরুত্বপূর্ণ সূত্র হয়ে উঠতে পারে। স্কয়ার বলেন, ""আমি গুগলে ইট সম্পর্কে খোঁজ শুরু করি এবং খুব দ্রুতই ব্রিক ইন্ডাস্ট্রি অ্যাসোসিয়েশনের সন্ধান পেয়ে যাই""। ""ফোনের ওপারে থাকা নারীটি অসাধারণ ছিলেন। তিনি জানতে চেয়েছিলেন, ইট শিল্প কীভাবে সাহায্য করতে পারে?"" তিনি ছবিটি সারা দেশের ইট বিশেষজ্ঞদের সঙ্গে শেয়ার করার প্রস্তাব দেন। স্কয়ারের ভাষ্য অনুযায়ী, প্রায় সঙ্গে সঙ্গেই সাড়া আসে। যারা যোগাযোগ করেন তাদের একজন ছিলেন জন হার্প, যিনি ১৯৮১ সাল থেকে ইট বিক্রির সঙ্গে যুক্ত। ""আমি লক্ষ্য করি ইটটির রঙে গোলাপি আভা রয়েছে আর তার ওপর সামান্য চারকোলের প্রলেপ আছে। এটি ছিল আট ইঞ্চির মডুলার ইট এবং প্রান্তগুলো ছিল সমকোণী। এটা দেখেই আমি বুঝে গিয়েছিলাম ইটটি কী ধরনের,"" বলেন তিনি। স্কয়ারকে তিনি জানান, সেটি ছিল ""ফ্লেমিং আলামো""। তিনি আরও বলেন, ""(আমাদের কোম্পানি) ষাটের দশকের শেষভাগ থেকে আশির দশকের মাঝামাঝি পর্যন্ত ওই ইট তৈরি করেছে এবং আমি সেই কারখানা থেকে লক্ষ লক্ষ ইট বিক্রি করেছি""। শুরুতে স্কয়ার ভীষণ উচ্ছ্বসিত হয়ে উঠেছিলেন। তার ধারণা ছিল, তারা হয়তো কোনো ডিজিটাল গ্রাহক তালিকা পাবেন। কিন্তু হার্প তাকে জানান, বিক্রির নথিগুলো আসলে ছিল বহু দশক আগের জমে থাকা ""নোটের স্তূপ"" মাত্র। তবে ইট সম্পর্কে হার্প একটি গুরুত্বপূর্ণ তথ্য দেন বলে জানান স্কয়ার। ""তিনি বললেন, 'ইটটি ভারী', আর 'ভারী ইট খুব দূরে যায় না'।"" এই কথাটিই সব বদলে দেয়। দলটি আবার সোফার ক্রেতাদের তালিকা নিয়ে বসে এবং সেখান থেকে যুক্তরাষ্ট্রের দক্ষিণ-পশ্চিমাঞ্চলে অবস্থিত হার্পের ইট কারখানা থেকে ১০০ মাইলের মধ্যে বসবাস করা গ্রাহকদের চিহ্নিত করে। ৪০ বা ৫০ জনের তালিকায় থাকা ব্যক্তিদের সামাজিক যোগাযোগমাধ্যম খুঁজে পাওয়া তুলনামূলকভাবে সহজ ছিল। সেখান থেকেই ফেসবুকে তারা লুসির একটি ছবি খুঁজে পান। ছবিতে লুসির পাশে ছিল এক প্রাপ্তবয়স্ক নারী, যাকে দেখে মেয়েটির ঘনিষ্ঠ কোনো আত্মীয় মনে হচ্ছিলো। তদন্তকারীরা ওই নারীর ঠিকানা খুঁজে বের করেন। এরপর সেই সূত্র ধরে তার সঙ্গে সংশ্লিষ্ট অন্যান্য সব ঠিকানা এবং তিনি যাদের সঙ্গে কখনো বসবাস করেছেন, তাদের পরিচয় বের করেন। এর ফলে লুসির সম্ভাব্য অবস্থান আরও কাছাকাছি চলে আসে। কিন্তু তারা বাড়ি বাড়ি গিয়ে খোঁজখবর নিতে চাননি। ঠিকানা ভুল হলে সন্দেহভাজন ব্যক্তির কর্তৃপক্ষের নজরদারিতে থাকার বিষয়টি বুঝে ফেলার ঝুঁকি ছিল। তাই স্কয়ার ও তার সহকর্মীরা ওইসব বাড়ির ছবি ইট বিশেষজ্ঞ জন হার্পের কাছে পাঠাতে শুরু করেন। বিবিসি বাংলার হোয়াটসঅ্যাপ চ্যানেল ফলো করতে এখানে ক্লিক/ট্যাপ করুন কোনো বাড়ির বাইরে ফ্লেমিং আলামো বা ওই বিশেষ ইট দেখা যাচ্ছিল না, কারণ সেগুলো অন্যান্য উপকরণ দিয়ে মোড়ানো ছিল। কিন্তু দলটি হার্পকে তাদের স্টাইল এবং বাইরের দিক দেখে মূল্যায়ন করতে বলেছিল যে যখন ফ্লেমিং আলামো বিক্রি করা হচ্ছিলো, সেই সময়ের মধ্যে এই সম্পত্তিগুলো নির্মিত হওয়ার সুযোগ আছে কি না। ""আমরা মূলত সেই বাড়ি বা বাসস্থানের একটি ছবি নেই এবং জনকে দিয়ে বলি- এই বাড়িতে কি এই ইটগুলি থাকবে?"" বলছিলেন স্কয়ার। অবশেষে তারা সফল হন। তারা এমন একটি ঠিকানা খুঁজে পান যেখানে হার্পের বক্তব্য অনুযায়ী, সম্ভবত ফ্লেমিং আলামো ইটের প্রাচীর থাকবে আর তা সোফা গ্রাহকের তালিকাতেও ছিল। ""ফলে আমাদের কাছে আর একটি ঠিকানাই থাকলো ... রাষ্ট্রীয় রেকর্ড, ড্রাইভিং লাইসেন্স ... স্কুলের তথ্যের মাধ্যমে সেখানে কারা বাস করছে তা নিশ্চিত করার প্রক্রিয়া শুরু করলাম,"" স্কয়ার বলেন। দলটি বুঝতে পারে যে লুসির সাথে ওই বাড়িতে তার মায়ের প্রেমিকও ছিল, যিনি কি না একজন দোষী সাব্যস্ত যৌন অপরাধী। কয়েক ঘণ্টার মধ্যেই স্থানীয় হোমল্যান্ড সিকিউরিটি এজেন্টরা অপরাধীকে গ্রেফতার করে। ওই লোক ছয় বছর ধরে লুসিকে ধর্ষণ করে আসছিল। পরবর্তী সময়ে তাকে ৭০ বছরেরও বেশি কারাদণ্ড দেওয়া হয়েছিল। লুসি নিরাপদে আছে শুনে আনন্দিত হন ইট বিশেষজ্ঞ হার্প। বিশেষ করে লম্বা সময় ধরে দত্তক নেওয়া সন্তানদের বাবা হিসেবে নিজের অভিজ্ঞতার কথা বিবেচনা করে তার এই আনন্দ ছিল আরও বেশি। ""আমাদের বাড়িতে ১৫০ টিরও বেশি শিশু ছিল। আমরা তিনজনকে দত্তক নিয়েছি। ওই সময়টাতে, আমাদের বাড়িতে অনেক শিশু ছিল যারা (পূর্বে) নির্যাতিত হয়েছিল,"" বলেন তিনি। ""(স্কয়ারের দল) প্রতিদিন যা করে এবং দেখে, তা আমার দেখা বা মোকাবিলা করা অভিজ্ঞতার চেয়ে শত শত গুণ বেশি,"" বলেন তিনি। End of বিবিসি বাংলায় আরও পড়তে পারেন: কয়েক বছর আগে এই চাপ স্কয়ারের মানসিক স্বাস্থ্যে গুরুতর প্রভাব ফেলতে শুরু করে। তিনি স্বীকার করেন, কাজের বাইরে থাকাকালীন ""মদ্যপান আমার জীবনের এমন একটি বড় অংশ হয়ে উঠেছিল, যা হওয়া উচিত ছিল না""। তিনি বলেন, ""সেই সময়ে আমার সন্তানরা একটু বড় হয়ে গিয়েছিল… আর সেটাই যেন আমাকে আরও বেশি চাপ দিচ্ছিল। মনে হতো… ভোর তিনটায় উঠে পড়লে হয়তো অনলাইনে (কোনো অপরাধীকে) চমকে দিতে পারব""। ""কিন্তু ব্যক্তিগতভাবে… 'গ্রেগ (স্কয়ার) কে? সে কী করতে পছন্দ করে—আমি জানিই না'। আপনার সব বন্ধুই… দিনের বেলায়, তারা অপরাধী… সারাদিন তারা শুধু ভয়াবহতম বিষয়গুলো নিয়েই কথা বলে""। এর কিছুদিন পর তার দাম্পত্য জীবন ভেঙে যায়। তখন তার মনে আত্মহত্যার চিন্তাও আসতে শুরু করে বলে জানান তিনি। সহকর্মী ও বন্ধুকে এভাবে মানসিকভাবে ভেঙে পড়তে দেখে তাকে সাহায্য নেওয়ার পরামর্শ দেন পিট ম্যানিং। ম্যানিং বলেন, ""যে কাজ আপনাকে এত শক্তি ও প্রেরণা দেয়, সেটিই যখন ধীরে ধীরে আপনাকে ভেতর থেকে ভেঙে দেয়—তখন বিষয়টি সামাল দেওয়া কঠিন হয়ে পড়ে""। স্কয়ার বলেন, নিজের দুর্বলতাগুলো স্বীকার করে সেগুলো প্রকাশ্যে আনাই ছিল সুস্থতার পথে তার প্রথম পদক্ষেপ। এর মাধ্যমে তিনি এমন একটি কাজ চালিয়ে যেতে পারেন, যার জন্য তিনি গর্ববোধ করেন। ""কেবল টেলিভিশনে দেখে বা শুধু শুনে না বরং বাস্তব পরিবর্তন আনতে পারা একটি দলের অংশ হতে পেরে আমি সম্মানিত বোধ করি —আমি লড়াইয়ের ভেতরে থেকে এসব থামানোর চেষ্টা করতে চাই"", বলেন তিনি। গত গ্রীষ্মে গ্রেগ প্রথমবারের মতো লুসির সঙ্গে দেখা করেন—যার বয়স এখন বিশের কোঠায়। End of বিবিসি বাংলায় আরও পড়তে পারেন: লুসি গ্রেগকে জানান, চারপাশের সাহায্যের কারণেই এখন তিনি নিজের অভিজ্ঞতা সম্পর্কে কথা বলতে পারছেন। ""এখন আমার স্থিতিশীলতা আরও বেশি। আমি মানুষের সঙ্গে (নির্যাতন সম্পর্কিত) কথা বলার শক্তি পাচ্ছি, যা কয়েক বছর আগেও আমার পক্ষে সম্ভব ছিল না"", বলেন তিনি। লুসি জানান , তার ওপর যখন নির্যাতন চলছিল, তখন তিনি ""মনপ্রাণ দিয়ে প্রার্থনা করছিলেন যেন এটি শেষ হয়""। ""গতানুগতিক বোঝাতে চাই না, কিন্তু এটি (তাদের আসা) ছিল আমার প্রার্থনার জবাব""। স্কয়ার তাকে বলেন যে তিনি চাইতেন সাহায্য আসার বিষয়টি যদি লুসিকে আগেই জানাতে পারতেন। ""এমন টেলিপ্যাথি যদি থাকতো যাতে বলা যেত- শোনো, আমরা আসছি"", বলেন তিনি। বিবিসি ফেসবুককে জিজ্ঞেস করেছে কেন তারা লুসির খোঁজে মুখ শনাক্তকরণ প্রযুক্তি ব্যবহার করতে পারেনি। ফেসবুকের উত্তর ছিল, ""ব্যবহারকারীর গোপনীয়তা রক্ষার জন্য উপযুক্ত আইনি প্রক্রিয়া অনুসরণ করা গুরুত্বপূর্ণ, তবে যতটা সম্ভব আমরা আইন প্রয়োগকারী সংস্থাকে সহায়তা করি""।","https://ichef.bbci.co.uk/ace/ws/400/cpsprodpb/CA0A/production/_106822715_gettyimages-541284296.jpg.webp, https://ichef.bbci.co.uk/ace/ws/400/cpsprodpb/01e9/live/c5327070-0719-11f1-9972-d3f265c101c6.png.webp, https://ichef.bbci.co.uk/ace/ws/400/cpsprodpb/f151/live/446b9720-0bf9-11f1-b7e1-afb6d0884c18.jpg.webp, https://ichef.bbci.co.uk/ace/ws/400/cpsprodpb/6fc1/live/cc932790-0d65-11f1-b1f2-a50c2c5773ab.jpg.webp, https://ichef.bbci.co.uk/ace/ws/400/cpsprodpb/0b65/live/cc24c370-0d67-11f1-b1f2-a50c2c5773ab.jpg.webp",https://www.bbc.com/bengali/articles/cvgjvq59ng9o
রমজান: রোজা যখন রাখেন তখন কী ঘটে আপনার শরীরে,"ছবির উৎস,
GETTY IMAGES **এই প্রতিবেদনটি প্রথম প্রকাশ হয়েছিল ২০১৮ সালে। প্রতি বছর কোটি কোটি মুসলমান রোজা রাখেন সূর্যোদয় হতে সূর্যাস্ত পর্যন্ত পানাহারে বিরত থেকে। কয়েক বছর ধরে উত্তর গোলার্ধের দেশগুলোতে রোজা পড়েছে গ্রীষ্মকালে। ফলে এসব দেশের মুসলিমদের রোজা রাখতে হচ্ছে গরমের মধ্যে অনেক দীর্ঘসময় ধরে। ইউরোপের কোন কোন দেশে কুড়ি ঘণ্টাও রোজা রাখতে হচ্ছে। কিন্তু মুসলিমরা যে একমাস ধরে রোজা রাখেন, সেটা তাদের শরীরে কী প্রভাব ফেলে? রমজানে কীভাবে শরীর স্বাস্থ্য ঠিক রাখবেন পারিবারিক উদ্যোগ থেকে বায়তুল মোকাররম যেভাবে জাতীয় মসজিদ ছবিতে বিশ্বের নানা দেশের রোজার প্রথম দিন End of সর্বাধিক পঠিত ভারতে মুঘল ইতিহাস বাদ, এসেছে হিন্দু শাসকদের কথা কেন 'শত্রু দেশ' ইসরায়েল গিয়েছিলেন মিশরের প্রেসিডেন্ট সাদাত ছবির উৎস,
GETTY IMAGES শেষবার খাবার খাওয়ার পর আট ঘন্টা পার না হওয়া পর্যন্ত কিন্তু মানুষের শরীরে সেই অর্থে উপোস বা রোজার প্রভাব পড়ে না। আমরা যে খাবার খাই, পাকস্থলীতে তা পুরোপুরি হজম হতে এবং এর পুষ্টি শোষণ করতে অন্তত আট ঘন্টা সময় নেয় শরীর। যখন এই খাদ্য পুরোপুরি হজম হয়ে যায়, তখন আমাদের শরীর যকৃৎ এবং মাংসপেশীতে সঞ্চিত থাকে যে গ্লুকোজ, সেটা থেকে শক্তি নেয়ার চেষ্টা করে। শরীর যখন এই চর্বি খরচ করতে শুরু করে, তা আমাদের ওজন কমাতে সাহায্য করে। এটি কোলেস্টেরলের মাত্রা কমায় এবং ডায়াবেটিসের ঝুঁকি কমায়। তবে যেহেতু রক্তে সুগার বা শর্করার মাত্রা কমে যায়, সে কারণে হয়তো কিছুটা দুর্বল এবং ঝিমুনির ভাব আসতে পারে। এছাড়া কারও কারও ক্ষেত্রে মাথাব্যাথা, মাথা ঘোরা, বমি বমি ভাব বা নিশ্বাসে দুর্গন্ধ হতে পারে। এ সময়টাতেই আসলে শরীরে সবচেয়ে বেশি ক্ষুধা লাগে। ছবির উৎস,
GETTY IMAGES প্রথম কয়েকদিনের পর আপনার শরীর যখন রোজায় অভ্যস্ত হয়ে উঠছে, তখন শরীরে চর্বি গলে গিয়ে তা রক্তের শর্করায় পরিণত হচ্ছে। কিন্তু রোজার সময় দিনের বেলায় যেহেতু আপনি কিছুই খেতে বা পান করতে পারছেন না, তাই রোজা ভাঙ্গার পর অবশ্যই আপনাকে সেটার ঘাটতি পূরণের জন্য প্রচুর পানি পান করতে হবে। নইলে আপনি মারাত্মক পানি-শূন্যতায় আক্রান্ত হতে পারেন। বিশেষ করে গরমের দিনে যদি শরীরে ঘাম হয়। আর যে খাবার আপনি খাবেন, সেটাতেও যথেষ্ট শক্তিদায়ক খাবার থাকতে হবে। যেমন কার্বোহাইড্রেট বা শর্করা এবং চর্বি। একটা ভারসাম্যপূর্ণ খাবার খুব গুরুত্বপূর্ণ, যেখানে সব ধরণের পুষ্টি, প্রোটিন বা আমিষ, লবণ এবং পানি থাকবে। ছবির উৎস,
GETTY IMAGES এই পর্যায়ে এসে আপনি নিশ্চয়ই অনুভব করতে পারছেন যে আপনার শরীর-মন ভালো লাগছে, কারণ রোজার সঙ্গে আপনার শরীর মানিয়ে নিতে শুরু করেছে। ক্যামব্রিজের এডেনব্রুকস হাসপাতালের 'অ্যানেসথেসিয়া এন্ড ইনটেনসিভ কেয়ার মেডিসিনের' কনসালট্যান্ট ড. রাজিন মাহরুফ বলেন, এর অন্যান্য সুফলও আছে। ""সাধারণত দৈনন্দিন জীবনে আমরা অনেক বেশি ক্যালরিযুক্ত খাবার খাই এবং এর ফলে আমাদের শরীর অন্য অনেক কাজ ঠিকমত করতে পারে না, যেমন ধরুণ শরীর নিজেই নিজেকে সারিয়ে তুলতে পারে।"" ""কিন্তু রোজার সময় যেহেতু আমরা উপোস থাকছি, তাই শরীর তখন অন্যান্য কাজের দিকে মনোযোগ দিতে পারে। কাজেই রোজা কিন্তু শরীরের জন্য বেশ উপকারী। এটি শরীরের ক্ষত সারিয়ে তোলা বা সংক্রমণ রোধে সাহায্য করতে পারে।"" ছবির উৎস,
GETTY IMAGES রমজান মাসের দ্বিতীয়ার্ধে আপনার শরীর কিন্তু পুরোপুরি রোজার সঙ্গে মানিয়ে নেবে। আপনার শরীরের পাচকতন্ত্র, যকৃৎ, কিডনি এবং দেহত্বক এখন এক ধরণের পরিবর্তনের ভেতর দিয়ে যাবে। সেখানে থেকে সব দূষিত বস্তু বেরিয়ে আপনার শরীর যেন শুদ্ধ হয়ে উঠবে। ""এসময় আপনার শরীরের অঙ্গ-প্রত্যঙ্গ তাদের পূর্ণ কর্মক্ষমতা ফিরে পাবে। আপনার স্মৃতি এবং মনোযোগের উন্নতি হবে এবং আপনি যেন শরীরে অনেক শক্তি পাবেন"", বলছেন ড. মাহরুফ। ""শরীরের শক্তি জোগানোর জন্য আপনার আমিষের ওপর নির্ভরশীল হওয়া ঠিক হবে না। যখন আপনার শরীর 'ক্ষুধার্ত' থাকছে তখন এটি শক্তির জন্য দেহের মাংসপেশীকে ব্যবহার করছে। এবং এটি ঘটে যখন একটানা বহুদিন বা কয়েক সপ্তাহ ধরে আপনি উপোস থাকছেন বা রোজা রাখছেন।"" ""যেহেতু রোজার সময় কেবল দিনের বেলাতেই আপনাকে না খেয়ে থাকতে হয়, তাই আমাদের শরীরের চাহিদা মেটানোর জন্য যথেষ্ট খাবার এবং তরল বা পানীয় গ্রহণের সুযোগ থাকছে রোজা ভাঙ্গার পর। এটি আমাদের মাংসপেশীকে রক্ষা করছে এবং একই সঙ্গে আমাদের আবার ওজন কমাতেও সাহায্য করছে।"" ছবির উৎস,
DR RAZEEN MAHROOF ড. মাহরুফ বলেন, অবশ্যই, তবে একটা ব্যাপার আছে। ""রোজা রাখা শরীরের জন্য ভালো, কারণ আমরা কী খাই এবং কখন খাই সেটার ওপর আমাদের মনোযোগ দিতে সাহায্য করে। একমাসের রোজা রাখা হয়তো ভালো। কিন্তু একটানা রোজা রেখে যাওয়ার পরামর্শ দেয়া যাবে না। ""শরীরের ওজন কমানোর জন্য একটানা রোজা রাখা কোন উপায় হতে পারে না। কারণ একটা সময় আপনার শরীর চর্বি গলিয়ে তা শক্তিতে পরিণত করার কাজ বন্ধ করে দেবে। তখন এটি শক্তির জন্য নির্ভর করবে মাংসপেশীর ওপর। এটা স্বাস্থ্যের জন্য ভালো নয়। কারণ আপনার শরীর তখন ক্ষুধায় ভুগবে।"" ড. মাহরুফের পরামর্শ হচ্ছে, রমজান মাসের পর মাঝে মধ্যে অন্যধরণের উপোস করা যেতে পারে। যেমন ৫:২ ডায়েট (পাঁচদিন কম খেয়ে দুদিন ঠিকমত খাওয়া-দাওয়া করা)। যেখানে কয়েকদিন রোজা রেখে আবার স্বাস্থ্যসম্মতভাবে খাওয়া-দাওয়া করা যেতে পারে।","https://ichef.bbci.co.uk/ace/ws/400/cpsprodpb/CA0A/production/_106822715_gettyimages-541284296.jpg.webp, https://ichef.bbci.co.uk/ace/ws/400/cpsprodpb/01e9/live/c5327070-0719-11f1-9972-d3f265c101c6.png.webp, https://ichef.bbci.co.uk/ace/ws/400/cpsprodpb/f151/live/446b9720-0bf9-11f1-b7e1-afb6d0884c18.jpg.webp, https://ichef.bbci.co.uk/ace/ws/400/cpsprodpb/6fc1/live/cc932790-0d65-11f1-b1f2-a50c2c5773ab.jpg.webp, https://ichef.bbci.co.uk/ace/ws/400/cpsprodpb/0b65/live/cc24c370-0d67-11f1-b1f2-a50c2c5773ab.jpg.webp",https://www.bbc.com/bengali/news-44111398
কী কারণে রোজা ভেঙ্গে যায়? রোজা নিয়ে আরও কিছু প্রশ্নের জবাব,"ছবির উৎস,
GETTY IMAGES মুসলমানদের কাছে পবিত্র রমজান মাসে যারা রোজা রাখেন, তারা সূর্যোদয় থেকে সূর্যাস্ত পর্যন্ত কিছুই মুখে দেন না। এ বছরের মার্চ মাসের মাঝামাঝি থেকে রোজা শুরু হচ্ছে। মুসলিম সংখ্যাগরিষ্ঠ দেশ হওয়ায় বাংলাদেশের বিভিন্ন বয়সের বেশিরভাগ মানুষও এসময় রোজা রাখেন। বাংলাদেশ সহ বিশ্বের সকল ধর্মপ্রাণ মুসলিম বিশ্বাস করেন, এ মাসে স্বেচ্ছা নিয়ন্ত্রণ ও বেশি সময় ধরে প্রার্থনার ভেতর দিয়ে তারা নতুন করে আত্মশুদ্ধি অর্জন করতে পারবেন। তাই, ধর্মে রোজা সংক্রান্ত যেসব নিয়মের কথা বলা আছে, রমজানে তারা সেগুলো মেনে চলেন। কিন্তু এমন অনেক বিষয় আছে, যেগুলো সম্বন্ধে ধর্মে সরাসরি কিছু বলা না থাকলেও অনেকে সেসবও মানেন। রোজা নিয়ে ধর্মে কী কী বলা আছে, কী কী বলা নেই, ধর্ম নিয়ে কী কী ভুল ধারণা প্রচলিত আছে, এরকম অনেক প্রশ্নের উত্তর মানুষ গুগলের কাছে জানতে চেয়েছে। গুগলের কাছে জানতে চাওয়া সেরকমই কিছু প্রশ্নের উত্তর এই প্রতিবেদনে দেওয়া হবে। End of আরও পড়ুন: ছবির উৎস,
GETTY IMAGES ছবির উৎস,
GETTY IMAGES সাধারণ মুসলমানরা অনেক কিছুকেই রোজা ভাঙ্গার কারণ হিসেবে চিহ্নিত করেন। কিন্তু ইসলামী চিন্তাবিদদের মতে, রোজা ভাঙ্গার মূল কারণ আসলে পাঁচটি। সেগুলো হলো— End of সর্বাধিক পঠিত ঢাকা বিশ্ববিদ্যালয়ের ইসলামিক স্টাডিজ বিভাগের চেয়ারম্যান অধ্যাপক ড. মো. শামছুল আলম বিবিসি বাংলাকে বলেন, “রক্তপাত বা বমি হলে রোজাদার ব্যক্তি অসুস্থ বোধ করতে পারেন। সেজন্যই ধর্মে এসব ক্ষেত্রে রোজা ভেঙ্গে যাওয়ার কথা বলা হয়েছে।” ছবির উৎস,
GETTY IMAGES এই পাঁচ কারণের বাইরে আরও কিছু বিষয়কে রোজা ভাঙ্গার কারণ হিসেবে দায়ী করা হয়। কিন্তু সেগুলো আদতে রোজা ভাঙ্গার মতো কোনও কারণই নয়। বরং, সমাজে প্রচিলত থাকার কারণে রোজাদাররা সেগুলো এড়িয়ে চলার চেষ্টা করেন। এতে করে তিনি নিজে যেমন কষ্টে থাকেন, সেইসাথে তার চারপাশের মানুষকেও বিড়ম্বনায় ফেলেন। অধ্যাপক শামছুল আলম এই প্রচলিত ভুল ধারণাগুলো সমন্ধে বলেন, “মানুষ এগুলো জানাশোনা বা পড়াশোনার অভাবে বলে। তারা আধুনিক শিক্ষা পায়নি।” তাই, রোজা সম্বন্ধে প্রচলিত তেমনই কিছু ভুল ধারণা সম্বন্ধে জেনে নেওয়া প্রয়োজন। End of বিবিসি বাংলায় আরও খবর: ছবির উৎস,
GETTY IMAGES মুখের লালা যদি পেটে চলে যায়, তাহলে রোজা ভেঙ্গে যাবে; এটি একটি বহুল চর্চিত কথা। এই প্রচলিত ধারণার কারণে রমজানে মানুষ যেখানে সেখানে থু থু ফেলে। এতে করে রোজাদার ব্যক্তিটি একদিকে যেমন পরিবেশের ক্ষতি করছেন, অন্যদিকে তিনি পাশের মানুষকেও অস্বস্তিতে ফেলছেন। অধ্যাপক শামছুল আলম এ বিষয়ে বলেন, “মুখের লালা গিলে ফেললে কিচ্ছু হয় না রোজার। এ বিষয়ে ধর্মে কোনও নিষেধাজ্ঞা নেই অর্থাৎ, ইন্টার্নাল কিছু পেটে ঢুকলে রোজা ভেঙ্গে যাবে না।” তবে অন্য কারও মুখের লালা যদি নিজের মুখে যায়, তাহলে রোজা থাকবে না। অর্থাৎ, রোজা পালন করা অবস্থায় সঙ্গীকে চুমু খাওয়া যাবে না। ছবির উৎস,
GETTY IMAGES অনেকে বলেন , রোজা রাখা অবস্থায় দাঁতও ব্রাশ করা যাবে না। কিন্তু দীর্ঘ সময় দাঁত ব্রাশ না করার কারণে মুখে দুর্গন্ধ তৈরি হয় এবং তাতে কথা বলার সময় চারপাশে গন্ধ ছড়িয়ে পড়ে। কিন্তু এই গন্ধ বিষয়ে অনেক রোজাদারকে বলতে শোনা যায়, রোজাদার ব্যক্তির মুখের গন্ধও ভালো বা রোজাদার ব্যক্তির মুখের গন্ধে বিরক্ত হওয়া যাবে না। কিন্তু এ বিষয়ে মি. আলম শুরুতেই এক বাক্যে বলেন, “দাঁত ব্রাশ করলে রোজার কিচ্ছু হবে না।” “তবে পেস্ট আছে তো, ভুলে গলায় চলেও যেতে পারে। পেস্ট গলায় গেলে রোজা মাকরূহ হবে। সেজন্য এটা সাহরী খাওয়ার আগে করাই ভালো,” যোগ করেন তিনি। সুতরাং, কেউ যদি সাবধানতা বজায় রেখে অল্প পরিমাণ পেস্ট নিয়ে দাঁত ব্রাশ করেন, তাতে সমস্যা নেই। End of বিবিসি বাংলার অন্যান্য খবর: ছবির উৎস,
GETTY IMAGES এরকমই প্রচলিত আরেকটা ধারণা হলো, রোজা রাখা অবস্থায় কিছুতেই নখ ও চুল কাটা যাবে না। তবে ‘নখ, চুল কাটা যাবে না; এটা একদম ভুল কথা’ বলে জানান মি. আলম। কারণ হিসেবে তিনি বলেন, “এগুলোতে তো রক্ত প্রবাহিত হচ্ছে না। আর এগুলো সাধারণত দিনের বেলাতেই মানুষ করে এবং একইসাথে রোজাও মানুষ দিনের বেলাতেই রাখে।” রোজা রাখলে পুরুষরা দিনে দাড়ি কামাতে পারবেন না, এমন একটি মিথও প্রচলিত আছে। কিন্তু বাস্তবে তারা যে কোনও সময়েই দাড়ি কামাতে পারবেন। এ নিয়ে কোনও বাধা-নিষেধ নেই। তবে দাড়ি কামানোর সময় শুধুমাত্র একটি বিষয় লক্ষ্য রাখতে হবে যে ‘গাল কেটে গিয়ে রক্ত না গড়ায়’। এ প্রসঙ্গে ঢাবি’র এই অধ্যাপক বলেন, “রোজা রেখে শেভ করা যাবে না, এটাও একদমই ভুল কথা। ইসলাম অবৈজ্ঞানিক কোনও বিষয় না। এটা সম্পূর্ণ স্বাস্থ্যসম্মত বিধান।” ছবির উৎস,
GETTY IMAGES কেউ কেউ মনে করেন, পুরো রমজান মাসে সঙ্গীর সঙ্গে যৌন সম্পর্ক স্থাপন করা যাবে না। কিন্তু যৌন সম্পর্ক স্থাপনের বিধিনিষেধ শুধুমাত্র রোজা থাকা অবস্থায়। আর মানুষ রোজা রাখে দিনের বেলায়। তাই, রোজা না থাকলে রমজানে সঙ্গীর সঙ্গে যৌন সম্পর্ক স্থাপনে কোনও বাধা নেই। “রোজা রাখা অবস্থায় কোনও যৌন সম্পর্ক করলে রোজা ভেঙ্গে যাবে,” জানান মি. আলম। বিবিসি বাংলার সর্বশেষ খবর ও বিশ্লেষণ এখন সরাসরি আপনার ফোনে। ফলো করুন, নোটিফিকেশন অন রাখুন বিবিসি বাংলার সাথে থাকার জন্য ধন্যবাদ বিবিসি বাংলার হোয়াটসঅ্যাপ চ্যানেল অনেকের মতে, রোজা রেখে সুগন্ধি ব্যবহার করা যাবে না। কিন্তু, মানুষের মনে গেঁথে থাকা এই ধারণাকেও ভিত্তিহীন বলে জানান অধ্যাপক শামছুল আলম। তিনি বলেন, “সুগন্ধি বলতে আতর ব্যবহার করা যাবে, এটা তো নবীর সুন্নত। যুগে যুগে নবী রাসূলরা আতর ব্যবহার করে গেছেন। এটা ব্যবহারে কোনও নিষেধ নেই।” তবে পারফিউমও ব্যবহার করা যাবে কি না, এমন এক প্রশ্নের মুখে তিনি বলেন যে পাফফিউম ব্যবহারের বিষয়ে এক ধরনের ‘সতর্কতা’ আছে। “কারণ পারফিউম তৈরিতে নাকি চর্বি ব্যবহৃত হয়। এটা তো আমরা জানি না। তাই এটা ব্যবহার করা থেকে বিরত থাকলেই বেশি ভালো হয়, শুধু আতর ব্যবহার করা ভালো।” তবে তিনি এও বলেন, “কিন্তু আপনি পারফিউম ব্যবহার করতে পারেন, কারণ এটি তৈরির সময় তো আপনি দেখেননি। তবে বেশি তাকওয়া (ধার্মিকতা বা ধর্মপরায়ণতা) দেখাতে চাইলে দিনের বেলা ব্যবহার না করাই ভালো। একদম-ই ব্যবহার না আরও ভালো।” পারফিউম বা আতর ব্যবহার করা রোজা ভাঙ্গার কারণ না উল্লেখ করে তিনি আরও বলেন, “তাছাড়া, পৃথিবীতে কিন্তু এখন সবকিছু হালালও উৎপাদন হয়। তাই, কেনার সময় খেয়াল করা উচিৎ যে কোন দেশ হালাল উৎপাদন করে। এসব বিষয়ে একটু সচেতন হয়ে চলা উচিৎ।” ছবির উৎস,
GETTY IMAGES অনেকসময় এমন হয় যে একজন ব্যক্তি সারাদিন ধরে রোজা আছেন। কিন্তু হঠাৎ হয়তো মনের ভুলে সে খাবার খেয়ে ফেললো বা পানি পান করে নিলো। কিন্তু সম্বিৎ ফিরে পাওয়ার পর ঐ রোজাদার ব্যক্তি ভাবেন যে তার রোজা সম্পূর্ণভাবে ভেঙ্গে গেছে। এটা ভেবে হয়তো তখন সে পরিপূর্ণ আহারই করে ফেলেন। এ প্রসঙ্গে মি. আলম বলেন, “মনের ভুলে ভরপেট খাবার খেলেও রোজা ভেঙ্গে যাওয়ার কথা ইসলামে বলা হয়নি। এতে রোজা মাকরূহ হতে পারে। রোজা ভেঙ্গে যাবে, যদি ব্যক্তি ইচ্ছা করে পানাহার করে।” এখানে মাকরূহ অর্থকে তিনি ব্যাখ্যা করেন এভাবে, “মাকরূহ মানে অপছন্দনীয়। মাকরূহ মানে— রোজা হয়ে যাবে, কিন্তু রোজার সৌন্দর্যবোধটা শতভাগ হলো না।” তিনি বলেন, “মুখে খাবার নেওয়ার পর যখনই মনে আসবে, তখন ফেলে দিতে হবে। আর গেলা যাবে না।” ছবির উৎস,
GETTY IMAGES অনেক মিথের ভীড়ে আরেকটি মিথ হলো, রোজা রেখে কিছুতেই ঔষধ সেবন করা যাবে না। যদিও এর আগে মুসলিম কাউন্সিল অব ব্রিটেন (এমসিবি) আন্তর্জাতিক গ্লুকোমা সমিতির সাথে যৌথ একটি বিবৃতি দিয়ে বলেছে- রোজা রেখেও কিছু ওষুধ ব্যবহার করা যাবে। যেমন, চোখের ড্রপ। ঢাবি অধ্যাপক মি. আলমও বলেন, “যে ঔষধ পেটে যায়, মানে ক্ষুধা কমায়, সেগুলা নিষেধ। কিন্তু নাকে বা চোখে কোনও ড্রপ দিলে, সেটাতে কোনও সমস্যা নাই।” যেসব ওষুধ গিলে খেতে হবে, সেগুলো ইফতারের পরে বা সেহরির আগে খাওয়ার পরামর্শ দেন তিনি। তবে পেনিসিলিন, ইনজেকশন, ইনসুলিন অথবা টিকা দেওয়া যাবে কি না জানতে চাইলে তিনি বলেন, “ইনসুলিন ইফতারর আগ মুহূর্তে নিতে হবে। তবে ইমার্জেন্সি হলে সব বৈধ।” “মৃত্যুর আশঙ্কা থাকলে, স্বাস্থ্যের অবনতির আশঙ্কা থাকলে ইসলামে সব বৈধ” যোগ করেন তিনি। End of আরও পড়তে পারেন: ছবির উৎস,
GETTY IMAGES অবাক লাগলেও এটি সত্য যে অনেকে মনে করেন যে সিগারেট তো কোনও খাবার বা মাদক না, তাই রোজা রাখা অবস্থায় ধূমপান করা হলে রোজা ভেঙ্গে যাওয়ার কোনও বিষয় নেই। এ বিষয়ে অধ্যাপক আলমের বক্তব্য, “ধূমপান শুধু রোজা থাকা অবস্থায় না, রোজা ছাড়াও হারাম। মাদকদ্রব্য অন্যের ক্ষতি করে না, এটি শুধু সেবনকারীর ক্ষতি করে। তারপরও মাদকদ্রব্য হারাম।” “সেখানে ধূমপান নিজের ক্ষতি তো করেই, অন্যেরও ক্ষতি করে। এটি বাতাসে ছড়িয়ে যাচ্ছে। এটা রোজায় না কেবল, রোজা ছাড়াও খাওয়া ঠিক না। আর যে ধূমপান করছে, সে তো এটা খেয়ে তৃপ্তি পাচ্ছে। অনেকে ভাতের পরিবর্তে সিগারেট খায়। তাই, এটি খেলে রোজা ভেঙ্গে যাবে।” ছবির উৎস,
GETTY IMAGES যিনি রান্না করেন, তাকে অনেকসময় রান্নার স্বাদ বোঝার জন্য কিছুটা খাবার খেয়ে দেখতে হয়। বাংলাদেশের ক্ষেত্রে ঘরের রান্নাঘর সামলানোর কাছে নারীদের অংশগ্রহণই বেশি থাকে। তাই প্রায় প্রত্যেকের ঘরের মা বা বোন রান্নার সময় লবণ, ঝাল ইত্যাদি পরখ করে দেখেন। কিন্তু এরকম কথাও অনেকে বলেন যে রোজা রেখে খাবারের স্বাদ গ্রহণ করলে রোজা মাকরূহ হয়ে যায়। এ প্রসঙ্গে অধ্যাপক আলম বলেন, “খাবারের স্বাদ নেয়া যাবে। লবণ, ঝাল বা স্বাদ বোঝার জন্য জিহ্বায় লাগানো যায়, এরপর ফেলে দিতে হবে। রান্নাবান্না থেকে তো আর দূরে থাকা যাবে না।” তবে তিনি এও বলেন যে, ঘরে যদি কম বয়সী বা রোজা রাখেনি, এমন কেউ থাকে; তাদেরকে দিয়ে খাবারের স্বাদ টেস্ট করালে সবচেয়ে ভালো হয়। ছবির উৎস,
GETTY IMAGES ইসলামে শুধু প্রাপ্তবয়স্ক (সাধারণত ১৫ বছর) এবং সুস্থ ব্যক্তির রোজা ফরজ বা আবশ্যিক করা হয়েছে। শিশু, অসুস্থ (শারীরিক এবং মানসিক), দুর্বল, ভ্রমণকারী, অন্তঃসত্ত্বা বা শিশুকে বুকের দুধ খাওয়াচ্ছেন এমন নারীর জন্য রোজা আবশ্যিক নয়। তবে বাংলাদেশে অনেক পরিবারেই শিশুদেরকেও রোজা রাখার জন্য বলা হয় বা উৎসাহিত করা হয়। এ বিষয়ে অধ্যাপক আলম বলেন, “অনেক শিশুরা রোজা রাখে। কারণ ইফতারের সময় ওদের জন্য উৎসবের আমেজ। তবে শিশুদের জন্য রোজার কোনও বিধান নাই।” “নামাজের বিষয়ে বলা হয়েছে যে বাচ্চাদের সাত বছর হলে তাকে নামাজের কথা বলতে হবে। কিন্তু রোজার ব্যাপারে বলা হয়েছে, সাবালকত্ব এলে রোজা রাখা শুরু করে দিতে হবে।”","https://ichef.bbci.co.uk/ace/ws/400/cpsprodpb/CA0A/production/_106822715_gettyimages-541284296.jpg.webp, https://ichef.bbci.co.uk/ace/ws/400/cpsprodpb/01e9/live/c5327070-0719-11f1-9972-d3f265c101c6.png.webp, https://ichef.bbci.co.uk/ace/ws/400/cpsprodpb/f151/live/446b9720-0bf9-11f1-b7e1-afb6d0884c18.jpg.webp, https://ichef.bbci.co.uk/ace/ws/400/cpsprodpb/6fc1/live/cc932790-0d65-11f1-b1f2-a50c2c5773ab.jpg.webp, https://ichef.bbci.co.uk/ace/ws/400/cpsprodpb/0b65/live/cc24c370-0d67-11f1-b1f2-a50c2c5773ab.jpg.webp",https://www.bbc.com/bengali/articles/czrzdj2y03lo
"BBC News, World Service - Home","BBC News is the world’s most trusted international news organisation with a weekly audience of 418 million people. BBC World Service - in 43 languages with journalists in 64 countries - reaches 313 million people every week with its independent, impartial and accurate journalism. The flagship story strand from the BBC World Service focusing on finding and sharing powerful, original and compelling stories you’ll want to talk about, across the world BBC World Service English brings you news & views from the BBC's international radio station 24 hours a day. Award-winning investigations - revealing secrets, rooting out injustice, and exposing crime, corruption, and abuse. The biggest stories from BBC correspondents all over the world.","https://ichef.bbci.co.uk/ace/ws/240/cpsprodpb/fa77/live/a66a3f30-bc03-11f0-8669-5560f5c90fbe.png.webp, https://ichef.bbci.co.uk/ace/ws/240/cpsprodpb/1f42/live/9a949d40-bc03-11f0-8456-eff94716b162.png.webp, https://ichef.bbci.co.uk/ace/ws/240/cpsprodpb/0b5d/live/13adde00-bc07-11f0-8456-eff94716b162.jpg.webp, https://ichef.bbci.co.uk/ace/ws/240/cpsprodpb/3e05/live/62c719a0-be4d-11f0-ae46-bd64331f0fd4.jpg.webp, https://ichef.bbci.co.uk/ace/ws/240/cpsprodpb/3d7a/live/8bd39b30-bc03-11f0-ae46-bd64331f0fd4.png.webp, https://ichef.bbci.co.uk/ace/ws/80/cpsprodpb/a6c1/live/b3405e00-bbff-11f0-8456-eff94716b162.png.webp, https://ichef.bbci.co.uk/ace/ws/80/cpsprodpb/5827/live/19b37aa0-bc00-11f0-8456-eff94716b162.png.webp, https://ichef.bbci.co.uk/ace/ws/240/cpsprodpb/9e61/live/fc1b20a0-bc05-11f0-8669-5560f5c90fbe.jpg.webp, https://ichef.bbci.co.uk/ace/ws/240/cpsprodpb/7403/live/7eeaa8c0-bbe8-11f0-ae46-bd64331f0fd4.png.webp, https://ichef.bbci.co.uk/ace/ws/80/cpsprodpb/b673/live/dda79d20-bbf0-11f0-8669-5560f5c90fbe.png.webp, https://ichef.bbci.co.uk/ace/ws/240/cpsprodpb/8cc6/live/7ea98cd0-bc03-11f0-8456-eff94716b162.png.webp, https://ichef.bbci.co.uk/ace/ws/240/cpsprodpb/7ee8/live/455bf8e0-be4d-11f0-ae46-bd64331f0fd4.jpg.webp",https://www.bbc.com/ws/languages?xtor=CS1-13-[wsbengali~N~A39~MBC]-[Owned]&utm_source=mktg
এই নির্বাচন থেকে কী পেল জামায়াতে ইসলামী,"ছবির উৎস,
NURPHOTO VIA GETTY IMAGES বাংলাদেশের ত্রয়োদশ জাতীয় সংসদ নির্বাচনে বিএনপি ও সমমনা দলগুলোর কাছে অনেক কম আসন পেলেও প্রথমবারের মতো সংসদের প্রধান বিরোধী দল হিসেবে আত্মপ্রকাশ করতে যাচ্ছে জামায়াতে ইসলামী। উনিশশো একাত্তর সালে বাংলাদেশের স্বাধীনতার বিরুদ্ধে অবস্থান নেওয়া ও যুদ্ধাপরাধের অভিযোগে শীর্ষ নেতাদের বিচার হওয়া দলটি সবসময়ই আলোচিত হয়ে এসেছে। এই নির্বাচনে এসে ভোট ও সংসদের আসন সংখ্যার ক্ষেত্রে দলটি নিজের আগের সব রেকর্ডই ভঙ্গ করেছে। সবমিলিয়ে এই নির্বাচন থেকে দলটি আসলে কী পেল বা অর্জন করলো তা নিয়ে নানা বিশ্লেষণ চলছে রাজনৈতিক মহলে। একই সাথে এই অর্জনের ক্ষেত্রে কোন কোন ফ্যাক্টর ভূমিকা রেখেছে তাও আলোচনায় উঠে আসছে। নির্বাচনের ফল বিশ্লেষণ থেকে দেখা যাচ্ছে, বরাবরের মতোই দেশের উত্তরাঞ্চল থেকে শুরু করে দক্ষিণ পশ্চিমাঞ্চল, বিশেষ করে ভারতের পশ্চিমবঙ্গ সীমান্তবর্তী এলাকাগুলোতে ভালো করেছে জামায়াতে ইসলামী। এবার এর সাথে নতুন করে যোগ হয়েছে রংপুরসহ উত্তরাঞ্চলের অর্থনৈতিকভাবে পিছিয়ে পড়া হিসেবে পরিচিত কয়েকটি জেলায় পাওয়া ব্যাপক জয়। তবে দলটির ভেতরে যেটিকে বড় সাফল্য বা অর্জন হিসেবে বিবেচনা করা হচ্ছে তা হলো- রাজধানী ঢাকার পনেরটি আসনের মধ্যে পাঁচটি আসনে জয় পাওয়া। যদিও সার্বিকভাবে ভোট ও আসন বাড়লেও নির্বাচনে দলটির সাফল্য যে বিশেষ কিছু এলাকাতেই সীমাবদ্ধ রয়ে গেছে সেই আলোচনাও আসছে। এমনকি বেশ কিছু জেলাতে দলটির দুর্বল অবস্থানও প্রকাশ পেয়েছে এই নির্বাচনে। জামায়াতের আমির শফিকুর রহমান এক বিবৃতিতে বলেছেন, ""জামায়াতে ইসলামী অতীতের অনেক রেকর্ড ভঙ্গ করে আজ দেশের ইতিহাসে অন্যতম বৃহৎ বিরোধী দল হিসেবে আত্মপ্রকাশ করেছে। ২০০৮ সালে মাত্র ২টি আসন থেকে আজ কোটি কোটি মানুষের সমর্থন আমাদের প্রতি জন আস্থার বহিঃপ্রকাশ""। End of সর্বাধিক পঠিত বিশ্লেষকরাও বলছেন, এটিই এই নির্বাচন থেকে দলটির বড় অর্জন যে, জামায়াত নেতৃত্বাধীন জোটই এবার জাতীয় সংসদের প্রধান বিরোধী দলে বসতে যাচ্ছে। তারা বলছেন, দেশের ভবিষ্যৎ রাজনীতিতে এর প্রভাব কেমন হয় সেটিই এখন হবে দেখার বিষয়। End of বিবিসি বাংলায় আরও পড়ুন: ছবির উৎস,
NURPHOTO VIA GETTY IMAGES বিবিসি বাংলার সর্বশেষ খবর ও বিশ্লেষণ এখন সরাসরি আপনার ফোনে। ফলো করুন, নোটিফিকেশন অন রাখুন বিবিসি বাংলার সাথে থাকার জন্য ধন্যবাদ বিবিসি বাংলার হোয়াটসঅ্যাপ চ্যানেল আন্তর্জাতিক গণমাধ্যমে বাংলাদেশের রাজনীতির একজন বিশ্লেষক ডঃ মুবাশ্বার হাসান বলছেন, শুধু আদর্শিক কারণে জামায়াত এত ভোট পেয়েছে তা নয়, তবে জামায়াত ও তাদের জোট ৭৭টি আসন পেয়েছে এবং তারা প্রধান বিরোধী দল হতে যাচ্ছে- এটিই দৃশ্যত নির্বাচন থেকে দলটির প্রধান অর্জন। নির্বাচন কমিশনের দেওয়া তথ্য অনুযায়ী, এবারের ত্রয়োদশ সংসদ নির্বাচনে বিএনপি এককভাবে ২০৯টি ও জামায়াতে ইসলামী ৬৮টি আসনে জয়ী হয়েছে। ভোটের হিসেবে দলটি এককভাবে ৩৮ দশমিক ৫০ শতাংশ ভোট পেয়েছে। অন্যদিকে জোটগতভাবে জামায়াতের ইসলামীর মোট আসন হলো ৭৭টি। রাজনৈতিক বিশ্লেষক ও দৈনিক নয়া দিগন্তের সম্পাদক সালাহউদ্দিন মুহাম্মদ বাবর বলছেন, ""আসন ও ভোটের দিক থেকে জামায়াত নিজেই নিজের রেকর্ড ভঙ্গ করেছে এবং একটি পূর্ণাঙ্গ রাজনৈতিক দল হিসেবে উঠে এসেছে- এটিই এই নির্বাচন থেকে দলটির প্রধান অর্জন""। এর আগে ভিন্ন নামে নির্বাচনে অংশ নিয়ে ১৯৭৯ সালে ৬টি আসন পেয়ে নির্বাচনী যাত্রা শুরু করেছিল জামায়াত। তবে দলটি এককভাবে সর্বোচ্চ আসন পেয়েছিল ১৯৯১ সালে। সেবার তারা ১৮টি আসনে জিতেছিল। এরপর ২০০১ সালের নির্বাচনে বিএনপির সাথে মিলে চারদলীয় জোটের অংশ হিসেবে নির্বাচন করে জামায়াত ১৭টি আসন পেয়েছিল। আবার ২০০৮ সালে একক নির্বাচন করে মাত্র দুটি আসন পেয়েছিল দলটি। আর এর আগে ১৯৯৬ সালেও এককভাবে নির্বাচন করে পেয়েছিল ৩টি আসন। এবারের নির্বাচনী ফল বিশ্লেষণ করে দেখা যাচ্ছে, জামায়াত বরাবরের মতোই দক্ষিণ পশ্চিমাঞ্চলে ও বিশেষ করে উত্তরাঞ্চল থেকে দক্ষিণ পশ্চিমাঞ্চল পর্যন্ত ভারত সীমান্তবর্তী জেলাগুলোতে নিজেদের অবস্থান আরও সংহত করতে পেরেছে। খুলনা, যশোর, বাগেরহাট, সাতক্ষীরা, জয়পুরহাট রাজশাহী, রংপুরের মতো জায়গায় ব্যাপক সাফল্য পেয়েছে দলটি। সব মিলিয়ে দক্ষিণ পশ্চিমাঞ্চলীয় খুলনা বিভাগের দশটি জলার ৩৬টি সংসদীয় আসনের মধ্যে ২৫টিতেই তারা জয় পেয়েছে। আর উত্তরাঞ্চলে রংপুর বিভাগের ৩৩ আসনের ১৭টিতে জয় পেয়েছেন জামায়াত প্রার্থীরা। দক্ষিণ পশ্চিমাঞ্চল কিংবা উত্তরাঞ্চলীয় জেলায় দলটির ভালো করার ক্ষেত্রে সেখানকার দরিদ্রতা কিংবা এ ধরনের ফ্যাক্টরগুলোই ভূমিকা রেখেছে কি-না সেই আলোচনাও হচ্ছে রাজনৈতিক মহলে। তবে সালাহউদ্দিন মুহাম্মদ বাবর বলছেন, এসব এলাকায় জামায়াত দীর্ঘদিন ধরেই সাংগঠনিক তৎপরতা চালিয়ে আসছিল এবং সেখানকার স্থানীয় সমস্যা ও সংকটগুলো জামায়াতের প্রচারে প্রাধান্য পেয়েছে বলে জামায়াত সেখানে জনসমর্থন বাড়িয়ে নিতে পেরেছে বলে মনে করেন তিনি। ""জামায়াত সেদিকে বিশেষ নজর দিয়েছে। তবে মনে রাখতে হবে সীমান্তের ভারত কেন্দ্রিক ইস্যুতে প্রতিবাদী ভোটও জামায়াত পেয়ে থাকে,"" বিবিসি বাংলাকে বলেছেন তিনি। বিবিসি বাংলার হোয়াটসঅ্যাপ চ্যানেল ফলো করতে এখানে ক্লিক/ট্যাপ করুন ছবির উৎস,
REBECCA CONWAY/GETTY IMAGES এবারের নির্বাচনে সার্বিকভাবে কিছু জেলায় জামায়াতের নির্বাচনী ফল ব্যাপক আগ্রহের জন্ম দিয়েছে। এর একটি হলো যশোর। জেলার ৬টি আসনের ৫টিই পেয়েছে দলটি। এই জেলায় বিএনপি মাত্র একটি আসনে জয় পেয়েছে। আবার জাতীয় পার্টির দুর্গ হিসেবে এককালে পরিচিতি পাওয়া রংপুর জেলার ৬টি আসনের ৫টিই জামায়াত প্রার্থীরা এককভাবে জিতে নিয়েছেন। অন্যটি জিতেছেন জামায়াত জোটের হয়ে নির্বাচন করা এনসিপির আখতার হোসেন। ছিয়াশি সালের নির্বাচন থেকে জামায়াত সীমান্তবর্তী সাতক্ষীরা জেলায় নিয়মিত আসন পেয়ে আসছে। তবে এবার প্রথমবারের মতো জেলার চারটি আসনের সবকটিই জিতে নিয়েছেন দলের প্রার্থীরা। অন্যদিকে বাগেরহাট-১ ও ২ আসনে দলটির প্রার্থীরা প্রথমবারের মত সংসদ সদস্য নির্বাচিত হলেন। জামায়াত প্রার্থী প্রথমবারের মতো জয় পেয়েছে জয়পুরহাট-১ আসনেও এবং স্বাধীনতার পর এই জেলায় এটিই জামায়াতের প্রথম বিজয়। তবে দলটি সবচেয়ে বেশি উল্লসিত ঢাকা মহানগরের সাফল্য নিয়ে। ঢাকা মহানগরের ১৫টি আসনের মধ্যে ৬টিতে জয় পেয়েছেন দলটির প্রার্থীরা। আর একটিতে জিতেছেন জামায়াত জোটের প্রার্থী এনসিপির নাহিদ ইসলাম। সার্বিকভাবে ঢাকায় ছয়টি, যশোর ও রংপুরে পাঁচটি করে, সাতক্ষীরা, কুড়িগ্রাম ও নীলফামারীতে ৪টি করে, গাইবান্ধা, বাগেরহাট, ঝিনাইদহে, চাঁপাইনবাবগঞ্জে ৩টি এবং কুষ্টিয়ায় ৩টি করে আসনে জয় পেয়েছে জামায়াত প্রার্থীরা। এছাড়া মেহেরপুর, চুয়াডাঙ্গা, খুলনা, পাবনা ও রাজশাহীতে দুইটি করে আসন পেয়েছে দলটি। এর মধ্যে মেহেরপুর ও চুয়াডাঙ্গায় জামায়াতের বিজয় বিএনপিকে বিস্মিত করেছে। বিএনপি নেতারা এ দুটি জেলাকে নিজেদের শক্ত ঘাঁটি বলে বিবেচনা করেন। তবে একই সাথে খুলনায় জামায়াতের সেক্রেটারি জেনারেল মিয়া গোলাম পরওয়ার নিজের আসনে খুবই অল্প ব্যবধানে হেরে গেছেন। ওদিকে ফরিদপুর, গাজীপুর, ময়মনসিংহ, পটুয়াখালী, পিরোজপুর, নেত্রকোনা, শেরপুর, জয়পুরহাট, ফরিদপুর, চট্টগ্রাম, কুমিল্লা, সিরাজগঞ্জ, নওগাঁ ও নড়াইলে ১টি করে আসন পেয়েছে জামায়াতে ইসলামী। এর মধ্যে নড়াইলে এই প্রথম দলটি কোনো আসনে জয় পেল। যদিও ফল বিশ্লেষণ করলে দেখা যায়, দেশের অনেক জেলাতেই দলটির তেমন কোনো অবস্থান তৈরি হয়নি। বিশেষ করে নির্বাচনী ফল বলছে, দক্ষিণাঞ্চলীয় জেলাগুলোতে জামায়াত কিংবা জামায়াত নেতৃত্বাধীন জোটের অবস্থানই তৈরি হয়নি। পিরোজপুরে একটি আসনে জয় পেলেও ওই জেলারই আরেকটি আসনে হেরে গেছে দলটি। উভয় আসনেই অতীতে দলটির প্রার্থী ছিল দলের প্রয়াত প্রভাবশালী নেতা দেলাওয়ার হোসেন সাঈদী। তিনি যুদ্ধপরাধের দায়ে সাজাপ্রাপ্ত হয়ে আটক থাকা অবস্থায় মারা গিয়েছিলেন। অন্যদিকে সিলেটে জামায়াতের কেউ না জিতলেও ১১ দলীয় জোটের হয়ে খেলাফত মজলিসের আবুল হাসান সিলেট-৫ আসনে জয় পেয়েছেন। এই জোটের বাংলাদেশ খেলাফত মজলিস দুটি ও খেলাফত মজলিস একটি আসন পেয়েছে। ছবির উৎস,
HTTPS://WWW.FACEBOOK.COM/BJI.OFFICIAL ছবির উৎস,
GETTY IMAGES জামায়াতের ভেরিফায়েড ফেসবুক পাতায় দেওয়া এক বিবৃতিতে আজ দলটির আমির শফিকুর রহমান বলেছেন, ""জামায়াতে ইসলামী ও ১১ দলীয় জোটের ভোট প্রাপ্তির পরিসংখ্যান অনেক শক্তিশালী বার্তা বহন করে। প্রদত্ত প্রায় ৭ কোটি ভোটের মধ্যে জামায়াত-নেতৃত্বাধীন জোট ৩৮ দশমিক ৫০ শতাংশ ভোট পেয়েছে। প্রায় ২ কোটি ৮৮ লাখ নাগরিক এই জোটের ওপর তাদের আস্থা স্থাপন করেছেন। এটি একটি বিশাল ও অত্যন্ত তাৎপর্যপূর্ণ জনরায়""। ""বাংলাদেশ জামায়াতে ইসলামী অতীতের অনেক রেকর্ড ভঙ্গ করে আজ দেশের ইতিহাসে অন্যতম বৃহৎ বিরোধী দল হিসেবে আত্মপ্রকাশ করেছে। ২০০৮ সালে মাত্র ২টি আসন থেকে আজ কোটি কোটি মানুষের সমর্থন আমাদের প্রতি জন আস্থার বহিঃপ্রকাশ। ঐতিহাসিক অগ্রযাত্রার শুরু। দেশের প্রায় অর্ধেক ভোটার সংস্কার, জবাবদিহিতা এবং নীতিভিত্তিক রাজনীতির পক্ষে অবস্থান নিয়েছেন,"" বলেছেন তিনি। ছবির উৎস,
BBC/SHYADUL ISLAM নিজেদের 'ইসলামপন্থী' বলে পরিচয় দিলেও জামায়াতের আমির নির্বাচনের আগেই বলেছেন – ""জামায়াতে ইসলামী রাষ্ট্র ক্ষমতায় গেলে শরিয়াহ আইন বাস্তবায়ন করবে না""। আবার নারী ইস্যুতে দলটির কিছু নেতার বক্তব্য ও জামায়াত জোটে থাকা কিছু নেতার দৃষ্টিভঙ্গি সমালোচনারও জন্ম দিয়েছে। এবারই প্রথম জামায়াত সংখ্যালঘু সম্প্রদায় থেকে প্রার্থী করলেও শেষ পর্যন্ত হিন্দু সম্প্রদায়ের প্রতি তাদের দৃষ্টিভঙ্গি কেমন হয় তা নিয়েও উদ্বেগ ছিল অনেকের মধ্যে। আন্তর্জাতিক গণমাধ্যমে বাংলাদেশের রাজনীতির একজন বিশ্লেষক ডঃ মুবাশ্বার হাসান বলছেন, জামায়াত একটা হাইপ তোলার চেষ্টা করেছিল এবারের নির্বাচনে এবং তারা যা পেয়েছে সেটি হলো- তাদের জোট ৭৭টি আসন পেয়েছে এবং তারাই সংসদে প্রধান বিরোধী দল হতে যাচ্ছে। ""কিন্তু জামায়াত সব ভোট আদর্শিক কারণে পেয়েছে তা নয়। বরং আমার মতে জামায়াতের অনেক এন্টি এস্টাব্লিশমেন্ট ভোট পেয়েছে। তারা ৫ই অগাস্টের পর থেকেই বিএনপি ও আওয়ামী লীগকে একইভাবে ব্রান্ডিং করে প্রচারণা চালিয়েছে। আওয়ামী লীগ সমর্থকরা ভিন্ন নামেও নির্বাচনে থাকলে হয়তো তাদের ফল এমন নাও হতে পারতো,"" বিবিসি বাংলাকে বলেছেন তিনি। মি. হাসান বলেন সময়ের পরিক্রমায় নানা কারণে জামায়াতের ভোট ও সমর্থন বেড়েছে কিন্তু এর পেছনে তাদের প্রচারে ধর্মের যথেচ্ছ অপব্যবহার ও ডিসইনফরমেশন ছড়িয়ে প্রভাব তৈরির চেষ্টা দৃশ্যমান ছিল। তিনি বলেন, ""নির্বাচনে মানুষের সামনেও তো বিকল্প ছিল না। বেশিরভাগ মানুষ হয়তো বিএনপিকেই বেছে নিয়েছে। কিন্তু বাকীদের তো কিছু করার ছিল না। সেটার সুফলও হয়তো জামায়াত পেয়েছে""। দৈনিক নয়া দিগন্ত সম্পাদক সালাহউদ্দিন মুহাম্মদ বাবর বলছেন, আসন ও ভোটের সংখ্যার ক্ষেত্রে আগের রেকর্ড ভঙ্গ করে এ নির্বাচনের মাধ্যমেই একটি পূর্ণাঙ্গ রাজনৈতিক দল হিসেবে জামায়াতের রূপান্তর ঘটেছে। ""জামায়াত আগে দলীয় আদর্শের ওপর জোর দিতো। কিন্তু এবার জাতীয় ইস্যু, জনআকাঙ্ক্ষা ও স্থানীয় সমস্যা তুলে ধরে। সাথে ছিল দুর্নীতি ও চাঁদাবাজির মতো ইস্যু ছিল। এগুলো তারা তুলে ধরতে পেরেছে যা জনমনে প্রভাব ফেলেছে,"" বিবিসি বাংলাকে বলছিলেন তিনি। দক্ষিণ পশ্চিমাঞ্চলীয় জেলা ও সীমান্তবর্তী এলাকায় দলটির ভালো করার কারণ কী – এমন প্রশ্নের জবাবে তিনি বলেন, ""জামায়াত সেদিকে বিশেষ নজর দিয়েছে। সীমান্তের ভারত কেন্দ্রিক ইস্যুতে প্রতিবাদ ভোট জামায়াত পেয়ে থাকে""। ধর্মকে ব্যবহার ও দরিদ্রের সংখ্যা বেশি বলে রংপুরসহ উত্তরাঞ্চলে দলটি ভালো করছে কি-না এমন প্রশ্নের জবাবে মি. বাবর বলেন, ""সেখানকার মানুষদের সংকটগুলো জামায়াত চিহ্নিত করেছে ও প্রচারে তুলে ধরেছে। সাংগঠনিক তৎপরতা তো আছেই। সব মিলিয়ে এবার রেজাল্ট ভালো হয়েছে""।","https://ichef.bbci.co.uk/ace/ws/400/cpsprodpb/CA0A/production/_106822715_gettyimages-541284296.jpg.webp, https://ichef.bbci.co.uk/ace/ws/400/cpsprodpb/01e9/live/c5327070-0719-11f1-9972-d3f265c101c6.png.webp, https://ichef.bbci.co.uk/ace/ws/400/cpsprodpb/f151/live/446b9720-0bf9-11f1-b7e1-afb6d0884c18.jpg.webp, https://ichef.bbci.co.uk/ace/ws/400/cpsprodpb/6fc1/live/cc932790-0d65-11f1-b1f2-a50c2c5773ab.jpg.webp, https://ichef.bbci.co.uk/ace/ws/400/cpsprodpb/0b65/live/cc24c370-0d67-11f1-b1f2-a50c2c5773ab.jpg.webp",https://www.bbc.com/bengali/articles/cy7jgrzgpdxo
ভারত-বাংলাদেশের সীমান্ত এলাকায় জামায়াতের জয় পশ্চিমবঙ্গে কীভাবে দেখা হচ্ছে?,"ছবির উৎস,
NITISH SANA/DRIK/GETTY IMAGES বাংলাদেশের ত্রয়োদশ জাতীয় নির্বাচনের ফলাফলের যে মানচিত্র সহ তথ্য বিবিসি বাংলার ওয়েবসাইটে আছে, তার দিকে এক ঝলক তাকালেই দেখা যাচ্ছে দক্ষিণ-পশ্চিমে সাতক্ষীরা – ৪ থেকে শুরু করে উত্তর দিকে এগোলে মেহেরপুর-২ আসন পর্যন্ত আন্তর্জাতিক সীমান্ত বরাবর নিরবচ্ছিন্নভাবে হলুদ রং। বিবিসি বাংলায় নির্বাচনী ফলাফলের ক্ষেত্রে জামায়াতে ইসলামী নেতৃত্বাধীন ১১ দলীয় জোটকে হলুদ দিয়ে বর্ণায়িত করা হয়েছিল। আবার সীমান্ত থেকে কিছুটা অভ্যন্তরে খুলনা, যশোর, কুষ্টিয়া আর পাবনার অনেক আসনও জামায়াতের জোটের দখলে গেছে। সীমান্তে যদি ফিরে আসা যায়, কয়েকটি আসন বাদ দিলে যত উত্তরে এগোনো যায়, সেখানেও আবার রাজশাহী – ১ এবং চাঁপাইনবাবগঞ্জের তিনটি আসনে জয়ী হয়েছে জামায়াত নেতৃত্বাধীন জোট। উত্তরাঞ্চলে নীলফামারী, লালমনিরহাট, রংপুর, গাইবান্ধা, কুড়িগ্রামেও অনেক আসনে তারাই বিজয়ী হয়েছে। মোটের ওপর, জামায়াতে ইসলামীর জোট যে-সব এলাকায় জিতেছে, সেগুলি ভারতের পশ্চিমবঙ্গ আর কিছুটা আসামের সীমান্তবর্তী অঞ্চল। এই অঞ্চলগুলিতে জামায়াতে ইসলামী ও তার জোটসঙ্গীদের জয়কে পশ্চিমবঙ্গের রাজনৈতিক দল আর বিশ্লেষকরা গভীরভাবে নজর করেছেন। তারা মনে করছেন বাংলাদেশে জামায়াতের এই ফলাফল পশ্চিমবঙ্গের রাজনীতিতেও প্রভাব ফেলবে – বিশেষত আর কয়েক মাসের মধ্যেই যে রাজ্যে বিধানসভা নির্বাচন হতে চলেছে। রাজনৈতিক বিশ্লেষকরা মনে করছেন বিজেপি এবং তাদের বিরোধীদলগুলি – অর্থাৎ পশ্চিমবঙ্গের ক্ষমতাসীন তৃণমূল কংগ্রেস – কারা কীভাবে সীমান্ত অঞ্চলে জামায়াতের জয়ের ব্যাখ্যা করছে আর মানুষের সামনে তুলে ধরছে – তার ওপরেই নির্ভর করবে যে এই ফলাফল পশ্চিমবঙ্গের রাজনীতিতে কীভাবে প্রভাব ফেলবে। End of বিবিসি বাংলায় আরও পড়তে পারেন পশ্চিমবঙ্গের রাজনীতিতে বাংলাদেশ অনেক বছর ধরেই একটা নির্বাচনী অ্যাজেন্ডা হয়ে থেকেছে। বিজেপি বরাবরই বলে এসেছে যে পশ্চিমবঙ্গ আর বাংলাদেশের সীমান্ত অঞ্চলে ব্যাপক অনুপ্রবেশ ঘটে এবং সেইসব অনুপ্রবেশকারীদের রাজ্যের ক্ষমতাসীন দলগুলি মদত দিয়ে থাকে। End of সর্বাধিক পঠিত বিবিসি বাংলার সর্বশেষ খবর ও বিশ্লেষণ এখন সরাসরি আপনার ফোনে। ফলো করুন, নোটিফিকেশন অন রাখুন বিবিসি বাংলার সাথে থাকার জন্য ধন্যবাদ বিবিসি বাংলার হোয়াটসঅ্যাপ চ্যানেল বাম আমলেও তা ছিল এবং বর্তমানে তৃণমূল কংগ্রেস সরকারের আমলে সেইসব কথিত অনুপ্রবেশকারীদের মদত দেওয়া আরও বেড়েছে বলে বিজেপি অভিযোগ করে থাকে। রাজ্যের অনেকগুলি জেলায় কথিত অনুপ্রবেশকারীদের কারণে জনবিন্যাসও পাল্টে গেছে বলেও অভিযোগ করেন দলটির নেতারা। এখন, বাংলাদেশের ভোটে পশ্চিমবঙ্গের সীমান্ত অঞ্চল বরাবর জামায়াতে ইসলামীর বিজয়কে কীভাবে দেখছে দলটি? বিজেপির অন্যতম মুখপাত্র, রাষ্ট্রবিজ্ঞানের অধ্যাপক বিমল শঙ্কর নন্দ বলছিলেন, ""বাংলাদেশের অভ্যন্তরে জামায়াতে ইসলামী কীভাবে সীমান্ত অঞ্চলগুলিতে বিজয়ী হয়েছে – সেটা একটা প্রসঙ্গ। সেই আলোচনায় না গিয়েও বলা যায় যে পশ্চিমবঙ্গের রাজনীতিতে জামায়াতের এই ফলাফলের মারাত্মক প্রভাব পড়তে বাধ্য।'' ""যে দীর্ঘ সীমান্ত রয়েছে আমাদের রাজ্যের সঙ্গে বাংলাদেশের, সেখানে অনেকটা অংশেই এখনও কাঁটাতারের বেড়া দেওয়া যায় নি। এর একটা বড় কারণ রাজ্য সরকারের জমি দিতে অনীহা। তারা তো চাইবেই না যে সীমান্তে কাঁটাতারের বেড়া দেওয়া হোক – নাহলে তো অনুপ্রবেশ চলতে থাকবে কী করে? রাজ্যের শাসক দল তো চায় যে অনুপ্রবেশ হোক, সীমান্তের জেলাগুলিতে জনবিন্যাস বদলিয়ে যাক,"" অভিযোগ করছিলেন বিজেপি নেতা বিমল শঙ্কর নন্দ। তার কথায়, ""অন্যদিকে জামায়াতের মতো কট্টরপন্থী সংগঠনগুলো সেই সুযোগ নেবে, সীমান্ত দিয়ে আরও মানুষ পাঠাবে ভারতে। এর ফলে পশ্চিমবঙ্গবাসী তো আতঙ্কিত।"" অন্যদিকে রাজ্যের ক্ষমতাসীন তৃণমূল কংগ্রেসের নেতারা সামাজিক মাধ্যমে বিএনপির জয়ে তাদের উচ্ছ্বাস আটকিয়ে রাখতে পারেন নি। মুখ্যমন্ত্রী মমতা ব্যানার্জী ফলাফল ঘোষণার দিন দুপুরেই অভিনন্দন জানিয়েছেন বিএনপি চেয়ারম্যান তারেক রহমানকে। তৃণমূল কংগ্রেসের অন্যতম মুখপাত্র অরূপ চক্রবর্তী বলছিলেন, ""হিন্দু মৌলবাদ আর ইসলামি মৌলবাদ তো একে অপরের পরিপূরক। ওদেশে যা জামায়াতে ইসলামী, আমাদের দেশে সেটাই বিজেপি – একই মুদ্রার এপিঠ ওপিঠ।'' ''পশ্চিমবঙ্গের সীমান্ত অঞ্চল জুড়ে একেবারে কোচবিহার থেকে শুরু করে দক্ষিণে নদীয়া পর্যন্ত তো সব এলাকাতেই বিজেপি তাদের আধিপত্য বিস্তার করেছে সেই ২০১৯ সালের লোকসভা ভোট থেকেই। আবার ভারতের এই হিন্দু মৌলবাদ দেখিয়েই ঠিক এই অঞ্চল জুড়ে সীমান্তের অপর প্রান্তেও জামায়াতে ইসলামী শক্তি বৃদ্ধি ঘটিয়েছে, এতগুলো আসনে তারা জয়ী হয়েছে।"" বিবিসি বাংলার হোয়াটসঅ্যাপ চ্যানেল ফলো করতে এখানে ক্লিক/ট্যাপ করুন ছবির উৎস,
MUNIR UZ ZAMAN / AFP VIA GETTY IMAGES রাজনৈতিক বিশ্লেষকরা বলছেন যে রাজ্যের সীমান্তবর্তী এলাকায় বাংলাদেশের জামায়াতে ইসলামী যে ব্যাপক জয় পেয়েছে, তাকে বিজেপি এবং তার বিরোধীরা, অর্থাৎ রাজ্যের ক্ষমতাসীন দল তৃণমূল কংগ্রেস – উভয় পক্ষই নিজের মতো করে কাজে লাগাবে। তাদের ব্যাখ্যা, একদিকে বিজেপি চেষ্টা করবে কট্টরপন্থিদের বিজয়কে কেন্দ্র করে পশ্চিমবঙ্গে ধর্মীয় মেরূকরণ করতে, অন্যদিকে তৃণমূল কংগ্রেস সম্ভবত চেষ্টা করবে মোটের ওপর বাংলাদেশে যে মুক্তিযুদ্ধের পক্ষে থাকা বিএনপি জয়ী হয়েছে – সেই প্রচার করতে। ""যদিও দেখানো হচ্ছে যে পশ্চিমবঙ্গ সীমান্ত লাগোয়া এলাকাগুলোতে জামায়াতে ইসলামী অনেক আসন জিতেছে, কিন্তু ঘটনা হল এই সীমান্ত বরাবর এলাকাতে সবসময়েই ইসলামী কট্টরপন্থিরা শক্তিশালী ছিল। দেশভাগের পরে, সেই ১৯৪৭ সাল থেকেই এখানে তাদের মজবুত সংগঠন থেকেছে। এমনটা নয় যে এবারের ভোটে হঠাৎ করে জামায়াত এইসব আসনগুলোতে জিতে গেল,"" বলছিলেন 'দ্য ওয়াল' সংবাদ পোর্টালের কার্যনির্বাহী সম্পাদক অমল সরকার। তার কথায়, ""তবুও এমন ভাবে বিষয়টা সম্ভবত তুলে ধরতে চাইবে বিজেপি যে সীমান্তে জামায়াত শক্তিশালী হয়ে উঠেছে, তাই হিন্দুদের ঐক্যবদ্ধ হওয়া দরকার, এজন্যই ভোটার তালিকায় নিবিড় সংশোধন চেয়েছিলাম আমরা – এসব বলবে দলটি। চেষ্টা হবে ধর্মীয় মেরূকরণের। যদিও এইভাবে বিষয়টাকে তুলে ধরার যে প্রচেষ্টা বিজেপি করবে, তার জন্য জামায়াতে ইসলামীকে কিন্তু কোনোভাবে দায়ী করা যাবে না। এই ব্যাখ্যাটা বিজেপির নিজস্ব।"" হিন্দুত্ববাদী রাজনীতির গবেষক স্নিগ্ধেন্দু ভট্টাচার্য ব্যাখ্যা করছিলেন, ""শুধু যে পশ্চিমবঙ্গ লাগোয়া বাংলাদেশের সীমান্ত অঞ্চলে জামায়াতে ইসলামী খুব ভাল ফল করেছে তা নয়। পার্শ্ববর্তী আসামের সীমান্ত লাগোয়া কিছু অঞ্চলেও জয়ী হয়েছে জামায়াত। ঠিক এই অঞ্চলেই আমাদের দেশে বিজেপি খুবই শক্তিশালী শুধুমাত্র দক্ষিণ ২৪ পরগনা বাদ দিলে।'' তিনি মনে করেন, ''তাই জামায়াতের এই জয় নিয়ে বিজেপি রাজনীতি করার চেষ্টা করবেই। সীমান্তে জামায়াত এসে গেছে, এবার পশ্চিমবঙ্গেও ঢুকে পড়বে – এসব বলবে। কিন্তু বিজেপি-বিরোধীরা বাংলাদেশের সামগ্রিক নির্বাচনী ফলাফলকে কীভাবে ব্যাখ্যা করে মানুষের সামনে তুলে ধরতে পারবে, সেটাও গুরুত্বপূর্ণ হয়ে উঠবে।'' ""বিজেপি-বিরোধী, অর্থাৎ রাজ্যের ক্ষমতাসীন দল তৃণমূল কংগ্রেস যদি এটাকে তুলে ধরতে পারে যে বাংলাদেশে কট্টরপন্থী আর ইসলামপন্থিদের হারিয়ে দিয়ে একটা ধর্মনিরপেক্ষ শক্তিকে জিতিয়ে এনেছে সেদেশের মানুষ – তাহলেই সংঘ পরিবারের প্রচেষ্টার মোকাবিলা করা যাবে বলে আমার মনে হয়,"" বলছিলেন মি. ভট্টাচার্য।","https://ichef.bbci.co.uk/ace/ws/400/cpsprodpb/CA0A/production/_106822715_gettyimages-541284296.jpg.webp, https://ichef.bbci.co.uk/ace/ws/400/cpsprodpb/01e9/live/c5327070-0719-11f1-9972-d3f265c101c6.png.webp, https://ichef.bbci.co.uk/ace/ws/400/cpsprodpb/f151/live/446b9720-0bf9-11f1-b7e1-afb6d0884c18.jpg.webp, https://ichef.bbci.co.uk/ace/ws/400/cpsprodpb/6fc1/live/cc932790-0d65-11f1-b1f2-a50c2c5773ab.jpg.webp, https://ichef.bbci.co.uk/ace/ws/400/cpsprodpb/0b65/live/cc24c370-0d67-11f1-b1f2-a50c2c5773ab.jpg.webp",https://www.bbc.com/bengali/articles/cn4g89vxvklo
পত্রিকা: 'অন্তর্বর্তী সরকারের ১৩২ অধ্যাদেশ অনিশ্চয়তায়',"আজকের পত্রিকার প্রধান খবর— অন্তর্বর্তী সরকারের ১৩২ অধ্যাদেশ অনিশ্চয়তায়। এই সংবাদে বলা হয়েছে, মুহাম্মদ ইউনূসের নেতৃত্বাধীন অন্তর্বর্তী সরকার দায়িত্ব পালনের দেড় বছরে মোট ১৩২টি অধ্যাদেশ জারি করেছে। যার মধ্যে সংস্কার কার্যক্রমের অংশ হিসেবে কিছু অধ্যাদেশও রয়েছে। সংবিধান অনুযায়ী, রাষ্ট্রপতির জারি করা এসব অধ্যাদেশ জাতীয় সংসদের প্রথম অধিবেশন বসার ৩০ দিনের মধ্যে আইনে রূপান্তর করতে হবে। না হলে অধ্যাদেশগুলো স্বয়ংক্রিয়ভাবে বাতিল হয়ে যাবে। এদিকে, অন্তর্বর্তী সরকারের সংস্কার প্রক্রিয়াসহ সব কাজের সঙ্গে বিএনপি পূর্ণ একমত ছিল না। ফলে সব অধ্যাদেশ আইনে রূপান্তর হবে কি না, এ প্রশ্ন দেখা দিয়েছে। সাবেক সরকারি কর্মকর্তা ও আইনজীবীরা বলছেন, রাষ্ট্রের গুণগত সংস্কার ও জনস্বার্থমূলক অধ্যাদেশগুলোকে আইনে পরিণত করা উচিত। তবে বিএনপি নেতৃত্বাধীন সরকার কোন কোন অধ্যাদেশ আইনে পরিণত করবে, এখনকার প্রেক্ষাপট বিবেচনায় হয়তো সেই সিদ্ধান্ত নেবে। এ ক্ষেত্রে নিজেদের সংস্কারনীতি ও নির্বাচনী ইশতেহারের সঙ্গে সাংঘর্ষিক বিষয়গুলোকে সরকার স্বাভাবিকভাবে এড়িয়ে যেতে পারে বলে মনে করছেন তারা। চলমান প্রতিরক্ষা চুক্তি সম্পন্নে প্রধানমন্ত্রীর নিষ্পত্তিমূলক পদক্ষেপ প্রত্যাশা ট্রাম্পের— বণিক বার্তার প্রধান শিরোনাম এটি। End of সর্বাধিক পঠিত বিবিসি বাংলার সর্বশেষ খবর ও বিশ্লেষণ এখন সরাসরি আপনার ফোনে। ফলো করুন, নোটিফিকেশন অন রাখুন বিবিসি বাংলার সাথে থাকার জন্য ধন্যবাদ বিবিসি বাংলার হোয়াটসঅ্যাপ চ্যানেল খবরটিতে বলা হয়েছে, বাংলাদেশের নয়া প্রধানমন্ত্রী তারেক রহমানকে শুভকামনা জানিয়ে মার্কিন প্রেসিডেন্ট ডোনাল্ড ট্রাম্প গত বুধবার চিঠি দিয়েছে। বাংলাদেশের পররাষ্ট্র মন্ত্রণালয় গতকাল বৃহস্পতিবার চিঠিটি তাদের এক্স হ্যান্ডেলে শেয়ার করে। পারস্পরিক সম্মান ও অভিন্ন স্বার্থের ভিত্তিতে বাংলাদেশের সঙ্গে কাজ করতে যুক্তরাষ্ট্র আগ্রহী বলে চিঠিতে উল্লেখ করেন ডোনাল্ড ট্রাম্প। তিনি আশা প্রকাশ করেন, পারস্পরিক বাণিজ্য চুক্তি বাস্তবায়নে উদ্যোগ নেবেন বাংলাদেশের নতুন প্রধানমন্ত্রী, যা দুই দেশের কৃষক ও শ্রমজীবী মানুষের জন্য সুফল বয়ে আনবে। সেই সঙ্গে প্রতিরক্ষা চুক্তিগুলো দ্রুত সম্পন্ন করতেও তারেক রহমানের কার্যকর পদক্ষেপ প্রত্যাশা করেন বলে মার্কিন প্রেসিডেন্ট তার চিঠিতে উল্লেখ করেন। এদিকে, মার্কিন প্রেসিডেন্টের চিঠি দুই দেশের মধ্যে ইতিবাচক সম্পর্কের বার্তা দিচ্ছে বলে মনে করছেন বাংলাদেশের পররাষ্ট্র মন্ত্রণালয়সংশ্লিষ্টরা। তারা বলছেন, ট্রাম্প প্রশাসনের বিদ্যমান ব্যবসা-বাণিজ্যকে অগ্রাধিকার দেয়া পররাষ্ট্রনীতির আলোকেই বাংলাদেশের নতুন প্রধানমন্ত্রীকে চিঠি দেওয়া হয়েছে। নতুন নীতি নিয়ে ট্রাম্প বিশ্বের বিভিন্ন দেশের রাষ্ট্রপ্রধানদের সঙ্গে যে ধরনের যোগাযোগ বজায় রেখে চলেছেন, তার ধারাবাহিকতায় তিনি তারেক রহমান বরাবর চিঠিটি লিখেছেন। End of বিবিসি বাংলায় আরও পড়ুন: দ্য ডেইলি স্টারের প্রধান শিরোনাম— LDC Graduation: Government asks UN for three -year deferment; অর্থাৎ এলডিসি উত্তরণের সময় তিন বছরে পিছিয়ে দিতে জাতিসংঘকে সরকারের অনুরোধ। এই খবরে বলা হয়েছে, স্বল্পোন্নত দেশ (এলডিসি) থেকে উন্নয়নশীল দেশের কাতারে উত্তরণে বাংলাদেশের জন্য সময়সীমা নির্ধারণ করা আছে চলতি বছরের ২৪ নভেম্বর। এ নিয়ে এখন তৃতীয় ধাপে পর্যালোচনা চলছে। তবে, দেশের শীর্ষ ব্যবসায়িক সংগঠন, ব্যবসায়ী নেতা ও কিছু অর্থনীতিবিদের আহ্বান ছিল, এলডিসি উত্তরণের সময়সীমা পেছানোর। নয়া সরকার দায়িত্বগ্রহণের পর প্রথম কার্যদিবসে বাংলাদেশের এলডিসি উত্তরণের সময় তিন বছরে পিছিয়ে দেওয়ার জন্য আনুষ্ঠানিকভাবে আবেদন করেছে। সরকারের পক্ষ থেকে অর্থনৈতিক সম্পর্ক বিভাগের সচিব শাহরিয়ার কাদের সিদ্দিকী গত বুধবার জাতিসংঘের উন্নয়ন নীতি কমিটির (ইউএন সিডিপি) চেয়ারম্যান বরাবর একটি চিঠি পাঠান, যেখানে এলডিসি উত্তরণের প্রস্তুতিমূলক সময়কাল ২০২৯ সালের ২৪ নভেম্বর পর্যন্ত বাড়াতে অনুরোধ করা হয়েছে। প্রথম আলোর প্রধান খবর— এক মাসেই মশা বেড়েছে ৪০%। এই প্রতিবেদনে বলা হয়েছে, ঢাকায় মশার উপদ্রব শুধু বেড়েই চলেছে এমন নয়; বরং তা মারাত্মক মাত্রা ছুঁয়েছে। সম্প্রতি জাহাঙ্গীরনগর বিশ্ববিদ্যালয়ের প্রাণিবিদ্যা বিভাগের অধ্যাপক কবিরুল বাশারের নেতৃত্বে পরিচালিত গবেষণায় দেখা গেছে, জানুয়ারি মাসের তুলনায় চলতি ফেব্রুয়ারিতে মশার সংখ্যা ৪০ শতাংশের বেশি বেড়েছে। আর মশার ৯০ শতাংশই কিউলেক্স। মার্চে মশার পরিমাণ আরও বাড়তে পারে বলেও বিশেষজ্ঞদের ধারণা। বাংলাদেশে সাধারণত তিন প্রজাতির মশার বিস্তার দেখা যায়—কিউলেক্স, এডিস ও অ্যানোফিলিস। এর মধ্যে কিউলেক্সের বিস্তারই বেশি। কিউলেক্সের কামড়ে ফাইলেরিয়া বা গোদরোগ ও জাপানি এনসেফালাইটিস হয়। তবে এ দুটি রোগ দেশে ততটা প্রকট নয়। এডিসের কামড়ে ডেঙ্গু ও অ্যানোফিলিসের কামড়ে ম্যালেরিয়া হয়। গবেষকেরা বলছেন, তিন কারণে এবার মশার প্রকোপ বেড়েছে। প্রথমত, এবার শীতের মাত্রা কম আর স্বাভাবিকের চেয়ে একটু আগেই শীত বিদায় নিয়েছে। আবার এ বছর মশার প্রকোপ আগেই শুরু হয়েছে। দ্বিতীয়ত, নর্দমা ও জলাশয়ের দূষণ যথাযথভাবে নিয়ন্ত্রণ করা হয়নি। তৃতীয়ত, রাজধানীর দুই সিটি করপোরেশনে জনপ্রতিনিধির অভাবে মশা নিয়ন্ত্রণ কর্মসূচি এগোচ্ছে না। এছাড়া, মশা নিধনে ঢাকার দুই সিটি করপোরেনের উদ্যোগের বিষয়ে আলাদা দুইটি খবরও প্রথম পাতায় প্রকাশ করেছে পত্রিকাটি। যেখানে ঢাকা দক্ষিণ সিটি করপোরেশনের উদ্যোগের বিষয়ে বলা হয়েছে, অভিযানে মশা মরছে না, উপায় খুঁজতে কমিটি করা হয়েছে। অন্যদিকে, ঢাকা উত্তর সিটি করপোরেশনে মশা নিধন কর্মীর তালিকায় রয়েছে মৃত ব্যক্তির নাম-ও। আন্তর্জাতিক সম্পর্কে আগের চ্যালেঞ্জ অব্যাহত থাকবে— নয়া দিগন্তের প্রধান শিরোনাম এটি। এই খবরে বলা হচ্ছে, পররাষ্ট্র সম্পর্কের ক্ষেত্রে অন্তর্বর্তী সরকারের সময়ের চ্যালেঞ্জগুলো বর্তমান সরকারের সময়েও অব্যাহত থাকবে। এর মধ্যে ভারতের সাথে অন্তর্বর্তী সরকারের সম্পর্কে টানাপোড়েন ছিল। দেশটি বিএনপি সরকারের সাথে একটি কার্যকর সম্পর্ক রাখতে চায়, তেমন ইঙ্গিত পাওয়া যাচ্ছে। তবে যুক্তরাষ্ট্রের সঙ্গে বাণিজ্য চুক্তিটি ব্যবসা, বিনিয়োগ, সমরাস্ত্র সংগ্রহ প্রভৃতি ক্ষেত্রে বাংলাদেশের স্বাধীন সিদ্ধান্ত নেয়ার ক্ষমতায় সীমাবদ্ধতা আরোপ করেছে বলে ধারণা করা হচ্ছে। এটা সত্য হলে বাংলাদেশের সাথে চীনের সম্পর্কে নেতিবাচক প্রভাব পড়বে। আন্তর্জাতিক ক্ষেত্রে নতুন সরকারের সামনে চ্যালেঞ্জ এবং তা সুরাহার উপায়গুলো নিয়ে আলাপকালে বিশেষজ্ঞরা এমন অভিমত ব্যক্ত করেছেন। সমকালের প্রধান শিরোনাম— ইশতেহার ধরে ১৮০ দিনের পরিকল্পনা তৈরির কাজ শুরু। এই খবরে বলা হয়েছে, সরকারের প্রথম ১৮০ দিনের কর্মপরিকল্পনা তৈরির কাজ শুরু করেছে সংশ্লিষ্ট মন্ত্রণালয়গুলো। বিএনপির নির্বাচনী ইশতেহারকে প্রাধান্য দিয়ে শাসনব্যবস্থা পুনর্গঠন, বিচার বিভাগের স্বাধীনতা, প্রশাসনের বিকেন্দ্রীকরণ, দুর্নীতিবিরোধী কাঠামো শক্তিশালীকরণ, বাকস্বাধীনতা, অর্থনীতি পুনরুদ্ধারের মতো বিষয়কে গুরুত্ব দেওয়া হচ্ছে। পাশাপাশি সরকারের স্বল্প, মধ্য ও দীর্ঘমেয়াদি পরিকল্পনা নিয়েও কাজ শুরু হয়েছে। মন্ত্রীরা খুব শিগগিরই তাদের কর্মপরিকল্পনা প্রধানমন্ত্রীর কাছে উপস্থাপন করবেন। এরপর পরবর্তী পদক্ষেপ নেওয়া হবে। ঈদের আগেই ফ্যামিলি কার্ড— দেশ রূপান্তরের প্রধান শিরোনাম এটি। এই প্রতিবেদনে বলা হয়েছে, ঈদুল ফিতরের আগেই পরীক্ষামূলকভাবে 'ফ্যামিলি কার্ড' চালু করার নির্দেশ দিয়েছেন প্রধানমন্ত্রী তারেক রহমান। গতকাল বৃহস্পতিবার দুপুরে সচিবালয়ে আন্তঃমন্ত্রণালয় বৈঠকে এ সিদ্ধান্ত হয়েছে। এই প্রক্রিয়া বাস্তবায়নে অর্থমন্ত্রীর নেতৃত্বে ১৫ সদস্যের একটি মন্ত্রিসভা কমিটি করা হয়েছে। এই কমিটি প্রাথমিক পর্যায়ে দেশের আট বিভাগের প্রতিটির একটি উপজেলায় ফ্যামিলি কার্ড বিতরণ করার লক্ষ্যে আগামী ২৪ ফেব্রুয়ারির মধ্যে প্রাথমিক প্রতিবেদন প্রণয়ন করবে। এছাড়া, শিগগিরই রাজধানী ঢাকাসহ সারাদেশে একযোগে খাল খন কর্মসূচি শুরু করার সিদ্ধান্তও হয়েছে। End of বিবিসি বাংলার আরও সংবাদ: নিউ এইজের প্রধান শিরোনাম— Poor language skills affect higher edn, job; অর্থাৎ ভাষা দক্ষতায় ঘাটতির প্রভাব পড়ছে উচ্চশিক্ষা, চাকরিতে। এই খবরে বলা হয়েছে, বাংলাদেশে শিক্ষাব্যবস্থায় প্রাথমিক থেকে উচ্চমাধ্যমিক পর্যায় পর্যন্ত দুইটি বিষয় বাংলা ও ইংরেজি আবশ্যিক। ১২ বছরের এই শিক্ষাজীবনেও শিক্ষার্থীরা দুই ভাষাতেই কাঙ্ক্ষিত দক্ষতা অর্জন করতে পারছে না। এমনকি, তাদেরকে শিক্ষা জীবনের শেষের দিকে কিংবা পেশাগত জীবনে এসেও সামান্য ভুল করতে-ও দেখা যায়। এর মধ্যে অনেক চাকরিপ্রার্থী ইংরেজি বলতে না পারা অথবা সঠিকভাবে ইংরেজি লিখতে না পারার কারণে প্রত্যাখ্যাত হন। যার ফলে অন্যান্য দেশ থেকে কর্মী নিয়োগ করা হচ্ছে। মূলত, দক্ষ শিক্ষকের অভাব, প্রাসঙ্গিক শিক্ষা পরিকল্পনা ও নীতি এবং ত্রুটিপূর্ণ শিখন প্রক্রিয়ার কারণে শিক্ষার্থীরা এসব ভাষায় দুর্বল থাকে। বিশিষ্ট শিক্ষাবিদ ও সরকারি কর্মকর্তাদের মতে, ভাষাগত দক্ষতার অভাব বাংলাদেশের ইতিহাসে একটি সামাজিক-রাজনৈতিক সমস্যা, যেখানে শাসকরা সবসময় বাংলা ভাষাকে অবহেলা করেছেন। এ অবস্থায় আগামীকাল শনিবার দেশে আন্তর্জাতিক মাতৃভাষা উদযাপিত হতে যাচ্ছে। ঢাকা বিশ্ববিদ্যালয়ের ইমেরিটাস অধ্যাপক সিরাজুল ইসলাম চৌধুরী এই পরিস্থিতির জন্য যোগ্য ও উৎসাহ দেয় এমন শিক্ষকের অভাবকে দায়ী করছেন। সংবাদের দ্বিতীয় প্রধান শিরোনাম— ট্রাইব্যুনালের বিচার চলমান থাকবে: চিফ প্রসিকিউটর। এই খবরে বলা হচ্ছে, জুলাই আন্দোলনে সংঘটিত মানবতাবিরোধী অপরাধের বিচার চলা আন্তর্জাতিক অপরাধ ট্রাইব্যুনালের বিচারকাজ চলমান থাকবে বলে মন্তব্য করেছেন ট্রাইব্যুনালের চিফ প্রসিকিউটর তাজুল ইসলাম। গতকাল বৃহস্পতিবার ট্রাইব্যুনাল প্রাঙ্গনে তিনি আরও বলেছেন, আপনারা হয়তো দেখেছেন, আইনমন্ত্রী বলেছেন, ট্রাইব্যুনালের কার্যক্রম স্বাভাবিক গতিতেই চলমান থাকবে। আমরা আশা করি, ট্রাইব্যুনালের বিচারকাজ চলমান থাকবে। সরকার আমাদের সুনির্দিষ্ট কিছু না বললেও চলমান রাখার ব্যাপারে ইঙ্গিত দিয়েছেন। যতক্ষণ পর্যন্ত আমরা দায়িত্বে আছি স্বাভাবিক গতিতেই সব কর্মকাণ্ড চলমান রাখবো এবং এটাই ন্যায়বিচারের দাবি— যোগ করেন তাজুল ইসলাম।","https://ichef.bbci.co.uk/ace/ws/400/cpsprodpb/CA0A/production/_106822715_gettyimages-541284296.jpg.webp, https://ichef.bbci.co.uk/ace/ws/400/cpsprodpb/01e9/live/c5327070-0719-11f1-9972-d3f265c101c6.png.webp, https://ichef.bbci.co.uk/ace/ws/400/cpsprodpb/f151/live/446b9720-0bf9-11f1-b7e1-afb6d0884c18.jpg.webp, https://ichef.bbci.co.uk/ace/ws/400/cpsprodpb/6fc1/live/cc932790-0d65-11f1-b1f2-a50c2c5773ab.jpg.webp, https://ichef.bbci.co.uk/ace/ws/400/cpsprodpb/0b65/live/cc24c370-0d67-11f1-b1f2-a50c2c5773ab.jpg.webp",https://www.bbc.com/bengali/articles/cx2lq4qnqw7o
"অধ্যাপক ইউনূস যমুনায় থাকবেন কতদিন, নতুন প্রধানমন্ত্রী উঠবেন কোথায়?","ছবির উৎস,
GETTY IMAGES সদ্যবিদায়ী অন্তর্বর্তী সরকারের প্রধান উপদেষ্টা অধ্যাপক মুহাম্মদ ইউনূস এখন কী করবেন, সরকারি বাসবভবনে থাকছেন নাকি ছেড়ে দিয়েছেন, এমন অনেক প্রশ্নে চলছে নানা আলোচনা। ত্রয়োদশ জাতীয় সংসদ নির্বাচনে নিরঙ্কুশ বিজয় পেয়ে বিএনপি সরকার গঠন করেছে গত ১৭ই ফেব্রুয়ারি। আর বিদায় নিয়েছে অন্তর্বর্তী সরকার। চব্বিশের গণ-অভ্যুত্থানে পাঁচই অগাস্ট শেখ হাসিনা দেশ ছেড়ে পালিয়ে যাওয়ার তিনদিন পর অন্তর্বর্তীকালীন সরকারের প্রধান উপদেষ্টা হিসেবে শপথ নিয়েছিলেন অধ্যাপক ইউনূস। সেসময় রাষ্ট্রীয় অতিথি ভবন যমুনাকে প্রধান উপদেষ্টার বাসভবন হিসেবে নির্ধারণ করে গৃহায়ণ ও গণপূর্ত মন্ত্রনালয়ের সরকারি আবাসন পরিদপ্তর। সাধারণত গণভবনই সরকার প্রধানের বাসভবন হয়ে থাকে। কিন্তু পাঁচই অগাস্ট শেখ হাসিনার পদেশ ছাড়ার খবরে গণভবনমুখী হাজারো ছাত্র-জনতা সেখানে হামলা ও ভাঙচুর চালায়। বসবাসের অনুপযোগী হয়ে পড়ায় অন্তর্বর্তী সরকার প্রধানের বাসভবন হিসেবে রাষ্ট্রীয় অতিথি ভবন যমুনাকে বেছে নেয় সরকারি আবাসন পরিদপ্তর। নতুন সরকার গঠিত হওয়ায় এখন অধ্যাপক মুহাম্মদ ইউনূসকে ছাড়তে হবে এই রাষ্ট্রীয় অতিথি ভবন যমুনা। অন্তর্বর্তী সরকারের বিদায়ের পর অধ্যাপক ইউনূস সরকারি বাসভবন যমুনাই থাকছেন কিনা- এ বিষয়ে জানতে চাইলে ঢাকা মেট্রোপলিটন পুলিশের রমনা জোনের এডিসি মীর আসাদুজ্জামান বিবিসি বাংলাকে বলেন, অধ্যাপক ইউনূস যমুনায় সরকারি বাসভবনেই আছেন। End of সর্বাধিক পঠিত তবে, অধ্যাপক ইউনূস এক সপ্তাহের মধ্যে সরকারি বাসভবন যমুনা ছেড়ে দেবেন বলে জানা গেছে। End of বিবিসি বাংলার অন্যান্য সংবাদ ছবির উৎস,
GETTY IMAGES বিবিসি বাংলার সর্বশেষ খবর ও বিশ্লেষণ এখন সরাসরি আপনার ফোনে। ফলো করুন, নোটিফিকেশন অন রাখুন বিবিসি বাংলার সাথে থাকার জন্য ধন্যবাদ বিবিসি বাংলার হোয়াটসঅ্যাপ চ্যানেল নবনির্বাচিত প্রধানমন্ত্রী তারেক রহমানের রাষ্ট্রীয় অতিথি ভবন যমুনায় ওঠার কথা নিশ্চিত করা হয়েছে বলে জানিয়েছেন ডিএমপির পুলিশ কর্মকর্তা মীর আসাদুজ্জামান। প্রধানমন্ত্রী ও যমুনার আশেপাশের নিরাপত্তা ব্যবস্থার দায়িত্ব পুলিশের রমনা বিভাগের। রমনা জোনের এডিসি মীর আসাদুজ্জামান বলেন, ""এখানে ওঠার কথা। আমি যতটুকু জানি, এখানে সংস্কারের কাজ হবে। এটা হয়তো আনুমানিক মাস দুই লাগতে পারে উঠতে।"" এদিকে, অধ্যাপক মুহাম্মদ ইউনূস এখন যমুনায় আছেন উল্লেখ করে তার ঘনিষ্ঠ একজন কর্মকর্তা বিবিসি বাংলাকে জানিয়েছেন, ""এখন উনি যমুনায় আছেন এক সপ্তাহের জন্য। এই সপ্তাহের পরে মুভ করবেন উনি গুলশানের বাসায়।"" বৃহস্পতিবারও অধ্যাপক মুহাম্মদ ইউনূস স্ত্রী ও মেয়েসহ যমুনায় অবস্থান করছেন। গুলশানের নিজের বাসার ""একটু রিনোভেশনের কাজ করার জন্য সপ্তাহখানেক ওখানে আছেন, শেষ করলেই ফিরবেন উনি"" বলছিলেন ওই কর্মকর্তা। এদিকে, গণপূর্ত অধিদপ্তরের প্রধান প্রকৌশলী খালেকুজ্জামান চৌধুরী বিবিসি বাংলাকে জানান, ""মাননীয় প্রধানমন্ত্রী যখন উঠবেন, তখন ওনার ডিজায়ার অনুযায়ী কিছু সংস্কার লাগবেই। প্রধান উপদেষ্টা ওঠার আগে কিছু কাজ করা হয়েছিল। কিছু কাজ করা লাগবে। আমাদের প্রস্তুতি আছে।"" ঠিক কবে মি. ইউনূস যমুনা ছেড়ে যাবেন সেটি সুস্পষ্ট না জানলেও খুব শীঘ্রই ছেড়ে দেবেন বলে শুনেছেন তিনি। নতুন প্রধানমন্ত্রীর জন্য তাহলে যমুনার সংস্কার কাজ কবে থেকে শুরু হবে বা কতদিন লাগবে জানতে চাইলে তিনি বলেন, ""আমরা টার্গেট করেছি যে, আমরা এটা ভ্যাকেন্ট পাওয়ার পর থেকে একমাসের মধ্যে রেডি করতে পারবো।"" বিবিসি বাংলার হোয়াটসঅ্যাপ চ্যানেল ফলো করতে এখানে ক্লিক/ট্যাপ করুন ছবির উৎস,
AFP অধ্যাপক ইউনূস এখন দেশেই থাকছেন। মার্চের তৃতীয় সপ্তাহে একটি অনুষ্ঠানে জাপান গিয়ে আবার বাংলাদেশে ফিরে আসবেন তিনি। অন্তর্বর্তী সরকারের প্রধান উপদেষ্টা থাকার সমই তার ই সফর নির্ধারিত হয়েছিল। গণপূর্ত অধিদপ্তরের প্রধান প্রকৌশলী খালেকুজ্জামান চৌধুরী জানান, ""উনি (অধ্যাপক ইউনূস) ব্যক্তিগত কাজ করছেন এখন, যেটা করতেন আগে। তারপরে ইউনূস সেন্টারে অফিস শুরু করবেন। নেক্সট উইক থেকেই অফিস শুরু করবেন। যমুনায় বসেই ব্যক্তিগত কাজগুলা করছেন তিনি"" বলেছিলেন ওই কর্মকর্তা। কবে থেকে ইউনূস সেন্টারের কার্যালয়ে অফিস শুরু করবেন এমন প্রশ্নে এই কর্মকর্তা জানান, ""নেক্সট উইকে ইউনূস সেন্টারে জয়েন করবেন। এরপরে ওনার থ্রি জিরো কনসেপ্ট নিয়ে রেগুলার বেসিসে কাজ করবেন।"" অধ্যাপক ইউনূসের এই থ্রি জিরো কনসেপ্ট হলো, শূন্য দারিদ্র, শূন্য বেকারত্ব এবং শূন্য নিট কার্বন নিঃসরণের ধারণা বিশ্বব্যাপী ছড়িয়ে দেওয়া। তবে অধ্যাপক ইউনূস প্রকাশ্যে এখনো কোনো মন্তব্য করেননি। এদিকে, অধ্যাপক ইউনূসের ঘনিষ্ঠএক ব্যক্তি জানান, বিশ্বের বিভিন্ন দেশের বেশ কিছু কনফারেন্সে যোগ দেওয়ার জন্য অধ্যাপক ইউনূসের কাছে আমন্ত্রণপত্র জমা রয়েছে। কেবল একটি কনফারেন্সে অংশ নেওয়ার বিষয়টি নিশ্চিত করলেও বাকিগুলোতে অংশ নেবেন কি না, এখনো তা নিশ্চিত করেননি। ""আপাতত মার্চের তৃতীয় সপ্তাহে জাপান যাচ্ছেন। এর মধ্যে অন্য কোথাও যাচ্ছেন না। জাপানই ফার্ষ্ট ট্রিপ"" উল্লেখ করেন মি. ইউনূসের ঘনিষ্ঠ এই ব্যক্তি। জাপানের সাসাকাওয়া পিস ফাউন্ডেশনের আমন্ত্রণে পাঁচ দিনব্যাপী ওই অনুষ্ঠানে অংশ নেবেন অধ্যাপক ইউনূস। ""ওই অনুষ্ঠানে লেকচার দেবেন, মিটিং করবেন ও বিভিন্ন কোলাবোরেশন নিয়ে কাজ করবেন তিনি। সেটা শেষ করে দেশেই ফেরার প্ল্যান আছে"" জানান অধ্যাপক মুহাম্মদ ইউনূসের ঘনিষ্ঠ ওই ব্যক্তি।","https://ichef.bbci.co.uk/ace/ws/400/cpsprodpb/CA0A/production/_106822715_gettyimages-541284296.jpg.webp, https://ichef.bbci.co.uk/ace/ws/400/cpsprodpb/01e9/live/c5327070-0719-11f1-9972-d3f265c101c6.png.webp, https://ichef.bbci.co.uk/ace/ws/400/cpsprodpb/f151/live/446b9720-0bf9-11f1-b7e1-afb6d0884c18.jpg.webp, https://ichef.bbci.co.uk/ace/ws/400/cpsprodpb/6fc1/live/cc932790-0d65-11f1-b1f2-a50c2c5773ab.jpg.webp, https://ichef.bbci.co.uk/ace/ws/400/cpsprodpb/0b65/live/cc24c370-0d67-11f1-b1f2-a50c2c5773ab.jpg.webp",https://www.bbc.com/bengali/articles/c5ygrgjzxe0o
পত্রিকা: 'সংসদের প্রথম অধিবেশনের সভাপতি নিয়ে জটিলতা',"নয়া দিগন্ত পত্রিকার প্রধান শিরােনাম 'সংসদের প্রথম অধিবেশনের সভাপতি নিয়ে জটিলতা' । খবরে বলা হয়েছে, ত্রয়োদশ জাতীয় সংসদের প্রথম অধিবেশন রোজার মাসেই বসতে পারে বলে জানা গেছে। ১২ ফেব্রুয়ারির নির্বাচনের ফল ঘোষণার পর দ্রুত সরকার গঠন, সংসদ সদস্যদের শপথ এবং নতুন মন্ত্রিসভার দায়িত্ব গ্রহণের মধ্য দিয়ে প্রশাসনিক কার্যক্রম সচল হলেও সংসদের আনুষ্ঠানিক যাত্রা শুরুর মুখে দেখা দিয়েছে সাংবিধানিক জটিলতা। প্রথম অধিবেশনে সভাপতিত্ব করবেন কে- এই প্রশ্নই এখন আলোচনার কেন্দ্রে। স্পিকার পদত্যাগ করে আত্মগোপনে রয়েছেন, আর ডেপুটি স্পিকার কারান্তরীণ। ফলে সভাপতিত্বের প্রশ্নে তৈরি হয়েছে কার্যত এক সাংবিধানিক শূন্যতা। এমন পরিস্থিতিতে সংবিধানের ১০৬ অনুচ্ছেদ অনুযায়ী রাষ্ট্রপতি সুপ্রিম কোর্টের পরামর্শ চাইতে পারেন কি না, তা নিয়েও চলছে ব্যাখ্যা-বিশ্লেষণ। একই সাথে উচ্চকক্ষ গঠন নিয়ে রাজনৈতিক টানাপড়েন থাকলেও একটি বিষয়ে স্পষ্ট- যে পদ্ধতিতেই গঠন হোক, দ্বিকক্ষের উভয় কক্ষেই বিরোধী দলের জন্য ডেপুটি স্পিকারের পদ সংরক্ষিত থাকবে। সমকালের একটি শিরােনাম 'সংরক্ষিত নারী আসনেও 'এক পরিবারে এক প্রার্থী' নীতি'। এ খবরে বলা হয়েছে, ত্রয়োদশ সংসদের সংরক্ষিত নারী আসনেও 'এক পরিবারে এক প্রার্থী' নীতি অবলম্বন করবে বিএনপি। এতে অনেক নতুন মুখের সংসদে যাওয়ার সম্ভাবনা তৈরি হবে। যেসব পরিবারে ইতোমধ্যে এমপি ও মন্ত্রী হয়েছেন, তাদের সংরক্ষিত আসনে মনোনয়ন না দেওয়ার নীতিগত সিদ্ধান্ত রয়েছে। End of সর্বাধিক পঠিত নির্বাচনে নিরঙ্কুশ জয় পেয়ে সরকার গঠন করেছে বিএনপি। নবনির্বাচিত সংসদ সদস্যদের শপথের পর ১৭ ফেব্রুয়ারি প্রধানমন্ত্রী হিসেবে দায়িত্ব নিয়েছেন দলের চেয়ারম্যান তারেক রহমান; গঠন করা হয়েছে নতুন মন্ত্রিসভাও। এবার আলোচনায় সংরক্ষিত নারী আসনের এমপি নির্বাচন। দলীয় সূত্রে জানা গেছে, শতাধিক সম্ভাব্য প্রার্থী ইতোমধ্যে তৎপরতা শুরু করেছেন। দলের শীর্ষ নেতাদের সঙ্গে যোগাযোগ রাখছেন তারা। দীর্ঘদিন রাজপথে সক্রিয় থাকা নেত্রী থেকে শুরু করে তরুণ মুখ– অনেকেই আছেন এই তৎপরতায়। সংবিধান অনুযায়ী, জাতীয় সংসদে ৫০টি নারী আসন সংরক্ষিত রয়েছে। গণপ্রতিনিধিত্ব আদেশ (আরপিও) অনুযায়ী, যে দল সাধারণ আসনে যতটি আসন পায়, সেই অনুপাতে সংরক্ষিত নারী আসন বণ্টন করা হয়। ত্রয়োদশ জাতীয় সংসদ নির্বাচনে বিএনপি এককভাবে ২১২টি আসনে জয় পেয়েছে। সে হিসাবে ৫০টি সংরক্ষিত নারী আসনের মধ্যে ৩৫টি আসন পাবে দলটি। বিবিসি বাংলার সর্বশেষ খবর ও বিশ্লেষণ এখন সরাসরি আপনার ফোনে। ফলো করুন, নোটিফিকেশন অন রাখুন বিবিসি বাংলার সাথে থাকার জন্য ধন্যবাদ বিবিসি বাংলার হোয়াটসঅ্যাপ চ্যানেল আজকের পত্রিকার প্রধান শিরােনাম 'ঢাকা-দিল্লি বরফ গলছে'। এ খবরে বলা হয়েছে, দেড় বছরের অস্বস্তিকর দূরত্বের পর বাংলাদেশ-ভারত সম্পর্ক আবার স্বাভাবিকতার পথে এগোচ্ছে—এমনই ইঙ্গিত মিলছে দুই দেশের কূটনৈতিক তৎপরতায়। স্থবিরতার এই সময়টিকে 'জমে থাকা বরফ'-এর সঙ্গে তুলনা করছেন সংশ্লিষ্টরা। তাঁরা বলছেন, সম্পর্কের সেই বরফ আবার গলতে শুরু করেছে, তবে তা ধীরে এবং নিয়ন্ত্রিতভাবে। প্রতিবেশী দুই দেশের সম্পর্ক ভয়ানক টানাপোড়েনের মধ্যে পড়ে বাংলাদেশে জুলাই অভ্যুত্থানের পর। অভ্যুত্থানের মুখে দেশ ছেড়ে ভারতে আশ্রয় নেন ক্ষমতাচ্যুত প্রধানমন্ত্রী শেখ হাসিনা। দেড় যুগের এক বিশেষে প্রেক্ষাপটের পর এই রাজনৈতিক পটপরিবর্তন এবং তার সঙ্গে শেখ হাসিনাকে আশ্রয় দেওয়া নিয়ে দিল্লির অবস্থানে বাংলাদেশে ব্যাপক প্রতিক্রিয়া সৃষ্টি হয়। ভারতও তার দিক থেকে নিজেদের মতো করে প্রতিক্রিয়া দেখাতে থাকে। সব মিলিয়ে সীমান্তে হত্যাকাণ্ড, তিস্তা চুক্তি ঝুলে থাকা, বাণিজ্যে ভারসাম্যহীনতা ও ভিসা জটিলতায় জন-অসন্তোষ বেড়ে যায় বহুগুণ। অন্তর্বর্তী সরকারের পররাষ্ট্রনীতির অগ্রাধিকার ও আঞ্চলিক ভূরাজনীতিতে চীন-ভারত প্রতিযোগিতাও সম্পর্ককে প্রভাবিত করে। দেশে নির্বাচনের পর গত সপ্তাহে দায়িত্ব নিয়েছে নতুন সরকার। শপথ নেওয়ার কয়েক দিনের মধ্যে নতুন পররাষ্ট্র প্রতিমন্ত্রী শামা ওবায়েদ সাংবাদিকদের বলেন, 'আমাদের পররাষ্ট্রনীতি সব দেশের সঙ্গে সমমর্যাদা নিয়ে। সব দেশের সঙ্গে কূটনৈতিক সম্পর্ক থাকবে, বন্ধুত্ব থাকবে; কিন্তু সেটা হবে সমতার ভিত্তিতে, পারস্পরিক মর্যাদার ভিত্তিতে।' ইংরেজি দৈনিক দ্য ডেইলি স্টারের প্রধান শিরােনাম 'Us tariff turmoil: Uncertainties loom over Dhaka's trade prospects' - অর্থাৎ যুক্তরাষ্ট্রের প্রেসিডেন্ট ডোনাল্ড ট্রাম্পের ঘোষিত পাল্টা শুল্ক নীতির ফলে বাণিজ্য সম্ভবনা নিয়ে অনিশ্চয়তায় পড়েছে বাংলাদেশ। স্থানীয় উদ্যোক্তা এবং বাণিজ্য বিশ্লেষকদের মতে, মার্কিন সুপ্রিম কোর্টের পারস্পরিক শুল্ক ব্যবস্থা বাতিলের সিদ্ধান্ত আমেরিকান বাজারে ভোক্তা চাহিদা বাড়িয়ে তুলতে পারে এবং বাংলাদেশি পণ্য রপ্তানির জন্য অর্ডার বৃদ্ধির সম্ভাবনা রয়েছে। তবে, তারা সতর্ক করে দিয়েছেন যে সম্ভাবনার ব্যাপারটি অনিশ্চিত থেকে যাবে, বিশেষ করে যেহেতু ঢাকা ইতিমধ্যেই ওয়াশিংটনের সাথে একটি দ্বিপাক্ষিক বাণিজ্য চুক্তি স্বাক্ষর করেছে। শুক্রবার সুপ্রিম কোর্টের রায়ের পরপরই, মি. ট্রাম্প সব দেশের উপর ১০ শতাংশ শুল্ক আরোপ করেন, আর এর পরপরই বাংলাদেশের মত দেশগুলাের জন্য অনিশ্চয়তা আরও গভীর হয়ে ওঠে। । শনিবার ট্রাম্প শুল্ক আরও বাড়িয়ে নিয়ে ১৫ শতাংশ করেছেন। প্রায় একই ধরণের শিরােনাম প্রথম আলাের 'ট্রাম্পের নতুন শুল্কহার, বাংলাদেশের কী হবে'। যুক্তরাষ্ট্রের সঙ্গে বাংলাদেশ পারস্পরিক বাণিজ্যচুক্তি করেছে ৯ ফেব্রুয়ারি। সে চুক্তি অনুযায়ী বাংলাদেশের ওপর দেশটির পাল্টা শুল্কের হার ১৯ শতাংশ। দুই সপ্তাহ পার না হতেই যুক্তরাষ্ট্রের প্রেসিডেন্ট ডোনাল্ড ট্রাম্প বাংলাদেশসহ বিভিন্ন দেশের ওপর যে পাল্টা শুল্ক আরোপ করেছিলেন, তা গত শুক্রবার মার্কিন সুপ্রিম কোর্ট অবৈধ ঘোষণা করেছেন। সুপ্রিম কোর্টের রায়ে ব্যাপক অসন্তোষ প্রকাশ করেছেন ট্রাম্প। তিনি বিকল্প পথও বেছে নিয়েছেন। রায়ের কয়েক ঘণ্টার মাথায় সব দেশের পণ্যের ওপর ১৯৭৪ সালের বাণিজ্য আইন প্রয়োগের মাধ্যমে নতুন করে ১০ শতাংশ শুল্ক আরোপ করার ঘোষণা দেন তিনি। আর শনিবার তা আরও বাড়িয়ে ১৫ শতাংশ করার ঘোষণা দিয়েছেন তিনি। নতুন শুল্ক ২৪ ফেব্রুয়ারি থেকে কার্যকর হবে। এই পরিস্থিতিতে যুক্তরাষ্ট্রের সঙ্গে বাংলাদেশের পারস্পরিক বাণিজ্যচুক্তি বাতিল হয়ে যাবে কি না, তা নিয়ে প্রশ্ন সামনে এসেছে। যদিও কেউ এ নিয়ে স্পষ্ট করে বলতে পারছেন না। আবার ১০ শতাংশের বিষয়টি বাংলাদেশের ক্ষেত্রে প্রযোজ্য হবে কি না, তা–ও কেউ নিশ্চিত নন। ব্যবসায়ীরা মনে করছেন, ট্রাম্পের ঘোষিত নতুন শুল্কহারও চ্যালেঞ্জের মুখে পড়তে পারে যুক্তরাষ্ট্রের আদালতে। বণিক বার্তার প্রধান খবর 'নগদে আগ্রহী জামায়াতের এমপি ব্যারিস্টার আরমান'। খবরে বলা হয়েছে, দেশের অন্যতম মোবাইল আর্থিক সেবা 'নগদ'-এ বিনিয়োগে আগ্রহী ব্যারিস্টার মীর আহমাদ বিন কাসেম আরমান। কেন্দ্রীয় ব্যাংকের গভর্নরের সঙ্গে বৈঠকে তিনি 'নগদ ডিজিটাল ফাইন্যান্সিয়াল সার্ভিস' বিষয়ে আলোচনা করেছেন। নগদকে নতুন মালিকানা ও ব্যবস্থাপনায় দেয়ার পরিকল্পনার পরিপ্রেক্ষিতে তিনি এ প্রতিষ্ঠানে বিদেশী বিনিয়োগকারীদের যুক্ত করার আগ্রহ দেখিয়েছেন। এক্ষেত্রে তিনি দেশী-বিদেশী বহুজাতিক বিনিয়োগ সংস্থার স্থানীয় সমন্বয়ক হিসেবে কাজ করছেন বলে জানিয়েছেন। বিনিয়োগ আগ্রহের ধারাবাহিকতায় গভর্নর বরাবর নগদের ফরেনসিক অডিট করার আবেদন করেছেন। ৮ ফেব্রুয়ারি এ আগ্রহ প্রকাশ করে তিনি গভর্নর বরাবর চিঠি দিয়েছেন। দেশ রূপান্তরের একটি সংবাদ 'সুবিধাভোগী পুলিশের সন্ধানে পুলিশ'। খবরে বলা হচ্ছে, ছাত্র-জনতার গণঅভ্যুত্থানে আওয়ামী লীগ সরকারের পতনের পর দেড় বছর ক্ষমতায় ছিল অন্তর্বর্তী সরকার। পুলিশের কিছু কর্মকর্তা পতিত সরকারের আমলে যেন ক্ষমতাধর ছিলেন, অন্তর্বর্তী সরকারের আমলেও তাদের প্রভাব কম ছিল না। যে সরকার ক্ষমতায় এসেছে, তাদেরই লেজুড়বৃত্তি করেছেন তারা। বিএনপি সরকার গঠনের পর দেশের আইনশৃঙ্খলা পরিস্থিতি উন্নতি করতে কাজ শুরু করেছেন নতুন স্বরাষ্ট্রমন্ত্রী। আর এ অবস্থাতেই পুলিশের একটি সূত্র জানিয়েছে, বাহিনীর যারা সব সরকারের আমলেই সুবিধা নিয়ে আসছেন, তাদের বিষয়ে খোঁজ নিতে সরকারের হাইকমান্ড থেকে গোপন বার্তা দেওয়া হয়েছে। বার্তা পেয়ে পুলিশের দুটি ইউনিটসহ গোয়েন্দারা কাজও শুরু করে দিয়েছেন। এ ক্ষেত্রে কয়েকজন অতিরিক্ত আইজিপি, ডিআইজি, অতিরিক্ত ডিআইজি, পুলিশ সুপার, অতিরিক্ত পুলিশ সুপার, ইন্সপেক্টর, সাব-ইন্সপেক্টরসহ দেড় শতাধিক কর্মকর্তার বিষয়ে বিশদ তথ্য সংগ্রহ করা হচ্ছে। তাদের একটি তালিকা করে আরও গভীরে গিয়ে তদন্তও শুরু করেছে একাধিক সংস্থা। মানবজমিনের খবর 'ঈদের আগেই ইমাম মুয়াজ্জিনদের সম্মানী দেবে সরকার'। এতে বলা হয়েছে, নির্বাচনের প্রতিশ্রুত বাস্তবায়নের অংশ হিসেবে ঈদের আগেই খতিব-ইমাম-মুয়াজ্জিনদের সম্মানী প্রদানের কার্যক্রম পর্যায়ক্রমে শুরু করবে সরকার। শনিবার এক ব্রিফিংয়ে মন্ত্রিসভা বৈঠকে এই সিদ্ধান্তের কথা জানিয়েছেন প্রধানমন্ত্রীর শিক্ষা, বৈদেশিক কর্মসংস্থান ও তথ্য প্রযুক্তি মন্ত্রণালয়ের উপদেষ্টা ড. মাহদী আমিন। ব্রিফিংয়ে প্রধানমন্ত্রী হিসেবে গতকাল তেজগাঁও কার্যালয়ে তারেক রহমানের প্রথম অফিসে আসা এবং দিনের কর্মসূচিগুলোও তুলে ধরেন উপদেষ্টা। তিনি বলেন, আমাদের যে নির্বাচনী প্রতিশ্রুতি ছিল, সেগুলোর কয়েকটি নিয়ে আলোচনা হয়েছে। মূলত আজকের বৈঠকে প্রধানমন্ত্রী আলোচনা করেছেন আমাদের একটি নির্বাচনী প্রতিশ্রুতি, যেটি বিভিন্ন মসজিদের সম্মানিত খতিব, ইমাম, মুয়াজ্জিনসহ অন্যান্য ধর্মের যারা রয়েছেন- সেই সব ধর্মগুরুদের জন্য মাসিক সম্মানী ও উৎসব ভাতা প্রদান করা হবে। মাহদী আমিন বলেন, প্রধানমন্ত্রীর সভাপতিত্বে আজকের বৈঠকে একটা সিদ্ধান্ত গৃহীত হয়েছে, ইনশাআল্লাহ্‌ ঈদের আগেই পর্যায়ক্রমে শুরুর যে প্রস্তুতি, সেটি শেষ করে কিছু কিছু জায়গায় সম্মানিত খতিব, ইমাম, মুয়াজ্জিনদের একটি সম্মানী প্রদান করা হবে। ইংরেজি দৈনিক দ্য বিজনেস স্ট্যান্ডার্ডের একটি খবর 'UN CDP to assess Bangladesh's graduation readiness as 3-year deferral sought' অর্থাৎ বাংলাদেশকে স্বল্পোন্নত দেশের (এলডিসি) তালিকা থেকে উত্তরণের সময়সীমা তিন বছর পিছিয়ে দেওয়ার জন্য যে আবেদন বাংলাদেশ করেছে, সেটি মূল্যায়ন করবে জাতিসংঘের একটি সংস্থা। আগামীকাল জাতিসংঘ উন্নয়ন নীতিমালা কমিটি ইউএন সিডিপির পাঁচ দিনব্যাপী এক বৈঠক নিউ ইয়র্ক সিটিতে শুরু হতে চলেছে, যেখানে বাংলাদেশের উত্তরণ-সম্পর্কিত রিপাের্ট মূল্যায়ন করা হবে। সিডিপি সদস্য এবং জাতিসংঘ সিডিপির অধীনে একটি উপ-কমিটির এনহ্যান্সড মনিটরিং মেকানিজম (ইএমএম)-এর প্রধান ড. দেবপ্রিয় ভট্টাচার্য, গত রাতে অধিবেশনে যোগদানের জন্য নিউ ইয়র্ক গেছেন। ইএমএম সাব-কমিটিও এ সপ্তাহে বৈঠকে বসবে এবং যেসব দেশ ইতিমধ্যেই এলডিসি তালিকা থেকে উত্তরণ প্রক্রিয়া সম্পন্ন করেছে এবং যেসব দেশ পাইপলাইনে রয়েছে তাদের বর্তমান পরিস্থিতি পর্যালোচনা করবে। বর্তমানে স্বল্পোন্নত দেশের তালিকা থেকে উত্তরণের প্রক্রিয়ায় থাকা তিনটি দেশ হল বাংলাদেশ, নেপাল এবং লাওস। যুগান্তরের খবর 'দেশজুড়ে পরিবহণ সেক্টরে প্রভাবশালী সিন্ডিকেট - চাঁদার নামে চাঁদাবাজি।' বাস, ট্রাক, সিএনজি অটোরিকশা, ব্যাটারিচালিত রিকশা ও টেম্পো-লেগুনা থেকে দৈনিক প্রায় শতকোটি টাকা চাঁদা আদায় করা হচ্ছে। যার বেশির ভাগ চাঁদাবাজি। সোজা কথা, ভয়ভীতি দেখিয়ে ইচ্ছার বিরুদ্ধে চাঁদা আদায়। সড়ক পরিবহণ মালিক সমিতি, শ্রমিক সংগঠন, আইনশৃঙ্খলা বাহিনীর সদস্য এবং রাজনৈতিক নেতাকর্মী এসব চাঁদা আদায়ে যুক্ত। রাজধানীসহ সারা দেশে প্রায় ৩ হাজার স্পট থেকে প্রতিদিন এভাবে চাঁদা আদায় করা হয়। সারা দেশ থেকে যুগান্তরের প্রতিনিধিদের পাঠানো তথ্য ও বিভিন্ন নির্ভরযোগ্য সূত্রে এসব তথ্য জানা গেছে। এ প্রসঙ্গে জানতে চাইলে সড়ক পরিবহণ, সেতু, রেল ও নৌপরিবহণমন্ত্রী শেখ রবিউল আলম শনিবার যুগান্তরকে বলেন, 'চাঁদাবাজি নেই-আমি একথা কিন্তু বলিনি। আমি বলেছি-একটা হলো চাঁদা, আর একটা হলো চাঁদাবাজি। চাঁদা হলো-স্বেচ্ছায় এবং চাঁদাবাজি হলো জোরপূর্বক। আমি তো চাঁদাবাজিকে সমর্থন করিনি বা করছিও না।' এক প্রশ্নের জবাবে তিনি বলেন, 'চাঁদাবাজি একটা ফৌজদারি অপরাধ। এ বিষয়ে ব্যবস্থা নেবে পুলিশ বা স্বরাষ্ট্র মন্ত্রণালয়। আমার মন্ত্রণালয়ের অধীনে ব্যবস্থা নেওয়ার সুযোগ নেই।' তিনি জানান, 'প্রয়োজনে স্বরাষ্ট্র মন্ত্রণালয়, সমবায় মন্ত্রণালয় এবং আমার মন্ত্রণালয়ে মিলে এ বিষয়ে তদন্ত কমিটি গঠন করা যেতে পারে।' কালের কণ্ঠ পত্রিকার খবর 'ভেজাল উপাদানে তৈরি মাদকে নতুন আতঙ্ক'। এ খবরে বলা হয়েছে, আইন-শৃঙ্খলা রক্ষা বাহিনীর কড়া নজরদারি ও সীমান্তে ব্যাপক অভিযানের পরও রমরমা মাদক ব্যবসার হেরফের নেই। দেশের বিভিন্ন স্থানে চলছে মাদক কারবারি ও ক্রেতার লেনদেন। এর মধ্যেই অধিক মুনাফার লোভে মাদক কারবারি কেউ কেউ নিজেরাই উৎপাদনে ঝুঁকছে, যা দেশের ভেতর মাদক ব্যবসা নিয়ে নতুন উদ্বেগ তৈরি করেছে। এ ক্ষেত্রে বেশির ভাগ মাদকদ্রব্য ভেজাল উপাদান দিয়ে তৈরি হচ্ছে বলে মাদক নিয়ন্ত্রণ অধিদপ্তর (ডিএনসি) সূত্র জানিয়েছে। এর মধ্যে ভেজাল মদ পানে একাধিক মৃত্যুর ঘটনা এসেছে সংবাদমাধ্যমে। প্রচলিত মাদকদ্রব্যের বাইরে গত কয়েক মাসের মধ্যে বেশ কয়েকটি নতুন মাদকদ্রব্য প্রবেশ করেছে। এর মধ্যে নতুন প্রজন্মের অপ্রচলিত মাদক 'কুশ' ও এমডিএমবির চালানসহ জড়িত কয়েকজনকে গ্রেপ্তার করা হয়েছে। নতুন নামে আরো কয়েকটি মাদক দেশে ঢুকেছে বলে জানিয়েছে সংশ্লিষ্ট সূত্র। দৈনিক সংবাদের একটি খবর বিএনপি নেতাকর্মীদের নিয়ন্ত্রণ না করলে পরিণতি ভয়াবহ হবে: রুমিন ফারহানা। এ খবরে বলা হয়েছে, ব্রাহ্মণবাড়িয়া-২ আসনের সংসদ সদস্য ব্যারিস্টার রুমিন ফারহানা শহীদ মিনারে ফুল দেয়ার সময় হামলার শিকার হয়েছেন। তিনি দাবি করেছেন, হামলাটি পূর্বপরিকল্পিত। এ ঘটনায় তিনি মামলা করেছেন এবং জড়িতদের বিচার চান। একই সঙ্গে তিনি সতর্ক করে বলেন, 'দলীয় নেতাকর্মীদের নিয়ন্ত্রণে না আনলে বিএনপির জন্য পরিণতি ভয়াবহ হবে।'","https://ichef.bbci.co.uk/ace/ws/400/cpsprodpb/CA0A/production/_106822715_gettyimages-541284296.jpg.webp, https://ichef.bbci.co.uk/ace/ws/400/cpsprodpb/01e9/live/c5327070-0719-11f1-9972-d3f265c101c6.png.webp, https://ichef.bbci.co.uk/ace/ws/400/cpsprodpb/f151/live/446b9720-0bf9-11f1-b7e1-afb6d0884c18.jpg.webp, https://ichef.bbci.co.uk/ace/ws/400/cpsprodpb/6fc1/live/cc932790-0d65-11f1-b1f2-a50c2c5773ab.jpg.webp, https://ichef.bbci.co.uk/ace/ws/400/cpsprodpb/0b65/live/cc24c370-0d67-11f1-b1f2-a50c2c5773ab.jpg.webp",https://www.bbc.com/bengali/articles/cly283z4x23o
বিএনপি শপথ না নেওয়ায় সংবিধান সংস্কার পরিষদের এখন কী হবে,"ছবির উৎস,
BNP MEDIA CELL বাংলাদেশের ত্রয়োদশ জাতীয় সংসদ নির্বাচনে বিজয়ীরা সংসদ সদস্য হিসেবে শপথ নিলেও অনিশ্চয়তা তৈরি হয়েছে সংবিধান সংস্কার পরিষদ নিয়ে। সংবিধানে এই পরিষদের শপথ নেওয়ার বিধান নেই উল্লেখ করে বিএনপি দলীয় সদস্যরা এমপি হিসেবে শপথ নিলেও প্রস্তাবিত এই পরিষদের সদস্য হিসেবে শপথ না নেওয়ায় এমন পরিস্থিতি তৈরি হয়েছে। রাষ্ট্রপতির জারি করা জুলাই জাতীয় সনদ (সংবিধান সংস্কার) বাস্তবায়ন আদেশ অনুযায়ী, গণভোটে হ্যাঁ বিজয়ী হলে নির্বাচিত সংসদ সদস্যরা একই সাথে সংবিধান সংস্কার পরিষদের সদস্য হিসাবেও কাজ করবেন। ৬০ সদস্যের কোরাম হলেই এই পরিষদ কাজ করতে পারে। ওই আদেশের ভিত্তিতে যে গণভোট হয়েছে, সেখানে 'হ্যাঁ' ভোট জয় লাভ করেছে। ওদিকে বিএনপি আজ এ পরিষদের সদস্য হিসেবে শপথ না নিলেও জামায়াত-এনসিপির ৭৭ জন নির্বাচিত সদস্য একই সাথে সংসদ সদস্য ও সংবিধান সংস্কার পরিষদের সদস্য হিসেবে শপথ নিয়েছেন। বিএনপির সদস্যরা সংবিধান সংস্কার পরিষদের সদস্য হিসেবে শপথ না নেওয়ায় এনসিপি দলীয়ভাবে মন্ত্রিসভার শপথ অনুষ্ঠান বয়কট করে। দলটির মুখপাত্র আসিফ মাহমুদ সজীব ভূঁইয়া বলেছেন, ""গণভোটে জনরায়ের সাথে প্রতারণা করে শপথ নিতে যাচ্ছে সরকার""। জামায়াতের সহকারী সেক্রেটারি জেনারেল হামিদুর রহমান আযাদ বিবিসি বাংলাকে বলেছেন, বিএনপি দুটি শপথ না নিলে সংসদে যাওয়াই তো অর্থহীন। সংবিধান বিশেষজ্ঞরা বলছেন, গণভোটের রায়ের কারণে যদি জুলাই আদেশ বাস্তবায়নযোগ্যই হয়ে যায়, তাহলে সংবিধান সংস্কার পরিষদের প্রয়োজনীয়তাই থাকে না। আবার অন্যদিকে যেসব সদস্যরা শপথ নিয়েছেন তারা নিজেরাই জুলাই আদেশ অনুযায়ী নিজেরাই সংবিধান বানিয়ে ফেলতে পারেন। End of সর্বাধিক পঠিত তাদের মতে, জুলাই আদেশে এ ধরনের সুযোগ থাকায় একে ঘিরে রাজনৈতিক অস্থিতিশীলতা তৈরির আশঙ্কা রয়েছে। এর মধ্যেই মঙ্গলবার গণভোটের বৈধতা চ্যালেঞ্জ করে ও ফলাফল স্থগিত চেয়ে হাইকোর্টে রিট হয়েছে। End of বিবিসি বাংলায় আরও পড়ুন: ছবির উৎস,
AFP VIA GETTY IMAGES বিবিসি বাংলার সর্বশেষ খবর ও বিশ্লেষণ এখন সরাসরি আপনার ফোনে। ফলো করুন, নোটিফিকেশন অন রাখুন বিবিসি বাংলার সাথে থাকার জন্য ধন্যবাদ বিবিসি বাংলার হোয়াটসঅ্যাপ চ্যানেল নির্বাচনের পর সংসদ সদস্যদের শপথের তারিখ ঘোষণার পর থেকেই রাজনৈতিক অঙ্গনে বড় আলোচনার বিষয় হয়ে উঠেছিল সংবিধান সংস্কার পরিষদ। বিশেষ করে বিএনপি এই পরিষদের সদস্য হিসেবে শপথ নেবে কি-না, তা নিয়ে আলোচনা জোরালো হয়ে উঠেছিল। সকালে সংসদ ভবনে দলটির নির্বাচিত এমপিরা শপথ নেবার ঠিক আগ মুহূর্তে দলটির স্থায়ী কমিটির সদস্য সালাহউদ্দিন আহমদ একটি সাদা ও একটি নীল রংয়ের ফরম হাতে নিয়ে মাইকের সামনে দাঁড়ান। দলটির চেয়ারম্যান তারেক রহমানসহ সিনিয়র নেতারা তখন সেখানে সামনের সাড়িতে উপস্থিত ছিলেন। মি. আহমদ সাদা ও নীল রংয়ের দুটি ফরম হাতে নিয়ে বলেন, ""আমরা কেউ সংবিধান সংস্কার পরিষদের সদস্য নির্বাচিত হইনি এবং সংবিধানে এখনো এটা ধারণ করা হয়নি। গণভোটের রায় অনুযায়ী সংবিধান সংস্কার পরিষদ গঠিত হলে সেটা সংবিধানে আগে ধারণ করতে হবে এবং সংবিধান সংস্কার পরিষদের সদস্যকে কে শপথ নেয়াবেন সেটার বিধান করতে হবে। এমন ফরম সংবিধানের তৃতীয় তপশিলে আসবে। সেগুলো সাংবিধানিকভাবে সংসদে গৃহীত হবার পরে সংবিধান সংস্কার পরিষদের সদস্যদের শপথ নেওয়ার বিধান করা যাবে। আমরা সংবিধান মেনে এ পর্যন্ত চলেছি। আশা করি সামনের দিনেও চলবো""। এরপর তিনি দলীয় সদস্যদের উদ্দেশ্যে আরও বলেন, ""আমি মাননীয় চেয়ারম্যানের নির্দেশে ওনার উপস্থিতিতে আমাদের দলীয় সিদ্ধান্ত জানালাম""। প্রসঙ্গত, বিএনপি আগে থেকেই ক্ষমতা গ্রহণের পর আইনি প্রক্রিয়া অনুসরণ করে দলটি সনদের ভিত্তিতে রাষ্ট্রের গুরুত্বপূর্ণ সংস্কার কাজ সম্পন্ন করার কথা বলে আসছে। বিবিসি বাংলার হোয়াটসঅ্যাপ চ্যানেল ফলো করতে এখানে ক্লিক/ট্যাপ করুন ছবির উৎস,
AFP VIA GETTY IMAGES ছবির উৎস,
CHIEF ADVISER'S PRESS WING বিএনপি সংবিধান সংস্কার পরিষদের শপথ না নেওয়ায় প্রাথমিকভাবে ক্ষুব্ধ প্রতিক্রিয়া আসতে থাকে জামায়াতে ইসলামী ও এনসিপির দিক থেকে। এনসিপির মুখপাত্র আসিফ মাহমুদ সজিব ভূঁইয়া বেলা সোয়া এগারটায় ফেসবুকে তার পাতায় লিখেন ""গণভোটের জনরায়কে প্রথম দিনেই বৃদ্ধাঙ্গুলি দেখিয়ে শুরু হলো নতুন সংসদের যাত্রা""। বেলা ১২টা ৩৭ মিনিটে এনসিপির আরেকজন নেতা সারজিস আলম তার ভেরিফায়েড ফেসবুক পাতায় লিখেন ""জুলাই সনদ ও অভ্যুত্থানের আকাঙ্ক্ষার সাথে গাদ্দারি করে বিএনপি সরকারের যাত্রা শুরু হলো!"" বেলা একটা দলটির ভেরিফায়েড ফেসবুক পাতায় জানায় যে তারা মন্ত্রিসভার শপথ অনুষ্ঠানে যোগ দিচ্ছেন না। জামায়াতের একজন সিনিয়র নেতা প্রথমে সংবাদমাধ্যমকে শপথ না নেওয়ার কথা বললেও পরে তারা এমপি হিসেবে শপথ নেন ও একই সাথে সংবিধান সংস্কার পরিষদের সদস্য হিসেবেও শপথ নেন তারা। জামায়াত জোটে থাকা এনসিপি সদস্যরাও একই পথ অনুসরণ করেন। জামায়াতের সহকারী সেক্রেটারি জেনারেল হামিদুর রহমান আযাদ বিবিসি বাংলাকে বলেছেন নির্বাচন কমিশন থেকে দুটি শপথের জন্য চিঠি দেওয়া হয়েছে কিন্তু এখন বিএনপি যদি একটি শপথ নেয় তাহলে সেই সংসদে গিয়ে কী হবে? সোমবার কমিশনের চিঠিতে বলা হয় 'মঙ্গলবার নির্বাচিত সংসদ সদস্য ও সংবিধান সংস্কার পরিষদের সদস্যদের শপথ পাঠ করাবেন প্রধান নির্বাচন কমিশনার'। ছবির উৎস,
CA PRESS WING সুপ্রিম কোর্টের আইনজীবী মনজিল মোরসেদ বলছেন, জুলাই জাতীয় সনদ (সংবিধান সংস্কার) বাস্তবায়ন আদেশ, ২০২৫ অনুসারে সংবিধান সংস্কার পরিষদের কার্যক্রম পরিচালনার জন্য ৬০ জন পরিষদ সদস্যের উপস্থিতি প্রয়োজন হবে। ""জামায়াত-এনসিপির তো ৭৭ জন ওই আদেশ অনুযায়ী পরিষদ সদস্য হিসেবে শপথ নিয়েছেন। আদেশ বলছে কোরামের জন্য দরকার ৬০ জন। তাহলে ওই আদেশ অনুযায়ী তারা তো চাইলে নিজেদের মতো করে একটি সংবিধান বানিয়ে ফেলতে পারে। সেই পথে গেলে রাজনৈতিক পরিস্থিতি কী হবে কিংবা তারা সেটি করবে কি-না তা ভবিষ্যতে দেখা যাবে,"" বিবিসি বাংলাকে বলছিলেন তিনি। প্রসঙ্গত, ২০২৫ সালের ১৩ই নভেম্বর গেজেট হওয়া ওই আদেশে বলা হয়েছে, সংসদ নির্বাচনের ফল ঘোষণার পর ত্রিশ পঞ্জিকা দিবসের মধ্যে যে পদ্ধতিতে জাতীয় সংসদের প্রথম অধিবেশন আহবান করা হবে অনুরূপ পদ্ধতিতে পরিষদের প্রথম অধিবেশন আহবান করা হবে। এতে বলা হয়েছে, সংবিধান সংস্কার সংক্রান্ত কোনো প্রস্তাব অনুমোদনের জন্য পরিষদের মোট সদস্যদের সংখ্যাগরিষ্ঠ ভোটে সিদ্ধান্ত গৃহীত হবে এবং অন্য বিষয়ে উপস্থিত ও ভোট দানকারী সদস্যদের সংখ্যাগরিষ্ঠ ভোটে পরিষদের সিদ্ধান্ত গৃহীত হবে। মনজিল মোরসেদ বলছেন, এ আদেশ মানলে এসব নিয়ম অনুযায়ী জামায়াত-এনসিপি নিজেরাই পরিষদ আহবান করে সিদ্ধান্ত গ্রহণ করে এমনকি নতুন সংবিধানও বানিয়ে ফেলতে পারেন। জুলাই জাতীয় সনদ (সংবিধান সংস্কার) বাস্তবায়ন আদেশ, ২০২৫ পরিষদের গঠন সম্পর্কে বলা হয়েছে, নির্বাচিত প্রতিনিধিগন একই সাথে জাতীয় সংসদের সদস্য হিসেবে এবং এই আদেশ অনুসারে সংবিধান সংস্কার পরিষদের সদস্য হিসাবে দায়িত্ব পালন করিবেন। এই ধারায় আরও বলা হয়েছে, আরও বলা হয়েছে, সংবিধান সংস্কার পরিষদ প্রথম অধিবেশন শুরুর তারিখ থেকে ১৮০ কার্য দিবসের মধ্যে জুলাই জাতীয় সনদ এবং গণভোটের ফলাফল অনুসারে সংবিধান সংস্কার সম্পন্ন করবে এবং তা সম্পন্ন করবার পর পরিষদের কার্যক্রম সমাপ্ত হবে। কিন্তু বিএনপি শপথ না নেওয়ায় কার্যত এটি করার আর সুযোগ নেই বলেই মনে করছেন সংবিধান বিশেষজ্ঞ শাহদীন মালিক। ছবির উৎস,
CA PRESS WING শাহদীন মালিক বলছেন, যেই ৭৭ জন শপথ নিয়েছেন তারা জুলাই সনদ বাস্তবায়ন করতে পারেন সেই আদেশ বলে। কিন্তু তেমন কিছু করার জন্য সংঘাতময় পরিস্থিতি তৈরি করতে চাইলে সেটি আর জনগণের সমর্থন পাবে না বলে মনে করেন তিনি। ""জুলাই আদেশ অনুযায়ী গণভোটের জেতার কারণেই যদি এটি বাস্তবায়নযোগ্য হয়ে যায়, তাহলে এমনিতেও আর সংবিধান সংস্কার পরিষদের প্রয়োজন হয় না। তবে এ নিয়ে রাজনৈতিক সংকট তৈরির চেষ্টা আর সফল হবে না, কারণ এখন স্থিতিশীলতা চায়,"" বিবিসি বাংলাকে বলেছেন তিনি। মনজিল মোরসেদ বলছেন, জুলাই সনদ বাস্তবায়ন আদেশের মধ্যে পরিস্থিতিকে অস্থিতিশীল করে তোলা বীজ রাখা হয়েছে এবং তার মতে, এটি করাই হয়েছে দেশে আবারো অনির্বাচিত সরকার আনার প্রেক্ষাপট তৈরির জন্য। তিনি বলেন, নির্বাচন ঘোষণার পর থেকেই দেশ সাংবিধানিক প্রক্রিয়ায় চলে এসেছে এবং প্রধানমন্ত্রী, মন্ত্রিসভা ও এমপিদের শপথ হয়েছে সংবিধান অনুযায়ী। বাংলাদেশের বর্তমান সাংবিধানিক ব্যবস্থায় সংসদ বহাল না থাকা অবস্থায় রাষ্ট্রপতির অধ্যাদেশ বা নতুন আইন জারি করা হলে তা সংসদ বহাল হওয়ার পর উত্থাপনের ৩০ দিনের মধ্যে অনুমোদন করতে হয়। না হলে সেটি বাতিল হয়ে যায়। কিন্তু রাষ্ট্রপতির অধ্যাদেশ জারি করে জুলাই বাস্তবায়ন আদেশের যে গণভোট হয়েছে, সেক্ষেত্রে কি হবে, সেটি পুরোপুরি পরিষ্কার নয়। আইনের ব্যাখ্যা দিয়ে মনজিল মোরশেদ বলছেন, ''যে অধ্যাদেশে গণভোট হয়েছে, সেটা হয়েছে রাষ্ট্রপতির নামে জারি করা একটি আদেশের ওপর নির্ভর করে। এভাবে অধ্যাদেশ হতে পারে কিনা, সেটি নিয়ে আইনি প্রশ্ন রয়ে গেছে। আবার সেই অধ্যাদেশকে বা গণভোটকে বৈধতা দিতে হলে সংসদে উত্থাপন করে পাশ করাতে হবে। বিএনপি এখন সেটা সংসদে তুলবে কিনা, সেটা দেখার জন্য অপেক্ষা করতে হবে।'' তিনি আরো জানান, রাষ্ট্রপতির অধ্যাদেশ জারি করার ক্ষেত্রে সংবিধানে কিছু সীমাবদ্ধতা বেধে দিয়েছে। সংবিধানে যা নেই অর্থাৎ সংসদ যে বিষয়ে আইন করতে পারে না বা সংবিধানের কোনো বিধান পরির্বতন হয়ে যায়, সেসব বিষয়ে রাষ্ট্রপতি অধ্যাদেশ জারি করতে পারেন না। সংবিধানে যেহেতু গণভোটের বিধান নেই, তাই এ বিষয়ে অধ্যাদেশ জারি করার এখতিয়ার রাষ্ট্রপতির নেই বলে মনে করেন মনজিল মোরশেদ। ফলে এসব বিষয় নিয়ে আইনি প্রশ্ন উঠতে পারে বলে তিনি মনে করেন। এর মধ্যেই মঙ্গলবার গণভোটের বৈধতা চ্যালেঞ্জ করে ও ফলাফল স্থগিত চেয়ে রিট আবেদন করেছেন একজন আইনজীবী। সেই রিটে গণভোট বাতিল চাওয়া হয়েছে। ওদিকে সংসদ ভবনে শপথ গ্রহণের সময় বিএনপির দিক থেকে যেই ব্যাখ্যা দেওয়া হয়েছে সেখানে বলা হয়েছে তারা সংবিধান অনুযায়ী পদক্ষেপ নিবেন। তবে এর আগে জাতীয় ঐকমত্য কমিশনে সংবিধান সংস্কারের কিছু বিষয়ে বিএনপি নোট অব ডিসেন্ট দিয়েছিল। তখন বলা হয়েছিল, নির্বাচনে তাদের ইশতেহার জনগণের ম্যান্ডেট পেলে তার সে অনুযায়ী সংবিধান সংস্কারের পদক্ষেপ নিবে। মনজিল মোরসেদ বলছেন, সংবিধানে সংস্কার আনার বিষয়ে বিএনপি তাদের যে পরিকল্পনার কথা আগে জানিয়েছিল সে অনুযায়ী সংসদে বিল উত্থাপনের মাধ্যমে সংবিধানের প্রয়োজনীয় পরিবর্তন তারা করতে পারবে। ""এবং এটিই হবে সাংবিধানিক পন্থা। এর অন্যথা কিছু হলে সেটি জাতীয় স্থিতিশীলতার জন্যই হুমকি হয়ে দাঁড়াতে পারে,"" বিবিসি বাংলাকে বলছিলেন তিনি।","https://ichef.bbci.co.uk/ace/ws/400/cpsprodpb/CA0A/production/_106822715_gettyimages-541284296.jpg.webp, https://ichef.bbci.co.uk/ace/ws/400/cpsprodpb/01e9/live/c5327070-0719-11f1-9972-d3f265c101c6.png.webp, https://ichef.bbci.co.uk/ace/ws/400/cpsprodpb/f151/live/446b9720-0bf9-11f1-b7e1-afb6d0884c18.jpg.webp, https://ichef.bbci.co.uk/ace/ws/400/cpsprodpb/6fc1/live/cc932790-0d65-11f1-b1f2-a50c2c5773ab.jpg.webp, https://ichef.bbci.co.uk/ace/ws/400/cpsprodpb/0b65/live/cc24c370-0d67-11f1-b1f2-a50c2c5773ab.jpg.webp",https://www.bbc.com/bengali/articles/c3ew403yxnwo
"'চৌরঙ্গী' থেকে 'জন অরণ্য', শংকরের কলম থামল অবশেষে","ছবির উৎস,
RONJOY GOGOI/HINDUSTAN TIMES VIA GETTY IMAGES বাংলা ভাষার প্রখ্যাত কথা সাহিত্যিক মনিশংকর মুখার্জি শুক্রবার দুপুরে কলকাতায় মারা গেছেন। সাহিত্য জগতে তিনি 'শংকর' নামেই পরিচিত ছিলেন। মৃত্যুর সময়ে তার বয়স হয়েছিল ৯৩ বছর। একাধিক শারীরিক সমস্যা নিয়ে তিনি সপ্তাহ দুয়েক আগে দক্ষিণ কলকাতার একটি হাসপাতালে ভর্তি হয়েছিলেন। এর আগে ডিসেম্বর মাসে পড়ে গিয়ে হাসপাতালে ভর্তি হতে হয়েছিল তাকে, সেবার অস্ত্রোপচারও করা হয়। সুস্থ হয়ে বাড়ি ফিরে গিয়েছিলেন লেখক, পরে এমাসের গোড়ায় আবার তাকে হাসপাতালে ভর্তি করতে হয়। ""সেখানেই আজ দুপুর পৌনে একটা নাগাদ তার মৃত্যু হয়,"" জানিয়েছেন শংকরের লেখা অধিকাংশ বইয়ের প্রকাশনা সংস্থা 'দেজ পাবলিশিং'এর প্রধান সুধাংশু শেখর দে। তার মৃত্যুতে শোকজ্ঞাপন করেছেন পশ্চিমবঙ্গের মুখ্যমন্ত্রী মমতা ব্যানার্জী সহ বিশিষ্ট জনেরা। মুখ্যমন্ত্রী তার শোকবার্তায় লিখেছেন, 'চৌরঙ্গী' থেকে 'কত অজানারে', 'সীমাবদ্ধ' থেকে 'জন অরণ্য'—মনিশংকর মুখার্জির (শংকর) কালজয়ী সৃষ্টিগুলি প্রজন্মের পর প্রজন্ম বাঙালি পাঠককে মুগ্ধ করেছে। তার 'চৌরঙ্গী' বা 'স্বর্গ মর্ত পাতাল' এর মতো অত্যন্ত জনপ্রিয় বইগুলির কোনোটি ১২৮, কোনোটির একশরও বেশি সংস্করণ প্রকাশিত হয়েছে। বিক্রি হয়েছে লক্ষ লক্ষ কপি। বিবিসি বাংলার হোয়াটসঅ্যাপ চ্যানেল ফলো করতে এখানে ক্লিক/ট্যাপ করুন End of বিবিসি বাংলায় আরও পড়তে পারেন ছবির উৎস,
NIK WHEELER/SYGMA VIA GETTY IMAGES মণিশংকর মুখার্জির জন্ম ১৯৩৩ সালে বনগ্রাম বা বনগাঁয়। End of সর্বাধিক পঠিত বিবিসি বাংলার সর্বশেষ খবর ও বিশ্লেষণ এখন সরাসরি আপনার ফোনে। ফলো করুন, নোটিফিকেশন অন রাখুন বিবিসি বাংলার সাথে থাকার জন্য ধন্যবাদ বিবিসি বাংলার হোয়াটসঅ্যাপ চ্যানেল নিজেকে তিনি 'বাঙাল ফ্রম বনগ্রাম' বলতেন। সেখান থেকে তার পরিবার চলে আসে কলকাতা লাগোয়া হাওড়া শহরে। হাওড়ার কথা তার উপন্যাসগুলিতে বারবার ঘুরেফিরে এসেছে। খুব কম বয়সে, ১৯৪৭ সালে পিতৃহারা হয়ে জীবনযুদ্ধে নামতে হয় তাকে। নানা ধরনের কাজ করতে হয়েছে, যার মধ্যে অন্যতম ছিল হাইকোর্টের শেষ ব্রিটিশ ব্যারিস্টার ফ্রেডরিক বারওয়েলের কাছে অফিস অ্যাসিস্ট্যান্ট হিসাবে কাজ করা। সেই অফিসে কাজ করতে গিয়েই নিজের নামটাও চিরতরে বদলিয়ে গিয়েছিল। 'মনিশংকর' – এত বড়ো খটোমটো নাম ব্যারিস্টারের উচ্চারণ করতে সমস্যা হচ্ছিল, তাই ছোট করে 'শংকর' নাম দিয়েছিলেন। শংকরের প্রথম উপন্যাস 'কত অজানারে'-র পটভূমিও ছিল সেই ব্যারিস্টারের কাছে তার কর্মজীবনকে ঘিরেই। সেটা ছিল ১৯৫৫ সাল। ওই প্রথম উপন্যাস প্রকাশিত হয়েছিল বিখ্যাত সাহিত্য পত্রিকা 'দেশ'-এ। সেই ব্যাপারে স্মৃতিচারণ করতে গিয়ে মনিশংকর মুখার্জী লিখেছিলেন যে কারও সঙ্গে গিয়ে উপন্যাসটি জমা দিয়েছিলেন 'দেশ' পত্রিকার প্রবাদপ্রতিম সম্পাদক সাগরময় ঘোষের কাছে। পাণ্ডুলিপিটি নিয়ে সাগরময় ঘোষ বলেছিলেন, অন্তত সপ্তাহতিনেক যেন তাকে এ নিয়ে আর বিরক্ত না করা হয়। বেশ কিছুদিন উৎকণ্ঠা নিয়ে অপেক্ষার পরে একদিন মনিশংকর পৌঁছিয়েই গিয়েছিলেন পত্রিকা দফতরে। সাগরময় ঘোষ তাকে বলেছিলেন, তিনি নাকি লেখকের খোঁজ করে চলেছেন, কিন্তু 'ঠিকানাটুকুও তো দেন নি!' লেখক। ওই উপন্যাস প্রকাশিত হতেই হইহই শুরু হয়ে যায়। তবে তার কাছেই শুনেছিলাম যে প্রথম উপন্যাস বেরোনোর পরে অনেকেই নাকি তাকে তাচ্ছিল্য করে বলেছিলেন, তিনি 'একটি উপন্যাসের লেখক', অর্থাৎ কোনোভাবে একটা ভাল উপন্যাস বেরিয়ে গেছে তার হাত দিয়ে। কিন্তু পরবর্তীতে তার উপন্যাস যে লক্ষ লক্ষ কপি বিক্রি হবে, তা বোধহয় সেই শুরুর দিকের সমালোচকরা আন্দাজও করতে পারেন নি। কয়েকবছর পরে তিনি লিখেছেন আরেক কালজয়ী উপন্যাস 'চৌরঙ্গী'। তা পরে রূপ পেয়েছে একই নামের চলচ্চিত্রে, যেখানে 'স্যাটা বোস'এর চরিত্রে উত্তম কুমারের অসাধারণ অভিনয় বহু দশক পরেও মনে রেখেছেন দর্শক। 'চৌরঙ্গী' উপন্যাসটি ১৯৬২ সালে প্রথম প্রকাশিত হওয়ার ৬০ বছর পরে ২০২২ সালেই ১২৫তম সংস্করণটি ছাপা হয়। তার উপন্যাসের প্রায় ৯০ শতাংশই কলকাতার যে প্রকাশকের হাত দিয়ে বাজারে এসেছে, সেই 'দেজ পাবলিশিং' এর শুধাংশু শেখর দে বলছিলেন, ""শুধু তো চৌরঙ্গী নয়, স্বর্গ মর্ত পাতালের সংস্করণ তো আরও বেশি। তার বইয়ের সংখ্যা তো একশো ছাড়িয়েছে, বেশিরভাগই আমাদের প্রকাশনা থেকেই ছাপা হয়েছে। লাখ লাখ কপি বিক্রি হয় এখনও।"" শুধু উপন্যাস নয়, স্বামী বিবেকানন্দকে নিয়ে তার লেখা নন-ফিকশানের বিক্রিও লাখ ছাড়িয়েছে অনেক আগেই। তার উপন্যাসের ওপরে ভিত্তি করে সিনেমা করেছেন সত্যজিৎ রায়। 'সীমাবদ্ধ' ও 'জন অরণ্য' ছবি দুটির মূল লেখক মনিশংকর মুখার্জীই। সেই প্রসঙ্গে মি. মুখার্জী নিজে লিখেছিলেন যে, তার জন অরণ্য উপন্যাসটি পড়ে তার বাড়িতে ফোন করেছিলেন সত্যজিৎ রায়। সেসময়ে তিনি বাড়িতে ছিলেন না। পরে আবার যখন ফোন এল, ওপার থেকে সত্যজিৎ রায়ের গুরুগম্ভীর গলায় প্রশ্ন এসেছিল, ""আমি কি মণিশংকর রায়ের সঙ্গে কথা বলতে পারি?' শংকর জবাব দিয়েছিলেন, ""আমি মণিশংকর রায় না, মুখার্জী।"" ছবির উৎস,
RONJOY GOGOI/HINDUSTAN TIMES VIA GETTY IMAGES অনেক সাহিত্যিকই কোনো না কোনো পত্রিকা দফতরে চাকরি করেন। কিন্তু মনিশংকর মুখার্জীর পেশা ছিল জনসংযোগ বা পাবলিক রিলেশনস, এখন যে পেশাকে বলা হয়ে থাকে কর্পোরেট কমিউনিকেশন। একসময়ে ডানলপ কোম্পানিতে, পরে দীর্ঘ সময়ে আরপি গোয়েঙ্কা গোষ্ঠীর জনসংযোগ বিভাগের প্রধান হিসাবে চাকরি করেছেন তিনি। আরপি গোয়েঙ্কা গোষ্ঠীর অধীনেই সিইএসসি সংস্থাটি – যারা কলকাতা আর পার্শ্ববর্তী অঞ্চলে বিদ্যুৎ সরবরাহ করে থাকে। তাদের সদর দফতর – মধ্য কলকাতার 'ভিক্টোরিয়া হাউস'-এ ছিল তার দফতর। সম্ভবত জনসংযোগ পেশাজীবী ছিলেন বলেই সাধারণ মানুষের কথা, সহজ সরল লেখনিতে তুলে ধরতে পারতেন মনিশংকর মুখার্জী। সেকারণেই তার লেখার সঙ্গে নিজেদের 'আইডেন্টিফাই' করতে পারতেন বহু সাধারণ মানুষ, তার জনপ্রিয়তার চাবিকাঠিও ছিলে সেটা। তবে যে লেখকের উপন্যাস লক্ষ লক্ষ কপি বিক্রি হয়, বেশ কিছু উপন্যাসের একশরও বেশী সংস্করণ ছাপা হয়, তার প্রতি যে অন্য অনেক সাহিত্যিকেরই ঈর্শা থাকবে, সেটা স্বাভাবিক। এটা সম্ভবত জানতেন তিনি নিজেও আর কিছুটা অভিমানও হয়ত তার ছিল। তবে তাতে তার লেখনিতে কোনো অদলবদল তো পাঠকরা দেখতে পায় নি। 'চৌরঙ্গী' উপন্যাসটা যে বাক্য দিয়ে তিনি শেষ করেছিলেন, ""আমি এগিয়ে চললাম"", সেভাবেই মনিশংকর মুখার্জী এগিয়ে গেছেন সাত দশকেরও বেশি সময় জুড়ে থাকা তার সাহিত্যজীবনে। অবশেষে ২০২৬-এ এসে থমকে দাঁড়ালো তার কলম।","https://ichef.bbci.co.uk/ace/ws/400/cpsprodpb/CA0A/production/_106822715_gettyimages-541284296.jpg.webp, https://ichef.bbci.co.uk/ace/ws/400/cpsprodpb/01e9/live/c5327070-0719-11f1-9972-d3f265c101c6.png.webp, https://ichef.bbci.co.uk/ace/ws/400/cpsprodpb/f151/live/446b9720-0bf9-11f1-b7e1-afb6d0884c18.jpg.webp, https://ichef.bbci.co.uk/ace/ws/400/cpsprodpb/6fc1/live/cc932790-0d65-11f1-b1f2-a50c2c5773ab.jpg.webp, https://ichef.bbci.co.uk/ace/ws/400/cpsprodpb/0b65/live/cc24c370-0d67-11f1-b1f2-a50c2c5773ab.jpg.webp",https://www.bbc.com/bengali/articles/cgqg33kyl72o
জামায়াত জোট শক্ত বিরোধী দল হতে পারবে?,"বাংলাদেশের রাজনীতিতে জামায়াতে ইসলামীর প্রত্যাবর্তন হয়েছিল বিএনপির হাত ধরেই। একসাথে জোট, আন্দোলনে দেখা গেছে দুই দলকে। তবে এবারের নির্বাচনে দুই দল ছিল মুখোমুখি। প্রথমবারের মতো প্রধান বিরোধী দলের ভূমিকায় জামায়াতে ইসলামী। কিন্তু জামায়াতে ইসলামী জোট সামনে কতটা চ্যালেঞ্জ করতে পারবে বিএনপিকে? বিরোধী দল হিসেবেই বা তারা কেমন হবে? আওয়ামী লীগ কীভাবে ফ্যাক্টর? দেখুন অর্চি অতন্দ্রিলার ভিডিও প্রতিবেদনে। © 2026 বিবিসি। বাইরের কোন সাইটের তথ্যের জন্য বিবিসি দায়বদ্ধ নয়। বাইরের লিংক সম্পর্কে বিবিসির দৃষ্টিভঙ্গি সম্বন্ধে পড়ুন। Autoplay Play next item automatically Video quality Highest available Video quality Currently unavailable Low Medium Highest available Automatically selects the best quality available Settings Change the styling","https://ichef.bbci.co.uk/images/ic/512xn/p0n1g28h.jpg.webp, https://ichef.bbci.co.uk/ace/ws/240/cpsprodpb/532c/live/5715ee20-0b45-11f1-b7e1-afb6d0884c18.jpg.webp, https://ichef.bbci.co.uk/ace/ws/240/cpsprodpb/5dce/live/70f4b0a0-0b41-11f1-b7e1-afb6d0884c18.jpg.webp, https://ichef.bbci.co.uk/ace/ws/240/cpsprodpb/0ba6/live/a2418830-05b1-11f1-9972-d3f265c101c6.jpg.webp, https://ichef.bbci.co.uk/ace/ws/240/cpsprodpb/2b67/live/bc87a5b0-0b58-11f1-9972-d3f265c101c6.jpg.webp",https://www.bbc.com/bengali/articles/cyv9eylvl46o
গোপনীয়তা সংক্রান্ত বিবৃতি,"বিবিসির ওয়েবসাইটগুলো ব্যবহারের সময় আপনার এবং আপনার পরিবারের ব্যক্তিগত তথ্য নিরাপদ রাখতে বিবিসি বদ্ধপরিকর। বিবিসির ওয়েবসাইটগুলো পুরোপুরি ব্যবহার করতে কখনও কখনও আপনাদের ব্যক্তিগত নানা তথ্য বিবিসিকে জানাতে হয়। আপনার দেওয়া তথ্য ডেটা প্রোটেকশন অ্যাক্ট এবং ব্যক্তিগত তথ্য নিরাপদ রাখতে প্রযোজ্য সব ব্রিটিশ আইন অনুযায়ী ব্যবহার করা বিবিসির জন্য বাধ্যতামূলক। বিবিসির ওয়েবসাইটগুলোতে অনেক সময় তৃতীয় কোন পক্ষের মালিকানাধীন ওয়েবসাইটের লিঙ্ক দেওয়া থাকে। বাইরের এ সব ওয়েবসাইটের বিষয়বস্তুর ব্যাপারে বিবিসির কোন দায়বদ্ধতা নেই এবং আপনি নিজ দায়িত্বে এগুলো ব্যবহার করতে পারেন। বিবিসির নিউজলেটার, প্রতিযোগিতা, লাইভ চ্যাট এবং মেসেজ বোর্ডের মতো ওয়েবসাইটগুলো ব্যবহার করতে গেলে আপনাকে কিছু ব্যক্তিগত তথ্য সরবরাহ করতে হতে পারে। যেমন আপনার নাম, ইমেইল ঠিকানা, টেলিফোন ও মোবাইল নম্বর অথবা জন্ম তারিখ। নির্ধারিত জায়গায় আপনার তথ্য লেখার পর বিবিসি আপনাকে আপনার পছন্দের সার্ভিস ব্যবহার করার সুযোগ দেয়। বিবিসি এ ক্ষেত্রে কিছু কুকি ব্যবহার করে। কুকি হলো খুব সামান্য কিছু ডেটা, যার মাধ্যমে ওয়েবসাইটে আপনার পছন্দ অপছন্দের তথ্য সংরক্ষিত থাকে। এতে করে বিবিসি আপনার পছন্দ অনুযায়ী ওয়েবসাইটগুলো উপস্থাপন করতে পারে। আপনি আপনার ওয়েব ব্রাউজারে এসব কুকি ঢোকার অনুমতি দিতে পারেন, এজন্য নোটিফিকশনের অপশন রাখতে পারেন - আবার কুকি ঢোকার অনুমতি নাও দিতে পারেন। একইভাবে আমরা আইপি অ্যাড্রেস সংগ্রহ করি (আইপি হলো একটি নির্দিষ্ট নম্বর যার মাধ্যমে একটি নির্দিষ্ট কম্পিউটার বা নেটওয়ার্কের কোন নির্দিষ্ট যন্ত্রকে সনাক্ত করা যায়)। End of সর্বাধিক পঠিত বিবিসির ওয়েবসাইটগুলো আপনার পছন্দ মতো উপস্থাপন করতে আমরা সফ্‌টওয়্যারের মাধ্যমে এ সব আইপি অ্যাড্রেস এবং কুকি বিশ্লেষণ করি। তবে আপনার ব্যক্তিগত তথ্য ভান্ডার গড়ে তুলতে এসব তথ্য কখনই ব্যবহার করা হয় না এবং নিয়মিত বিরতিতে এসব নষ্ট করে ফেলা হয়। এছাড়াও আপনি যুক্তরাজ্যের ভেতর থেকে বা বাইরে থেকে বিবিসির ওয়েবসাইট ব্যবহার করছেন কিনা, তাও এই আইপি অ্যাড্রেসের মাধ্যমে নির্ধারণ করা হয়। আপনার বয়স যদি ১৬ বা এর কম হয়ে থাকে, সেক্ষেত্রে বিবিসির ওয়েবসাইটে আপনার ব্যক্তিগত তথ্য দেবার আগে আপনার অভিভাবকের অনুমতি নিন। অভিভাবকের অনুমতি ছাড়া বিবিসি ওয়েবসাইটে কোন তথ্য দেওয়া নিষিদ্ধ। অল্প কয়েকটি ক্ষেত্রে বিবিসি আপনার ব্যক্তিগত তথ্য ব্যবহার করে। এরমধ্যে রয়েছে, 'সার্ভিস অ্যাডমিনিস্ট্রেশন পার্পাস' যেমন, আপনি যে ওয়েবসাইট ব্যবহার করছেন সে সংক্রান্ত প্রয়োজনে বিবিসি আপনার সঙ্গে যোগাযোগ করতে পারে। আইনগত বাধ্যবাধকতা থাকলে বা আইনগত নিষেধাজ্ঞা না থাকলে বিবিসি আপনার দেওয়া তথ্য গোপন রাখবে। বিবিসির ওয়েবসাইটে আক্রমণাত্মক, আপত্তিকর অথবা যথাযথ নয় এমন কিছু পোস্ট করলে বা পাঠালে, বা অন্য কোনভাবে বিবিসির ওয়েবসাইটের কার্যক্রমে বাধা সৃষ্টি করলে, তা বন্ধ করতে বিবিসি আপনার ব্যক্তিগত তথ্য ব্যবহার করতে পারে। বিবিসির ওয়েবসাইট ব্যবহার করতে, আপনার ব্যক্তিগত তথ্য যতদিন প্রয়োজন বিবিসি সংরক্ষণ করবে। এছাড়া আপনি যদি বিবিসির কোন ওয়েবসাইটে কিছু লিখে থাকেন বা পাঠিয়ে থাকেন, তা যুক্তিসঙ্গত সময় পর্যন্ত সংরক্ষণ করা হবে। পূর্ণাঙ্গ এবং সর্ব-সাম্প্রতিক বিবিসি প্রাইভেসি পলিসি জানতে পারবেন আমাদের মূল ইংরেজী ওয়েবসাইটে: http://www.bbc.co.uk/privacy","https://ichef.bbci.co.uk/ace/ws/400/cpsprodpb/CA0A/production/_106822715_gettyimages-541284296.jpg.webp, https://ichef.bbci.co.uk/ace/ws/400/cpsprodpb/01e9/live/c5327070-0719-11f1-9972-d3f265c101c6.png.webp, https://ichef.bbci.co.uk/ace/ws/400/cpsprodpb/f151/live/446b9720-0bf9-11f1-b7e1-afb6d0884c18.jpg.webp, https://ichef.bbci.co.uk/ace/ws/400/cpsprodpb/6fc1/live/cc932790-0d65-11f1-b1f2-a50c2c5773ab.jpg.webp, https://ichef.bbci.co.uk/ace/ws/400/cpsprodpb/0b65/live/cc24c370-0d67-11f1-b1f2-a50c2c5773ab.jpg.webp",https://www.bbc.com/bengali/institutional-37289766
পত্রিকা: 'বাংলাদেশ-ভারত দুই দেশেই ভিসা সেবা বাড়ছে',"দেশ রূপান্তরের প্রথম পাতার খবর— বাংলাদেশ-ভারত দুই দেশেই ভিসা সেবা বাড়ছে। এতে বলা হয়েছে, চব্বিশে গণঅভ্যুত্থানে শেখ হাসিনার সরকারের পতনের পর বাংলাদেশে ভারতীয় মিশনগুলো ভিসা পরিষেবা খুব সীমিত করে দেয়। তবে, এই সেবা পুরোদমে চালুর আভাস দিয়েছে ভারত। সিলেটে দেশটির মিশনের সিনিয়র কনস্যুলার কর্মকর্তা অনিরুদ্ধ দাস স্থানীয় সাংবাদিকদের জানান, ভিসা পরিষেবা সম্পূর্ণরূপে পুনরায় চালু করার জন্য পদক্ষেপ নেওয়া হচ্ছে। ভারতের তরফ থেকে ভিসা পরিষেবা স্বাভাবিক করতে পদক্ষেপ নেওয়া হচ্ছে এমন খবর বেরোনোর পর দেশটির রাজধানী দিল্লি ও আগরতলায় বাংলাদেশ মিশনগুলোও ভিসা পরিষেবা সম্প্রসারণ করতে শুরু করছে। দিল্লিতে বাংলাদেশের এক কূটনীতিক গতকাল শুক্রবার বিষয়টি নিশ্চিত করেন। উগ্রপন্থিদের হামলার ঝুঁকির মুখে গত দুই মাস দিল্লি ও আগরতলায় ভিসা পরিষেবা প্রায় বন্ধ রাখা হয়। এদিকে, একটু একটু করে ভিসা সেবা স্বাভাবিক করার মধ্য দিয়ে বাংলাদেশ ও ভারতের মধ্যে সম্পর্কের স্থবিরতা কাটার ইঙ্গিত পাচ্ছেন দুই দেশের কূটনীতিকরা। তারা বর্তমান অবস্থাকে অনেক দিন জমে থাকা বরফ গলতে শুরু করার সঙ্গে তুলনা করছেন। কালের কণ্ঠের প্রধান শিরোনাম— ভাষার সঙ্গে বিপন্ন সংস্কৃতিও। End of সর্বাধিক পঠিত বিবিসি বাংলার সর্বশেষ খবর ও বিশ্লেষণ এখন সরাসরি আপনার ফোনে। ফলো করুন, নোটিফিকেশন অন রাখুন বিবিসি বাংলার সাথে থাকার জন্য ধন্যবাদ বিবিসি বাংলার হোয়াটসঅ্যাপ চ্যানেল এই খবরে বলা হয়েছে, দেশের অনেক ক্ষুদ্র নৃগোষ্ঠীর ভাষা ও সংস্কৃতি এখন হুমকির মুখে। উল্লেখযোগ্যসংখ্যক মা তার ভাষায় সন্তানদের সঙ্গে কথা বলছেন না। ফলে ক্ষুদ্র নৃগোষ্ঠীগুলোর নিজস্ব ভাষা দুর্বল হয়ে যাছে এবং হারিয়ে যাচ্ছে। ভাষার সঙ্গে বিপন্ন হচ্ছে সংস্কৃতিও। ২০২১ সালে বাংলাদেশ সরকার স্বীকৃত ৫০টি ক্ষুদ্র নৃগোষ্ঠীর মধ্যে স্বল্প পরিচিত ২০টি জনগোষ্ঠীর ভাষা নিয়ে গবেষণার কাজ শুরু করে আন্তর্জাতিক বেসরকারি প্রতিষ্ঠান সামার ইনস্টিটিউট অব লিঙ্গুইস্টিকস (এসআইএল) ইন্টারন্যাশনাল বাংলাদেশ। ২০২১ সালের জানুয়ারি থেকে ২০২৩ সালের এপ্রিল পর্যন্ত স্বল্প পরিচিত ১৫টি জনগোষ্ঠীর ওপর গবেষণা শেষ করে প্রতিষ্ঠানটি। গবেষণার তৃতীয় ও শেষ পর্বে ২০২৪ সালে পাঁচটি জনগোষ্ঠীর ভাষা, সংস্কৃতি ও আর্থ-সামাজিক অবস্থা নিরূপণ করে এসআইএল, যা গত বছরের জানুয়ারিতে প্রকাশ করা হয়। এগুলো হলো— গড়াইত, গুর্খা, খেড়োয়ার, ভূঁইমালী, লোহার ও শবর। গবেষণায় দেখা গেছ, মূলত অর্থনৈতিক ও সামাজিকভাবে অনগ্রসরতার কারণে মাতৃভাষা গুরুত্ব পাচ্ছে না এসব সম্প্রদায়ের লোকদের কাছে। জীবিকার তাগিদেই তারা ঝুঁকছে বাংলা বা অন্য ভাষার দিকে। এসব জনগোষ্ঠীর বেশিরভাগই দারিদ্র্যসীমার নিচে বাস করে এবং ভূমিহীন। প্রথম আলোর প্রধান শিরোনাম— ভাষাজ্ঞানে দুর্বল শিক্ষার্থীরা, পিছিয়ে শিক্ষা ও কর্মজীবনে। এই খবরে বলা হয়েছে, আন্তর্জাতিক মাতৃভাষা দিবস ঘিরে দেশে ভাষার মর্যাদা ও সাংস্কৃতিক পরিচয়ের কথা নতুন করে উচ্চারিত হয়। কিন্তু বাস্তবতা হচ্ছে বিপুলসংখ্যক শিক্ষার্থী বাংলা ও ইংরেজি— দুই ভাষাতেই প্রয়োজনীয় দক্ষতা অর্জন না করেই এক শ্রেণি থেকে আরেক শ্রেণিতে উঠছে। শিক্ষার্থীদের একটি বড় অংশ স্নাতক ও স্নাতকোত্তর শেষ করার পরও ভাষাদক্ষতায় পিছিয়ে থাকে। তারা ভালো বাংলা লিখতে পারে না। আন্তর্জাতিক ভাষা ইংরেজিতেও দক্ষ হতে পারছে না। এর নেতিবাচক প্রভাব পড়ে শিক্ষাজীবনের প্রতিটি ধাপে এবং চাকরি পাওয়ার ক্ষেত্রে। এই সংকটের শুরু প্রাথমিক শিক্ষা থেকে। প্রাথমিকে শিক্ষার্থীদের ভাষাদক্ষতা কেমন, তা উঠে এসেছিল ২০২৩ সালে সেভ দ্য চিলড্রেন ও গণসাক্ষরতা অভিযানের একটি গবেষণায়। দুইটি উপজেলার ৩২২টি সরকারি প্রাথমিক বিদ্যালয়ের প্রথম থেকে পঞ্চম শ্রেণির ২ হাজার ২৯ শিক্ষার্থীর ওপর করা ওই গবেষণায় দেখা যায়, শিক্ষার্থীরা যত উপরের শ্রেণিতে উঠছে, ভাষাশিক্ষার ঘাটতিও তত বাড়ছে। এর মধ্যে পঞ্চম শ্রেণিতে বাংলা বিষয়ে শিক্ষার্থীদের শিখন ঘাটতি ছিল ৭০ শতাংশ। আর ইংরেজিতে প্রায় ৮২ শতাংশ শিক্ষার্থীর ঘাটতি ছিল। বিশেষজ্ঞরা বলছেন, ভাষাশিক্ষায় দুর্বলতা এখন বিচ্ছিন্ন সমস্যা নয়; এটি প্রাথমিক থেকে উচ্চশিক্ষ পর্যন্ত বিস্তৃত একটি কাঠামোগত সংকটে রূপ নিয়েছে। আজকের পত্রিকার প্রথম পাতার খবর— পুলিশে শীর্ষ পদে বদল হতে পারে, ঢালাও বদলি নয়। এই খবরে বলা হয়েছে, নির্বাচিত সরকার ক্ষমতায় আসার পর পুলিশ বাহিনীর শীর্ষ পদগুলোতে পরিবর্তনের আভাস মিলেছে। তবে আইনশৃঙ্খলা পরিস্থিতি স্থিতিশীল রাখতে আপাতত সব স্তরে ঢালাও বদলি না করার সিদ্ধান্ত নিয়েছে সরকার। এখন আইজিপি, ডিএমপি কমিশনার, র‍্যাব মহাপরিচালক, পুলিশের বিশেষ শাখার প্রধান, অতিরিক্ত আইজিপি (প্রশাসন) এবং সিআইডি প্রধানসহ বেশ কয়েকটি শীর্ষ পদে পরিবর্তন আসছে। ডিআইজি , এসপি ও থানার ওসিদের বদলির বিষয়ে এখনো চূড়ান্ত সিদ্ধান্ত নেওয়া হয়নি। আপাতত এসব পদে বদলি করা হবে না বলে জানা গেছে। পুলিশের কোন কোন পদে পরিবর্তন আসছে, জানতে চাইলে এ সম্পর্কে সরাসরি মন্তব্য করেননি স্বরাষ্ট্রমন্ত্রী সালাহউদ্দিন আহমদ। তবে পুলিশপ্রধান বাহারুল আলম বলেছেন, তিনি নিজ দায়িত্ব থেকে সরে যাচ্ছেন। এছাড়া কিছু গুরুত্বপূর্ণ পদে পদায়ন বিষয়ে আলোচনা চলছে। নতুন সরকারের ভাবনা, পদায়ন ও দায়িত্ব প্রদান হবে সম্পূর্ণ মেধা ও যোগ্যতার ভিত্তিতে । সেখানে রাজনৈতিক পরিচয়ের চেয়ে দক্ষতাকে প্রাধান্য দেওয়া হবে। End of বিবিসি বাংলায় আরো পড়ুন: শেষ সময়ে তড়িঘড়ি চুক্তি অন্তর্বর্তী সরকারের বড় ভুল কি— বণিক বার্তার প্রধান শিরোনাম এটি। প্রতিবেদনটিতে বলা হয়েছে, ত্রয়োদশ জাতীয় সংসদ নির্বাচনের মাত্র তিনদিন আগে ৯ই ফেব্রুয়ারি তড়িঘড়ি করে যুক্তরাষ্ট্রের সঙ্গে পারস্পরিক বাণিজ্য চুক্তিতে সই করে অন্তর্বর্তী সরকার। মার্কিন বাজারে প্রবেশাধিকার ধরে রাখা এবং সম্ভাব্য শুল্কচাপ এড়ানোর কৌশলগত পদক্ষেপ হিসেবে চুক্তিটিকে উপস্থাপন করেছিল ড. মুহাম্মদ ইউনূসের নেতৃত্বাধীন সরকার। যদিও ভোটের আগ মুহূর্তে এ ধরনের চুক্তি স্বাক্ষর না করে বিষয়টি নতুন সরকারের ওপর ছেড়ে দিতে পরামর্শ দিয়েছিলেন অর্থনীতিবিদ ও বাণিজ্যসংশ্লিষ্টরা। কিন্তু বিষয়টি আমলে নেয়নি অন্তর্বর্তী সরকার। এর মধ্যে গতকাল শনিবার মার্কিন সুপ্রিম কোর্ট ট্রাম্পের বৈশ্বিক শুল্কারোপ অবৈধ ঘোষণা করেছে। এই সিদ্ধান্তের বিরুদ্ধে আপিলের সুযোগ নেই। তবে ট্রাম্প প্রশাসন আদালতের কাছে রায়টি পুনরায় বিবেচনা করার অনুরোধ করতে পারে। যদিও এটি অত্যন্ত বিরল ঘটনা এবং রায় পাল্টে যাওয়ার নজির নেই বললেই চলে। তাতে আবারো প্রশ্ন উঠছে— নির্বাচনের আগ মুহূর্তে এমন একটি দীর্ঘমেয়াদি, বহুমাত্রিক শর্তযুক্ত চুক্তিতে সই করা কি অন্তর্বর্তী সরকারের ভুল সিদ্ধান্ত ছিল? এদিকে, এই রায়ের কয়েক ঘণ্টার মধ্যেই প্রেসিডেন্ট ডোনাল্ড ট্রাম্প নতুন পথে হাঁটার ঘোষণা দিয়েছেন। তিনি বলেছেন, ট্রেড অ্যাক্টের সেকশন ১২২ ব্যবহার করে বিশ্বব্যাপী ১০ শতাংশ ট্যারিফ তাৎক্ষণিকভাবে কার্যকর করবেন। এটি তিনদিন পর থেকে কার্যকর হবে। যেসব দেশ এরই মধ্যে চুক্তি করে ফেলেছে তাদের বিষয়ে ট্রাম্প সুনির্দিষ্ট করে কিছু বলেননি। দ্য ডেইলি স্টারের প্রধান শিরোনাম— Govt plans 100-day energy push। এই খবরে বলা হয়েছে, গভীর ও অগভীর সমুদ্রে গ্যাস অনুসন্ধানের জন্য নতুন করে দরপত্র আহ্বানের পরিকল্পনা করছে সরকার। এর মধ্যে ক্ষমতাগ্রহণের প্রথম ১০০ দিনের মধ্যে মডেল উৎপাদন-বণ্টন চুক্তি (পিএসসি) চূড়ান্ত করার লক্ষ্য রয়েছে। সংশ্লিষ্ট মন্ত্রণালয়ের কর্মকর্তারা জানিয়েছেন, চলতি বছর দরপত্র প্রক্রিয়া সম্পন্ন করা এবং ২০২৭ সালের মধ্যে এ বিষয়ে চূড়ান্ত চুক্তি স্বাক্ষর করার লক্ষ্য ঠিক করা হয়েছে। এর আগে, ক্ষমতাচ্যুত আওয়ামী লীগ সরকার ২০২৪ এর মার্চে এ ধরনের একটি উদ্যোগ নিয়েছিল। অগভীর সমুদ্রে গ্যাস অনুসন্ধানে বিদেশি কোম্পানিগুলোর জন্য ওই বছরের সেপ্টেম্বরে দরপত্র জমা দেওয়ার শেষ সময়সীমা নির্ধারণ করা হয়েছিল। পরে রাজনৈতিক পটপরিবর্তন হলে এই সময়সীমা আরও তিন মাস বাড়িয়েছিল অন্তর্বর্তী সরকার। কিন্তু বিদেশি কোম্পানিদের কাছে এই দরপত্রের আহ্বান নজর কাটেনি। এদিকে, গত বুধবার দায়িত্ব গ্রহণের প্রথম দিনে বিদ্যুৎ, জ্বালানি ও খনিজ সম্পদ মন্ত্রী ইকবাল হাসান মাহমুদ মন্ত্রণালয়ের কর্মকর্তাদের সাথে পরিচিতি সভায় এই খাতের জন্য ১০০ দিনের একটি রোডম্যাপে পিএসসি চূড়ান্ত করার পরিকল্পনা প্রকাশ করেন। এই বৈঠকের পর সাংবাদিকদের ইকবাল হাসান মাহমুদ বলেছেন, রমজান মাসে এবং সেচ মৌসুমে নিরবচ্ছিন্ন বিদ্যুৎ সরবরাহ নিশ্চিত করা সরকারের সর্বোচ্চ অগ্রাধিকার। এরপর ভবিষ্যৎ পরিকল্পনা নিয়ে আগানোর কথা বলেন তিনি। পরিকল্পনা অনুযায়ী, ২০২৬-২৭ অর্থবছরের মধ্যে ৪৬টি কূপ থেকে প্রতিদিন অতিরিক্ত ৬৫২ মিলিয়ন ঘনফুট গ্যাস উৎপাদনের লক্ষ্যমাত্রা নির্ধারণ করা হয়েছে। বিবিসি বাংলার হোয়াটসঅ্যাপ চ্যানেল ফলো করতে এখানে ক্লিক/ট্যাপ করুন সমকালের প্রথম পাতার খবর— স্থানীয় নির্বাচনের প্রস্তুতি শুরু করেছে জামায়াত। খবরটিতে বলা হয়েছে, সংসদের বিরোধী দল জামায়াতে ইসলামী স্থানীয় সরকার নির্বাচনের প্রস্তুতি শুরু করেছে। উপজেলা চেয়ারম্যান, পৌরসভার মেয়র ও ইউনিয়ন পরিষদের চেয়ারম্যান পদে আগেই প্রার্থী ঠিক করেছে দলটি। সিটি করপোরেশনের মেয়র প্রার্থী বাছাইয়ের কাজ শুরু হবে শিগগিরই। বিশেষ করে রাজধানী ঢাকার দুই সিটি করপোরেশনে জয়ী হওয়া জামায়াতের প্রধান লক্ষ্য। উল্লেখ্য, ড. মুহাম্মদ ইউনূসের নেতৃত্বাধীন অন্তর্বর্তী সরকার স্থানীয় সরকার-সংক্রান্ত আইনগুলো সংশোধন করেছে অধ্যাদেশের মাধ্যমে। পরিবর্তন করা হয়েছে গণপ্রতিনিধিত্ব আদেশও। এসব অধ্যাদেশ ত্রয়োদশ সংসদের অনুমোদন পেলে স্থানীয় সরকার নির্বাচন আবারও নির্দলীয় পদ্ধতিতে হবে। এদিকে, জামায়াত নেতৃত্বাধীন ১১ দল সংসদের আসন বণ্টনের সময়েই সিদ্ধান্ত নিয়েছিল, তাদের জোট স্থানীয় নির্বাচনেও থাকবে। এই সিদ্ধান্ত এখনও অটুট রয়েছে বলে জানিয়েছেন দলটির নেতারা। তবে, সিটি করপোরেশনে মেয়র পদে শরিকদেরকে জামায়াতের ছাড় দেওয়ার সম্ভাবনা কম। End of বিবিসি বাংলার আরো সংবাদ: নয়া দিগন্তের প্রধান শিরোনাম— চব্বিশের জুলাই পূর্ববর্তী ধারায় ফিরবে রাষ্ট্র? এতে বলা হয়েছে, সংস্কার পরিষদের সদস্য হিসেবে নির্বাচিত সংসদ সদস্যদের শপথগ্রহণ নিয়ে নতুন জটিলতায় পড়েছে জুলাই সনদ বাস্তবায়ন প্রক্রিয়া। বিরোধী জোটের ৭৭ জন সদস্য দু'টি শপথ নিলেও বিএনপি ও তাদের শরিকদের ২১২ জন সদস্য সংস্কার পরিষদের শপথ নেননি। বিধি অনুসারে তাদের হাতে এক মাস সময় থাকলেও এই সময়ের মধ্যে শপথ নেবেন, এমন নিশ্চয়তা নেই। ফলে গণভোটে পাওয়া জনসমর্থন এবং জুলাই সনদের বাস্তবায়ন- দু'টিই নতুন অনিশ্চয়তার মুখে পড়েছে। গণভোটে জনসমর্থন মিললেও আইনি বাস্তবায়ন নির্ভর করছে সংসদের ওপর। কেননা, গণভোট নিজে থেকে আইন নয়। এটি কেবল অনুমোদন দেয়; কার্যকারিতা দেয় সংসদ। বিশেষজ্ঞরা বলছেন, বড় রাজনৈতিক শক্তি হিসেবে বিএনপি যদি সংস্কার পরিষদে অংশ না নেয়, তাহলে দু'টি ঝুঁকি তৈরি হতে পারে। এক, সংশোধনীগুলোর অন্তর্ভুক্তিমূলক বৈধতা প্রশ্নবিদ্ধ হবে। দুই, ভবিষ্যতে আদালতে প্রক্রিয়াগত অযৌক্তিকতা বা ঐকমত্যের অভাবের যুক্তিতে চ্যালেঞ্জ উঠতে পারে। ফলে ভবিষ্যৎ সংসদ চাইলে এসব আইন বাতিল বা সংশোধনও করতে পারবে। ফলে সংস্কারের স্থায়িত্ব নড়বড়ে হয়ে পড়বে। নিত্যপণ্যের বাজার নিয়ন্ত্রণ, মূল্যবৃদ্ধির কারণ খুঁজছে প্রশাসন— যুগান্তরের দ্বিতীয় প্রধান খবর এটি। এই খবরে বলা হয়েছে, প্রধানমন্ত্রী তারেক রহমান দায়িত্ব গ্রহণের পর গত বুধবার প্রথম দিন মন্ত্রিসভার সদস্যদের দ্রব্যমূল্য নিয়ন্ত্রণে কাজ করার নির্দেশ দিয়েছেন। একই দিন জাতির উদ্দেশে ভাষণে তিনি দ্রব্যমূল্য মানুষের নাগালের বাইরে যেন না যায়, সে ব্যাপারে ব্যবসায়ীদের সতর্ক থাকার আহ্বান জানিয়েছেন। দ্রব্যমূল্য নিয়ে প্রধানমন্ত্রীর এ অবস্থার পরিপ্রেক্ষিতে বাণিজ্য মন্ত্রণালয় বেশকিছু পদক্ষেপ নিচ্ছে। যার মধ্যে রয়েছে, বাজারে পণ্যের মূল্যবৃদ্ধির পেছনের কারণ শনাক্ত করা; বিভাগীয় কমিশনার ও জেলা প্রশাসকদের বাজার মনিটরিংয়ে সম্পৃক্ত করা এবং টিসিবিকে আরও শক্তিশালী করা। এর মধ্যে গত বৃহস্পতিবার সব জেলা প্রশাসক ও বিভাগীয় কমিশনারকে চিঠি দেওয়া হয়েছে। পরিস্থিতি নিয়ন্ত্রণে না আসা পর্যন্ত তারা বাজার মনিটরিং করবেন।","https://ichef.bbci.co.uk/ace/ws/400/cpsprodpb/CA0A/production/_106822715_gettyimages-541284296.jpg.webp, https://ichef.bbci.co.uk/ace/ws/400/cpsprodpb/01e9/live/c5327070-0719-11f1-9972-d3f265c101c6.png.webp, https://ichef.bbci.co.uk/ace/ws/400/cpsprodpb/f151/live/446b9720-0bf9-11f1-b7e1-afb6d0884c18.jpg.webp, https://ichef.bbci.co.uk/ace/ws/400/cpsprodpb/6fc1/live/cc932790-0d65-11f1-b1f2-a50c2c5773ab.jpg.webp, https://ichef.bbci.co.uk/ace/ws/400/cpsprodpb/0b65/live/cc24c370-0d67-11f1-b1f2-a50c2c5773ab.jpg.webp",https://www.bbc.com/bengali/articles/c0q3g3xj948o
'চিকেন্স নেক' আর আসামে মাটির নিচ দিয়ে সুড়ঙ্গ কেন বানাচ্ছে ভারত?,"ছবির উৎস,
PRAKASH SINGH/AFP VIA GETTY IMAGES ভারতের উত্তর-পূর্বাঞ্চলের সঙ্গে বাকি দেশকে সংযুক্ত করে রেখেছে যে সরু ভূখণ্ড, যেটা 'চিকেন্স নেক' বা 'শিলিগুড়ি করিডর' নামেও পরিচিত, সেখানে মাটির নিচে সুড়ঙ্গ কেটে রেললাইন বসানোর পরিকল্পনা প্রায় চূড়ান্ত করেছে ভারত। অন্যদিকে আসামে, ব্রহ্মপুত্র নদের নিচ দিয়েও সুদীর্ঘ এক সুড়ঙ্গপথের পরিকল্পনা অনুমোদন করেছে ভারত সরকার। পশ্চিমবঙ্গের উত্তর দিনাজপুর জেলার তিন মাইল হাট থেকে শিলিগুড়ি শহর থেকে প্রায় ১১ কিলোমিটার দূরের রাঙাপাণি পর্যন্ত প্রায় ৩৬ কিলোমিটার দীর্ঘ সুড়ঙ্গের ভেতর দিয়ে রেললাইন বসানো হবে। উত্তর পূর্ব রেলওয়ের মুখপাত্র কপিঞ্জল কিশোর শর্মা বলছেন, ""প্রকল্পটি প্রস্তুত করা হয়েছে, তবে চূড়ান্ত অনুমোদন এখনো আসেনি""। তবে রেলমন্ত্রী অশ্বিনী বৈষ্ণব ভারতের কেন্দ্রীয় বাজেটের পরে সংবাদ মাধ্যমের সঙ্গে কথা বলতে গিয়ে এই প্রকল্পটির বিষয়ে প্রথম জানিয়েছিলেন। তাই ধরে নেওয়া যেতে পারে এই প্রকল্পটি চূড়ান্ত অনুমোদন পাওয়া এখন সময়ের অপেক্ষা। ভূ-কৌশলগতভাবে ভারতের কাছে অতি গুরুত্বপূর্ণ এই 'চিকেন্স নেক' বা শিলিগুড়ি করিডোর। এই অংশটি গড়ে মাত্র কুড়ি কিলোমিটার চওড়া। পাশেই বাংলাদেশ। আবার উত্তরের দিকে আছে চীন, পশ্চিমে নেপাল। ভারতের উত্তরপূর্বাঞ্চলের সঙ্গে যোগাযোগের একমাত্র পথ এই 'চিকেন্স নেক করিডোর'। যাত্রী, পণ্য পরিবহনের সঙ্গে সামরিক সরঞ্জাম ও সেনা পরিবহনের ক্ষেত্রেও এই চিকেন্স নেক করিডোরই ব্যবহৃত হয়ে থাকে। বিশেষজ্ঞরা মনে করছেন, যাত্রী পরিবহন করা হলেও ভূগর্ভস্থ এই নতুন রেললাইনের সামরিক গুরুত্ব অপরিসীম। End of সর্বাধিক পঠিত অন্যদিকে, গত শনিবার, ১৪ই ফেব্রুয়ারি, ভারতের প্রধানমন্ত্রী নরেন্দ্র মোদীর সভাপতিত্বে এক বৈঠকে অর্থনৈতিক বিষয়সমূহের ক্যাবিনেট কমিটি একটি পরিকল্পনায় অনুমোদন দিয়েছে, যেটিতে আসামে ব্রহ্মপুত্র নদের নিচ দিয়ে প্রায় ১৬ কিলোমিটার দীর্ঘ এমন একটি সুড়ঙ্গ পথ বানানো হবে, যেখানে ট্রেন আর গাড়ি দুই-ই চলাচল করতে পারবে। End of বিবিসি বাংলায় আরও পড়তে পারেন ছবির উৎস,
NF RAILWAYS বিবিসি বাংলার সর্বশেষ খবর ও বিশ্লেষণ এখন সরাসরি আপনার ফোনে। ফলো করুন, নোটিফিকেশন অন রাখুন বিবিসি বাংলার সাথে থাকার জন্য ধন্যবাদ বিবিসি বাংলার হোয়াটসঅ্যাপ চ্যানেল ভারতের বহু শহরেই এখন ভূগর্ভস্থ রেলপথ বা মেট্রো রেল চলে। কিন্তু সেগুলো শুধুই শহরাঞ্চলের গণপরিবহণ ব্যবস্থা হিসেবে রয়েছে। 'চিকেন্স নেক করিডোর'এ যে ভূগর্ভস্থ রেলপথ বসবে, সেটা যাবে সম্পূর্ণই গ্রামীণ এলাকার মধ্যে দিয়ে। রেল বিশেষজ্ঞরা বলছেন, এরকম প্রকল্প ভারতীয় রেল এর আগে নেয়নি – যেখানে তিনটি আন্তর্জাতিক সীমান্তের কাছাকাছি সুদীর্ঘ সুড়ঙ্গ কেটে রেললাইন পাতা হবে। ভারতীয় রেলওয়েজের এই অঞ্চলটি উত্তর-পূর্ব রেলের অধীন। তারাই এই প্রকল্প বাস্তবায়ন করবে। উত্তর পূর্ব রেলের মুখ জনসংযোগ আধিকারিক কপিঞ্জল কিশোর শর্মা বলছিলেন, ""উত্তর দিনাজপুরের তিন মাইল হাট থেকে শুরু হয়ে এই রেলপথ শিলিগুড়ির কাছে রাঙ্গাপাণি হয়ে বাগডোগরা পর্যন্ত যাবে। মোট ৩৫.৭৬ কিলোমিটার দীর্ঘ ভূগর্ভস্থ রেলপথে দুটি পৃথক সুড়ঙ্গ থাকবে।"" ঘটনাচক্রে ভারতীয় সেনাবাহিনী বাংলাদেশ সীমান্তের কাছাকাছি যে তিনটি নতুন সেনা ঘাঁটি বানাচ্ছে, তার মধ্যে দুটি – বিহারের কিশানগঞ্জ এবং পশ্চিমবঙ্গের চোপড়ার খুব কাছাকাছি দিয়েই যাবে প্রস্তাবিত ভূগর্ভস্থ রেলপথটি। তৃতীয় সেনা ঘাঁটিটি হচ্ছে আসামের ধুবড়িতে। এছাড়াও মাটির ওপর দিয়ে যে দুই লাইনের রেলপথ ইতিমধ্যেই আছে, সেটিকে চার লাইনের রেলপথে পরিবর্তিত করা হবে। বিবিসি বাংলার হোয়াটসঅ্যাপ চ্যানেল ফলো করতে এখানে ক্লিক/ট্যাপ করুন এই নিবন্ধে Google YouTubeএর কনটেন্ট রয়েছে। কোন কিছু লোড করার আগে আমরা আপনার অনুমতি চাইছি, কারণ তারা হয়ত কুকি এবং অন্যান্য প্রযুক্তি ব্যবহার করে থাকতে পারে। আপনি সম্মতি দেবার আগে হয়ত Google YouTube কুকি সম্পর্কিত নীতি এবং ব্যক্তিগত বিষয়ক নীতি প়ড়ে নিতে চাইতে পারেন। এই কনটেন্ট দেখতে হলে 'সম্মতি দিচ্ছি এবং এগোন' বেছে নিন। End of YouTube post কপিঞ্জল কিশোর শর্মা বলছিলেন, ""ভূগর্ভস্থ রেলপথটি এমনভাবে পরিকল্পনা করা হয়েছে, যাতে কৌশলগতভাবে স্পর্শকাতর শিলিগুড়ি করিডোর দিয়ে নিরাপদে এবং নিরবচ্ছিন্নভাবে যোগাযোগ রক্ষা করা যায়। ভারতের মূল ভূখণ্ডের সঙ্গে উত্তর-পূর্বাঞ্চলীয় রাজ্যগুলির যোগাযোগ তো ওই প্রায় ২২ কিলোমিটার দীর্ঘ করিডোর দিয়েই।"" 'টানেল বোরিং মেশিন' দিয়ে সমান্তরাল দুটি সুড়ঙ্গ কাটা হবে। সুড়ঙ্গ তৈরি করতে যেমন ব্যবহৃত হবে অত্যাধুনিক প্রযুক্তি, তেমনই থাকবে অত্যাধুনিক যোগাযোগ ব্যবস্থাও। ""নেপাল, ভুটান আর বাংলাদেশের সঙ্গে আন্তর্জাতিক সীমান্ত রয়েছে এই করিডোরের খুব কাছে। আবার প্রাকৃতিক দুর্যোগ, নিরাপত্তা সংক্রান্ত বাধা বিপত্তিও থাকে, সেদিক থেকে মাটির নিচ দিয়ে এই রেলপথ অতি গুরুত্বপূর্ণ হয়ে উঠবে। সুরক্ষিত এবং অ-দৃশ্যমান এই পথ দিয়ে নিরবচ্ছিন্ন ভাবে সেনা, সামরিক সরঞ্জাম আর প্রাকৃতিক দুর্যোগের সময়ে ত্রাণ সামগ্রী পাঠানো যাবে। আবার এই রেললাইনের কাছেই বাগডোগরা বিমান ঘাঁটি ও ব্যাঙডুবিতে ভারতীয় সেনাবাহিনীর ৩৩ কোরের সেনাছাউনি অবস্থিত, তাই রেল-বিমান সংযোগেও সহায়তা করবে এই রেলপথ,"" বলছিলেন মি. শর্মা। তার কথায়, ""প্রকল্পটির ব্যয় ধরা হয়েছে আনুমানিক ১২ হাজার কোটি ভারতীয় টাকা। তবে চূড়ান্ত অনুমোদন পেলে বোঝা যাবে ঠিক কত অর্থ দেওয়া হলো প্রকল্পটির জন্য। আমরা আশা করছি চূড়ান্ত অনুমোদন পেয়ে যাবে কৌশলগতভাবে গুরুত্বপূর্ণ এই প্রকল্পটি।"" ছবির উৎস,
PRAKASH SINGH/AFP VIA GETTY IMAGES উত্তর-পূর্ব রেলওয়ের মুখপাত্র কপিঞ্জল কিশোর শর্মা বিবিসি বাংলাকে জানিয়েছেন যে নতুন ভূগর্ভস্থ রেলপথ দিয়ে শুধুই সামরিক সরঞ্জাম বা সেনা সদস্যরা যাতায়াত করবেন না, সাধারণ যাত্রী ট্রেনও যাবে এই পথ দিয়ে। তবে একই সঙ্গে তিনি বারবার গুরুত্ব দিচ্ছিলেন সেনা সদস্য ও সামরিক সরঞ্জাম পরিবহনে এই ভূগর্ভস্থ রেলপথের কৌশলগত দিক থেকে কত গুরুত্ব, তার ওপরে। বিশেষজ্ঞরা বলছেন, 'চিকেন্স নেক করিডোর' সবসময়েই ভারতের কাছে সামরিকভাবে অতি গুরুত্বপূর্ণ এলাকা। ভারতীয় সেনাবাহিনীর অবসরপ্রাপ্ত ব্রিগেডিয়ার প্রবীর সান্যাল বলছিলেন, ""আমি যখন সত্তরের দশকের শেষ দিকে সিকিমে পোস্টেড ছিলাম, তখন আমাদের আকস্মিক আক্রমণের জন্য প্রস্তুতি হিসেবে পরিকল্পনা করা থাকত যে চীন যদি ভুটান হয়ে আমাদের শিলিগুড়ি করিডোর বা চিকেন্স নেকে আক্রমণ চালায় তাহলে আমরা কী করব! এখন তো আবার মাঝে মাঝে বাংলাদেশের কারা সব হাস্যকর হুমকি দেয় শুনি যে তারা নাকি চিকেন্স নেক দখল করে নেবে! ""তবে আমাদের সতর্ক তো থাকতেই হবে। এখন যে পরিকল্পনা করা হচ্ছে ভূগর্ভস্থ রেলপথের, সেটা অনেক আগে, অন্তত ২০ বছর আগেই করা উচিত ছিল। ওই অঞ্চল মাটির নিচে সুড়ঙ্গ পথ দিয়ে সেনা সদস্যদের আর সামরিক সরঞ্জাম পরিবহনের সুবিধাটা হবে, যে কোনো ধরনের ক্ষেপণাস্ত্র নিক্ষিপ্ত হলেও এই উত্তর পূর্বাঞ্চলের সঙ্গে রেল যোগাযোগ বিচ্ছিন্ন করতে পারবে না শত্রু দেশ – এতটাই মোটা কংক্রিট দিয়ে বানানো হবে সুড়ঙ্গ,"" বলছিলেন ব্রিগেডিয়ার সান্যাল। কৌশলগত বিষয়ের বিশ্লেষক প্রতীম রঞ্জন বসু বলছিলেন, ""এখন ভারত যে কোনো অবকাঠামোগত পরিকল্পনাই করছে, সেসময়ে মাথায় রাখা হচ্ছে সামরিক পরিবহনের ওপরে। যত টানেল হচ্ছে ভারতে, সব ক্ষেত্রেই এমনভাবে পরিকল্পনা নেওয়া হচ্ছে যাতে সৈন্য বাহিনী অন্তত ৩০ দিন ওই সব সুড়ঙ্গে ভেতরে অবস্থান করতে পারে, আবহাওয়ার সঙ্গে খাপ খাইয়ে নিতে পারে। ""চিকেন্স নেক অঞ্চল দিয়েই আবার বিদ্যুৎ, পরিবহনের লাইন, ইন্টারনেট কেবল, তেল আর গ্যাসের পাইপলাইন গেছে। তাই চাইলেই মাটির ওপর দিয়ে নতুন রেলপথ তৈরি করা কঠিন। আবার এটা জনবহুল অঞ্চলও""। ""অন্যদিকে ভূগর্ভস্থ রেলপথ গড়া হলে তা এতটাই সুরক্ষিত থাকবে, মোটা কংক্রিট দিয়ে ঢালাই করা হবে যে মাটির ওপরে কোনো ধরনের বাধা তৈরি বা আক্রমণ হলেও মাটির নিচে নিরবচ্ছিন্নভাবে যাতায়াত চালু থাকবে। যাত্রী পরিবহণকারী ট্রেন চললেও চিকেন্স নেক করিডোর সামরিক দিক থেকেই অনেক বেশি গুরুত্বপূর্ণ, ""বলছিলেন মি. বসু। ছবির উৎস,
DAVID TALUKDAR/NURPHOTO VIA GETTY IMAGES ভারতের অর্থনৈতিক বিষয়সমূহের ক্যাবিনেট কমিটি ১৪ই ফেব্রুয়ারি এক বৈঠকে সিদ্ধান্ত নিয়েছে যে আসামে, ব্রহ্মপুত্র নদের নিচ দিয়ে প্রায় ১৬ কিলোমিটার দীর্ঘ, চার লেনের দুটি সমান্তরাল সুড়ঙ্গ তৈরি করা হবে। এই দুটি সমান্তরাল সুড়ঙ্গের একটি দিয়ে ট্রেন চলবে, অন্যটি থাকবে গাড়ি চলাচলের জন্য। ট্রেন পথে, গোহপুর, অন্যদিকে নুমালিগড় যুক্ত হবে। সরকারি বিবৃতিতে বলা হয়েছে যে, বর্তমানে নুমালিগড় আর গোহপুরের মধ্যে ২৪০ কিলোমিটার দূরত্ব অতিক্রম করতে প্রায় ছয় ঘন্টা সময় লাগে। এই সমস্যার সমাধান করতে ""প্রস্তাবিত প্রকল্প অনুযায়ী গোহপুর থেকে নুমালিগড়ের মধ্যে চার লেনের একটি নিয়ন্ত্রিত সংযোগ ব্যবস্থা"" গড়া হবে, যেখানে ব্রহ্মপুত্র নদের নিচ দিয়ে রেল এবং সড়ক সুড়ঙ্গও থাকবে। ""এটিই হবে ভারতের প্রথম ভুগর্ভস্থ রেল ও সড়ক সুড়ঙ্গ,"" বলা হয়েছে ওই বিবৃতিতে। বিশ্বে আর একটি এরকম 'রেল-সড়ক সুড়ঙ্গ' আছে। এই প্রকল্পের মোট দৈর্ঘ ৩৩.৭ কিলোমিটার, আর তার মধ্যে ১৫.৭৯ কিলোমিটার সুড়ঙ্গ তৈরি হবে ব্রহ্মপুত্রের নিচ দিয়ে। বলা হচ্ছে, প্রস্তাবটি বাস্তবায়িত হলে কৌশলগত এবং আঞ্চলিক অর্থনৈতিক উন্নয়নে গুরুত্বপূর্ণ হয়ে উঠবে এই সড়ক-সুড়ঙ্গ। অন্তর্দেশীয় জলপথের বিশ্বনাথ ঘাট আর তেজপুরকেও সংযুক্ত করবে নতুন এই সড়ক। আবার একদিকে আসামের তেজপুর ও অরুণাচল প্রদেশের ইটানগর বিমানবন্দরগুলির সঙ্গেও সংযোগ থাকবে এই নতুন সংযোগ ব্যবস্থায়। তেজপুরের ভারতীয় বিমান বাহিনীর ঘাঁটিটি চীন সীমান্তে রণকৌশলের দিক থেকে অত্যন্ত গুরুত্বপূর্ণ। এই বিমান ঘাঁটিতে ভারতের সুকোই যুদ্ধবিমানের একটি বহর রয়েছে। এবছরের জানুয়ারি মাসে বিমান ঘাঁটিটি আরও প্রশস্ত করার জন্য প্রায় ৩৮৩ একর জমি অধিগ্রহণ করার বিজ্ঞপ্তি দিয়েছে সরকার।","https://ichef.bbci.co.uk/ace/ws/400/cpsprodpb/CA0A/production/_106822715_gettyimages-541284296.jpg.webp, https://ichef.bbci.co.uk/ace/ws/400/cpsprodpb/01e9/live/c5327070-0719-11f1-9972-d3f265c101c6.png.webp, https://ichef.bbci.co.uk/ace/ws/400/cpsprodpb/f151/live/446b9720-0bf9-11f1-b7e1-afb6d0884c18.jpg.webp, https://ichef.bbci.co.uk/ace/ws/400/cpsprodpb/6fc1/live/cc932790-0d65-11f1-b1f2-a50c2c5773ab.jpg.webp, https://ichef.bbci.co.uk/ace/ws/400/cpsprodpb/0b65/live/cc24c370-0d67-11f1-b1f2-a50c2c5773ab.jpg.webp",https://www.bbc.com/bengali/articles/cp32nwl04dgo
"যুদ্ধবিমান, ক্ষেপণাস্ত্র, হেলিকপ্টার নির্মাণ সহ ভারত আর ফ্রান্সের মধ্যে যেসব চুক্তি হলো","ছবির উৎস,
MEA INDIA ভারত আর ফ্রান্স তাদের সম্পর্ককে 'বিশেষ বৈশ্বিক কৌশলগত অংশীদারিত্বে' উন্নীত করেছে। মঙ্গলবার ফ্রান্সের প্রেসিডেন্ট এমানুয়েল ম্যাক্রঁ আর ভারতের প্রধানমন্ত্রী নরেন্দ্র মোদীর মধ্যে মুম্বাইতে এক দীর্ঘ বৈঠকে অন্যান্য বিষয়ের সঙ্গেই দুই দেশের মধ্যে সামরিক সহযোগিতা আরও জোরালো করার বার্তা দেওয়া হয়েছে। সেখান থেকেই ভারতের কর্ণাটক রাজ্যে একটি উচ্চক্ষমতাসম্পন্ন হেলিকপ্টার 'অ্যাসেমব্লি' কারখানার উদ্বোধন করা হয়েছে। ভারতের পররাষ্ট্র মন্ত্রণালয় জানিয়েছে যে মি. ম্যাক্রঁর সফর চলাকালীন দুই দেশের মধ্যে 'হ্যামার' ক্ষেপণাস্ত্র নির্মাণ সহ সামরিক ও বেসামরিক ক্ষেত্রে ২০টিরও বেশি চুক্তি চূড়ান্ত হয়েছে। পৃথকভাবে ১১৪টি রাফাল যুদ্ধবিমান কেনা নিয়েও চুক্তি হয়েছে। তিনদিনের সরকারি সফরে সোমবার রাতে মুম্বাইতে সস্ত্রীক এসে পৌঁছেছেন এমানুয়েল ম্যাক্রঁ। বুধ আর বৃহস্পতিবার তিনি দিল্লিতে নানা কর্মসূচিতে অংশ নেবেন, যার মধ্যে অন্যতম হলো কৃত্রিম বুদ্ধিমত্তা সংক্রান্ত শীর্ষ সম্মেলনে যোগদান করা। বিবিসি বাংলার হোয়াটসঅ্যাপ চ্যানেল ফলো করতে এখানে ক্লিক/ট্যাপ করুন ছবির উৎস,
MEA INDIA মুম্বাইয়ের রাজ্যপাল আবাস 'লোকভবন'-এ দীর্ঘ বৈঠকের পরে ভারতের প্রধানমন্ত্রী ও ফ্রান্সের প্রেসিডেন্ট এক যৌথ সংবাদ সম্মেলন করেন। সেখানে মি. মোদী বলেন যে ফ্রান্স ভারতের প্রাচীনতম কৌশলগত অংশীদারদের অন্যতম। মি. ম্যাক্রঁর কার্যকালে সেই সম্পর্ক আরও গভীর হয়েছে। End of সর্বাধিক পঠিত ""এই ভরসা আর দুরদৃষ্টির ওপরে ভিত্তি করে আমাদের সম্পর্ককে এখন 'বিশেষ বৈশ্বিক কৌশলগত অংশীদারিত্বে' উন্নীত করছি। এই সহযোগিতা শুধুমাত্র কৌশলগত নয়। গতিশীল বিশ্বের বর্তমান যুগে এই অংশীদারীত্ব বৈশ্বিক স্থায়িত্ব ও অগ্রগতির দিকে এগিয়ে নিয়ে যাবে,"" বলেছেন নরেন্দ্র মোদী। তিনি এও বলেন যে ২০২৬ সালটি ভারত আর ইউরোপের মধ্যে সম্পর্কের ক্ষেত্রে একটি মোড় ঘোরানোর বছর। কিছুদিন আগেই ইউরোপীয় ইউনিয়নের সঙ্গে ভারতের এক ঐতিহাসিক মুক্ত বাণিজ্য চুক্তি হয়েছে। যৌথ সংবাদ সম্মেলনে প্রেসিডেন্ট এমানুয়েল ম্যাক্রঁ বলেন, ""গত আট বছরে ভারত আর ফ্রান্স বিভিন্ন ক্ষেত্রে সহযোগিতা করে এসেছে। এখন এই সহযোগিতাকে আমরা বিশেষ কৌশলগত অংশীদারিত্বে উন্নীত করতে পেরে আনন্দিত।"" সামরিক ক্ষেত্র ছাড়াও মহাকাশ গবেষণার মতো অন্য আরও কয়েকটি ক্ষেত্র ভারত আর ফ্রান্স হাত মেলাতে পারে। End of বিবিসি বাংলায় আরও পড়তে পারেন ছবির উৎস,
MEA INDIA বিবিসি বাংলার সর্বশেষ খবর ও বিশ্লেষণ এখন সরাসরি আপনার ফোনে। ফলো করুন, নোটিফিকেশন অন রাখুন বিবিসি বাংলার সাথে থাকার জন্য ধন্যবাদ বিবিসি বাংলার হোয়াটসঅ্যাপ চ্যানেল মুম্বাইয়ের ওই সংবাদ সম্মেলনেই নরেন্দ্র মোদী ঘোষণা করেন যে ফ্রান্সের সঙ্গে যৌথ উদ্যোগে এমন এক হেলিকপ্টার তৈরি হবে ভারতে, যা বিশ্বের একমাত্র হেলিকপ্টার হবে যেটি মাউন্ট এভারেস্টের শিখরের উচ্চতাতেও উড়তে পারবে। এইচ-১২৫ নামের হেলিকপ্টার কারখানাটিও এদিন উদ্বোধন করেন দুই শীর্ষ নেতা। এয়ারবাস এবং টাটা গোষ্ঠী যৌথ উদ্যোগে এই কারখানাটি গড়েছে কর্ণাটকের ভিমাগালে। এই কারখানাটি অবশ্য আদতে একটি 'অ্যাসেম্বলি লাইন', অর্থাৎ হেলিকপ্টারের বিভিন্ন অংশ এখানে জুড়ে পূর্ণাঙ্গ রূপ দেওয়া হবে। প্রতিরক্ষা মন্ত্রী রাজনাথ সিং বলেছেন যে এই কারখানায় প্রায় এক হাজার কোটি ভারতীয় টাকা বিনিয়োগ করা হবে এবং ভারতীয়দের জন্য প্রত্যক্ষ ও পরোক্ষভাবে বড়ো সংখ্যায় চাকরির সুযোগ তৈরি করবে। ভারতের কারখানা থেকে এই হেলিকপ্টার সারা বিশ্বে রফতানি করা হবে বলে জানিয়েছেন নরেন্দ্র মোদী। এই কারখানা ভারতের প্রথম বেসরকারি হেলিকপ্টার নির্মাণ কারখানা। তার এক প্রিয় প্রকল্প – 'মেক ইন ইন্ডিয়া'র অন্তর্গত এইচ-১২৫ হেলিকপ্টার কারখানা একদিকে যেমন ভারতের সামরিক বাহিনীগুলির জন্য ওজনে হাল্কা ও নানা কাজে ব্যবহার করা যাবে – এরকম একটি হেলিকপ্টারের চাহিদা মেটাবে, তেমনই আবার এরকম হেলিকপ্টারের জন্য বেসরকারি ক্ষেত্রের বাজারও খুলে যাবে। এটিই একমাত্র হেলিকপ্টার, যেটি মাউন্ট এভারেস্টে নামতে পেরেছে। বিশেষত হিমালয়ের সুউচ্চ পর্বত অঞ্চলে সামরিক বাহিনীর কাছে খুবই প্রয়োজনীয় সরঞ্জাম হিসাবে তুলে ধরা হচ্ছে এই হেলিকপ্টারকে। আগামী দুবছরের মধ্যে ভারতে তৈরি প্রথম এইচ১২৫ হেলিকপ্টার বাজারে আসবে বলে মনে করা হচ্ছে। ছবির উৎস,
ARTUR WIDAK/NURPHOTO VIA GETTY IMAGES নরেন্দ্র মোদী ও এমানুয়েল ম্যাক্রঁর বৈঠক ছাড়া দুই দেশের প্রতিরক্ষা মন্ত্রীদের মধ্যে মঙ্গলবার সামরিক সহযোগিতা সংক্রান্ত বৈঠক হয়েছে বেঙ্গালুরুতে। দুই দেশের মধ্যে বিদ্যমান সামরিক সহযোগিতা সংক্রান্ত চুক্তির মেয়াদ আরও দশ বছর বাড়ানো হয়েছে ওই বৈঠকে। তবে এই বৈঠকটির অন্যতম গুরুত্বপূর্ণ বিষয় হয়ে উঠেছে যৌথ উদ্যোগে 'হ্যামার' ক্ষেপণাস্ত্র ভারতেই নির্মাণ করার বিষয়টি। আকাশ থেকে ভূমিতে নিক্ষেপের এই 'হ্যামার' ক্ষেপণাস্ত্র প্রায় ৭০ কিলোমিটার দূরের অতি গুরুত্বপূর্ণ কোনো লক্ষ্যবস্তুতে নিখুঁত ভাবে হামলা চালাতে সক্ষম। সেই লক্ষ্যবস্তুটিকে যদি কংক্রিটের মোটা চাদরে মুড়ে রাখা থাকে বা ব্যাপক নিরাপত্তার মধ্যে থাকে সেটি, তাতেও এই 'হ্যামার' ক্ষেপণাস্ত্র আঘাত করতে পারে। পার্বত্য এলাকা সহ দুর্গম অঞ্চলে এই ক্ষেপণাস্ত্রটি খুবই কার্যকর। রাফাল যুদ্ধবিমান এবং ভারতে নির্মিত তেজসে এই ক্ষেপণাস্ত্র সংযুক্ত করা যায়। এর আগে, ২০২০ সালে চীনের সঙ্গে যখন গালওয়ানে ভারতীয় বাহিনীর উত্তেজনা চরমে উঠেছিল, তখন জরুরি ভিত্তিতে এই ক্ষেপণাস্ত্র কিনেছিল ভারত। 'অপারেশন সিন্দুর'এ এই ক্ষেপণাস্ত্র ব্যবহার করেছিল ভারত। ভারত ইলেক্ট্রনিক্স লিমিটেড আর ফ্রান্সের সাফরান ইলেক্ট্রনিক্স অ্যান্ড ডিফেন্স – এই দুটি সংস্থা 'হ্যামার' তৈরির জন্য একটি পৃথক যৌথ উদ্যোগের সংস্থা ইতোমধ্যেই গড়েছে। দুটি সংস্থার আধা-আধি শেয়ার থাকবে সদ্য গঠিত সংস্থাটিতে। ছবির উৎস,
MANJUNATH KIRAN/AFP VIA GETTY IMAGES ফরাসি প্রেসিডেন্টের সফরের ঠিক আগেই, গত সপ্তাহে ভারত ১১৪টি রাফাল যুদ্ধবিমান কেনার সিদ্ধান্তে সবুজ সংকেত দিয়েছে। ভারতের প্রতিরক্ষা মন্ত্রী রাজনাথ সিংয়ের নেতৃত্বাধীন 'ডিফেন্স অ্যাকুইজিশন কাউন্সিল' ৩৬ লক্ষ কোটি ভারতীয় টাকা মূল্যের এই ক্রয়ের সিদ্ধান্ত নিয়েছে। সাম্প্রতিককালের মধ্যে এটিই ভারতের সব থেকে বড়ো যুদ্ধাস্ত্র ক্রয়। ভারতের বিমান বাহিনীতে যুদ্ধবিমানের স্কোয়াড্রনের ঘাটতি আছে। দীর্ঘ বছর ধরে যে মিগ-২১ এর ওপরে বিমান বাহিনী অনেকটাই ভরসা করে এসেছে, সেগুলিকে বসিয়ে দেওয়া হয়েছে গত বছর সেপ্টেম্বর মাস থেকে। অদূর ভবিষ্যতে জাগুয়ার এবং মিরাজ ২০০০ বিমানগুলিকেও বসিয়ে দেওয়ার পরিকল্পনা রয়েছে। অনেক দশক ধরেই বিদেশ থেকে যুদ্ধবিমান কিনে থাকে ভারত। তবে সম্প্রতি যুদ্ধবিমান সহ নানা সমরাস্ত্র ও সামরিক সরঞ্জাম দেশেই বানানোর পরিকল্পনার ওপরে জোর দিচ্ছে ভারতের সরকার। সেই প্রেক্ষিতেই ১১৪ টি রাফাল যুদ্ধবিমান ক্রয়ের সিদ্ধান্ত গুরুত্বপূর্ণ। ফ্রান্স থেকে সরাসরি ১৮টি বিমান আনবে ভারত, আর বাকি ৯০টিরও বেশি রাফাল বিমান ভারতেই তৈরি করা হবে বলে প্রতিরক্ষা মন্ত্রক জানিয়েছে।","https://ichef.bbci.co.uk/ace/ws/400/cpsprodpb/CA0A/production/_106822715_gettyimages-541284296.jpg.webp, https://ichef.bbci.co.uk/ace/ws/400/cpsprodpb/01e9/live/c5327070-0719-11f1-9972-d3f265c101c6.png.webp, https://ichef.bbci.co.uk/ace/ws/400/cpsprodpb/f151/live/446b9720-0bf9-11f1-b7e1-afb6d0884c18.jpg.webp, https://ichef.bbci.co.uk/ace/ws/400/cpsprodpb/6fc1/live/cc932790-0d65-11f1-b1f2-a50c2c5773ab.jpg.webp, https://ichef.bbci.co.uk/ace/ws/400/cpsprodpb/0b65/live/cc24c370-0d67-11f1-b1f2-a50c2c5773ab.jpg.webp",https://www.bbc.com/bengali/articles/cvgj1x4zd9yo
জাতীয় সংসদে দুই-তৃতীয়াংশ আসনে কবে কারা জয় পেয়েছিল? তারপর কী হয়েছিল?,"বাংলাদেশের জাতীয় সংসদ নির্বাচন হয় ৩০০ আসনে। কোনো দল যদি এককভাবে ২০০ বা তার বেশি আসন পায়—তাকে বলা হয় দুই-তৃতীয়াংশ জয়। কিন্তু প্রশ্ন হচ্ছে—যখন একটা দল ২০০ বা তার বেশি আসন পায়, তখন কী হয়? আজ আমরা দেখবো—বাংলাদেশে যখনই কোনো দল দুই-তৃতীয়াংশ আসন পেয়েছে… তারপর কী হয়েছে এবং কেন এই ঘটনাগুলো গুরুত্বপূর্ণ? তানহা তাসনিমের প্রতিবেদন... © 2026 বিবিসি। বাইরের কোন সাইটের তথ্যের জন্য বিবিসি দায়বদ্ধ নয়। বাইরের লিংক সম্পর্কে বিবিসির দৃষ্টিভঙ্গি সম্বন্ধে পড়ুন। Autoplay Play next item automatically Video quality Highest available Video quality Currently unavailable Low Medium Highest available Automatically selects the best quality available Settings Change the styling","https://ichef.bbci.co.uk/ace/ws/240/cpsprodpb/532c/live/5715ee20-0b45-11f1-b7e1-afb6d0884c18.jpg.webp, https://ichef.bbci.co.uk/ace/ws/240/cpsprodpb/5dce/live/70f4b0a0-0b41-11f1-b7e1-afb6d0884c18.jpg.webp, https://ichef.bbci.co.uk/ace/ws/240/cpsprodpb/0ba6/live/a2418830-05b1-11f1-9972-d3f265c101c6.jpg.webp, https://ichef.bbci.co.uk/ace/ws/240/cpsprodpb/2b67/live/bc87a5b0-0b58-11f1-9972-d3f265c101c6.jpg.webp, https://ichef.bbci.co.uk/images/ic/512xn/p0n1f9tn.jpg.webp",https://www.bbc.com/bengali/articles/czr0ngk2n7lo
ইরানের সঙ্গে উত্তেজনা বাড়ার মধ্যেই সিরিয়া থেকে সেনা প্রত্যাহার করছে যুক্তরাষ্ট্র,"ছবির উৎস,
GETTY IMAGES যুক্তরাষ্ট্র আগামী কয়েক মাসের মধ্যে সিরিয়া থেকে তাদের অবশিষ্ট বাহিনীর বড় অংশ প্রত্যাহারের প্রস্তুতি নিচ্ছে বলে বিবিসিকে জানিয়েছেন হোয়াইট হাউজের একজন জ্যেষ্ঠ কর্মকর্তা। ওই কর্মকর্তা বলেন, সিরিয়ার ভেতরে সন্ত্রাসবিরোধী লড়াইয়ের নেতৃত্ব এখন দেশটির সরকারই দেবে এবং 'বৃহৎ পরিসরে' মার্কিন সামরিক উপস্থিতির আর প্রয়োজন নেই। ২০১৫ সাল থেকে মার্কিন সেনারা সিরিয়ায় অবস্থান করছে। মূলত ইসলামিক স্টেট (আইএসআইএস)-এর প্রভাব মোকাবিলায় সন্ত্রাসবিরোধী অভিযানের অংশ হিসেবে সেখানে রয়ছে তারা। ইরানের সঙ্গে উত্তেজনা বাড়ার মধ্যে প্রেসিডেন্ট ডোনাল্ড ট্রাম্প মধ্যপ্রাচ্যে মার্কিন সামরিক উপস্থিতি যখন বাড়ানোর পদক্ষেপ নিয়েছেন, তার মধ্যেই এ সিদ্ধান্ত এলো। হোয়াইট হাউজের কর্মকর্তা আরও জানান, সিরিয়ায় থাকা প্রায় এক হাজার মার্কিন সেনাকে প্রত্যাহারের সিদ্ধান্তটি শর্তসাপেক্ষ রূপান্তর প্রক্রিয়ার অংশ এবং যুক্তরাষ্ট্র এখনো অঞ্চলটির যেকোনো হুমকির জবাব দেওয়ার জন্য প্রস্তুত থাকবে। বিবিসি বাংলার হোয়াটসঅ্যাপ চ্যানেল ফলো করতে এখানে ক্লিক/ট্যাপ করুন ছবির উৎস,
REUTERS ওয়াল স্ট্রিট জার্নালে প্রথম প্রকাশিত এ খবরটি এমন সময় আসে যখন মধ্যপ্রাচ্যে, বিশেষ করে ইরানের কাছাকাছি, মার্কিন সামরিক উপস্থিতি উল্লেখযোগ্যভাবে বৃদ্ধি পেয়েছে। বিবিসি ভেরিফাই নিশ্চিত করেছে যে যুক্তরাষ্ট্রের বিমানবাহী রণতরী ইউএসএস আব্রাহাম লিংকন—যাতে গাইডেড মিসাইল ডেস্ট্রয়ার এবং অসংখ্য যুদ্ধবিমান রয়েছে—ইরানের নিকটবর্তী এলাকায় অবস্থান করছে। End of সর্বাধিক পঠিত এছাড়া, বিশ্বের বৃহত্তম যুদ্ধজাহাজ ইউএসএস জেরাল্ড আর ফোর্ডকেও মধ্যপ্রাচ্যে পাঠানো হয়েছে বলে জানা গেছে, যা আগামী তিন সপ্তাহের মধ্যে সেখানে পৌঁছানোর কথা রয়েছে। যুক্তরাষ্ট্রের জ্যেষ্ঠ জাতীয় নিরাপত্তা কর্মকর্তারা বিবিসির অংশীদার সিবিএস নিউজকে জানান, ট্রাম্প বলেছেন যে যুক্তরাষ্ট্রের সামরিক বাহিনী শনিবার থেকেই ইরানের বিরুদ্ধে সম্ভাব্য হামলার জন্য প্রস্তুত থাকবে, যদিও প্রেসিডেন্ট এখনো চূড়ান্ত সিদ্ধান্ত নেননি। যুক্তরাষ্ট্র এ বছরের শুরুতেই সিরিয়ার দুটি ঘাঁটি—দক্ষিণাঞ্চলের আল তানফ গ্যারিসন এবং উত্তর-পূর্বাঞ্চলের আল শাদ্দাদি ঘাঁটি—ত্যাগ করেছে। এসব পদক্ষেপ আসে ২০২৪ সালে আসাদ সরকারের পতন এবং সিরিয়ায় নিরাপত্তার উল্লেখযোগ্য উন্নতির ফলে আইএসআইএস-এর দুর্বল হয়ে পড়ার পরিপ্রেক্ষিতে। এরপর থেকে, ট্রাম্প প্রশাসন দামেস্কের সঙ্গে কূটনৈতিক সম্পর্ক জোরদার এবং সিরিয়ার প্রেসিডেন্ট আহমেদ আল-শারার সঙ্গে অংশীদারত্ব বাড়ানোর চেষ্টা করছেন। শারা গত নভেম্বরে হোয়াইট হাউসে ট্রাম্পের সঙ্গে সাক্ষাৎ করেন—সিরিয়ার কোনো নেতার জন্য এ ধরনের প্রথম সফর। End of বিবিসি বাংলায় আরো পড়তে পারেন: ছবির উৎস,
REUTERS সিরিয়ার সরকার কিছু সময়ে স্থানীয় সামরিক গোষ্ঠীগুলোর সঙ্গে সংঘাতে জড়ালেও জানুয়ারিতে একটি চুক্তি করে, যার মাধ্যমে কুর্দি-নেতৃত্বাধীন সিরিয়ান ডেমোক্র্যাটিক ফোর্সেসকে সিরিয়ার সশস্ত্র বাহিনীর সঙ্গে একীভূত করা হবে। মার্কিন পররাষ্ট্রমন্ত্রী মার্কো রুবিও গত সপ্তাহে সিরিয়ান পররাষ্ট্রমন্ত্রী আসাদ আল-শাইবানির সঙ্গে সাক্ষাৎ করেন যুদ্ধবিরতি বজায় রাখার বিষয়ে আলোচনা করতে। রুবিও সন্ত্রাসবিরোধী লড়াই অব্যাহত রাখা নিয়ে নিজের উদ্বেগও প্রকাশ করেন। ডিসেম্বরে একজন দোভাষী এবং আইওয়া ন্যাশনাল গার্ডের দুই সদস্য একক আইএসআইএস বন্দুকধারীর হামলায় নিহত হন বলে পেন্টাগন জানিয়েছে। এর প্রতিক্রিয়ায় ট্রাম্প প্রশাসন 'অপারেশন হকআই স্ট্রাইক' নামে আইএসআইএস-এর বিরুদ্ধে একাধিক হামলা চালায়। এই প্রতিবেদনে আরো কাজ করেছেন বিবিসির বার্ন্ড ডেবুসম্যান।","https://ichef.bbci.co.uk/ace/ws/400/cpsprodpb/CA0A/production/_106822715_gettyimages-541284296.jpg.webp, https://ichef.bbci.co.uk/ace/ws/400/cpsprodpb/01e9/live/c5327070-0719-11f1-9972-d3f265c101c6.png.webp, https://ichef.bbci.co.uk/ace/ws/400/cpsprodpb/f151/live/446b9720-0bf9-11f1-b7e1-afb6d0884c18.jpg.webp, https://ichef.bbci.co.uk/ace/ws/400/cpsprodpb/6fc1/live/cc932790-0d65-11f1-b1f2-a50c2c5773ab.jpg.webp, https://ichef.bbci.co.uk/ace/ws/400/cpsprodpb/0b65/live/cc24c370-0d67-11f1-b1f2-a50c2c5773ab.jpg.webp",https://www.bbc.com/bengali/articles/c20jx53lx67o
সংসদ নির্বাচন ২০২৬,"বাংলাদেশের ইতিহাসে প্রথমবারের মতো সংসদ ভবনের খোলা মাঠে প্রধানমন্ত্রী ও মন্ত্রিপরিষদের সদস্যরা শপথ গ্রহণ করেছেন। সংসদ ভবনের দক্ষিণ প্লাজায় এই শপথ অনুষ্ঠানে দেশ-বিদেশের অতিথিরাও অংশ নিয়েছেন। অন্যদিকে সৌদি আরবে রমজান মাসের চাঁদ দেখা যাওয়ায় সেদেশে রমজান মাস শুরু হয়েছে। চোখ রাখুন বিবিসি বাংলার লাইভ পাতায়… বাংলাদেশে ত্রয়োদশ জাতীয় সংসদ নির্বাচনের মাত্র মাসখানেক আগে দলটির চেয়ারম্যান হিসেবে অভিষিক্ত হওয়ার পর তার নেতৃত্বেই দলের নির্বাচনী কৌশল, প্রচার ও সাংগঠনিক কার্যক্রম পরিচালিত হচ্ছে ।  এর মাধ্যমে বিএনপি  তারেক রহমানের সরাসরি নেতৃত্বে পরিচালিত হওয়ার সময়ে পদার্পণ করলো। বারোই ফেব্রুয়ারির নির্বাচনে নিরঙ্কুশ সংখ্যারিষ্ঠতা পেয়ে দীর্ঘ ২০ বছর পর বাংলাদেশের রাষ্ট্রক্ষমতায় বসতে যাচ্ছে বিএনপি। তারেক রহমানের নেতৃত্বে গঠিত হতে যাওয়া প্রথম মন্ত্রিসভায় নবীন-প্রবীণ মিলিয়ে প্রায় অর্ধশত জন মন্ত্রী-প্রতিমন্ত্রী থাকছেন বলে জানা যাচ্ছে। ত্রয়োদশ জাতীয় সংসদ নির্বাচনে অন্তত চল্লিশ শতাংশ আসনে একাধিক অনিয়মের চিত্র দেখা গেছে বলে জানিয়েছে দুর্নীতিবিরোধী আন্তর্জাতিক সংস্থা ট্রান্সপারেন্সি ইন্টারন্যাশনাল বাংলাদেশ (টিআইবি)। বাংলাদেশের ত্রয়োদশ সংসদ নির্বাচনের ফল ঘোষণা এখনো চলছে। যদিও ইতোমধ্যেই বেশিরভাগ আসনে জয় পেয়েছে বিএনপি প্রার্থীরা। নির্বাচনে অংশ নেওয়া দলগুলোর শীর্ষ পর্যায়ের নেতারাসহ আলোচিত অনেকে প্রার্থীই জয় পেয়েছেন। তবে জামায়াতের সেক্রেটারি জেনারেলসহ অনেক আলোচিত প্রার্থী হেরেও গেছেন। নির্বাচনের পর সংসদ সদস্যদের শপথের তারিখ ঘোষণার পর থেকেই রাজনৈতিক অঙ্গনে বড় আলোচনার বিষয় হয়ে উঠেছিল সংবিধান সংস্কার পরিষদ, বিশেষ করে বিএনপি এই পরিষদের সদস্য হিসেবে শপথ নিবে কি-না। শেষ পর্যন্ত এই শপথ নেয়নি বিএনপি সদস্যরা। তবে জামায়াত জোটের সদস্যরা দুটি শপথই নিয়েছেন। এখন সংবিধান সংস্কার পরিষদের ভবিষ্যৎ কি হবে, তা নিয়ে আলোচনা জোরালো হয়ে উঠেছে। জুলাই সনদের যে সব বিষয়ে নোট অব ডিসেন্ট নেই সে সব প্রশ্নে সংস্কারগুলো নিয়ে তেমন কোনো সংকট দেখছেন না সংবিধান বিশ্লেষকরা। তবে, সংসদের উচ্চকক্ষের গঠন নিয়ে এরই মধ্যে আলোচনা তৈরি হয়েছে দেশের রাজনৈতিক অঙ্গনে। ত্রয়োদশ জাতীয় সংসদ নির্বাচনের পর আজ ১৭ই ফেব্রুয়ারি মঙ্গলবার বিকেলে দায়িত্ব গ্রহণ করতে যাচ্ছে বাংলাদেশের নতুন মন্ত্রিপরিষদ। বাংলাদেশে একজন মন্ত্রী, প্রতিমন্ত্রী বা উপমন্ত্রীর বেতন ভাতা কেমন? ত্রয়োদশ জাতীয় সংসদ নির্বাচনে নবনির্বাচিত সংসদ সদস্যদের ১৭ই ফেব্রুয়ারি মঙ্গলবার শপথ পাঠ করিয়েছেন প্রধান নির্বাচন কমিশনার এএমএম নাসির উদ্দিন। বাংলাদেশে একজন সংসদ সদস্য বেতন-ভাতাসহ কী ধরণের সুযোগ সুবিধা ভোগ করেন? গণভোট ও সংসদ নির্বাচন এই দুই ভোটের গড় হারে এই পার্থক্য কেন সেটি নিয়ে নির্বাচন কমিশন একটি ব্যাখ্যা দিয়েছে শুক্রবার বিকেলে। ইসি সচিব আখতার আহমেদ জানিয়েছেন, দুইটি আসনের জাতীয় নির্বাচনের ফলাফল স্থগিত থাকায় কম হয়েছে সংসদ ভোটের হার।","https://ichef.bbci.co.uk/ace/standard/128/cpsprodpb/dd41/live/2b3ed6d0-f615-11f0-b5f7-49f0357294ff.png, https://news.files.bbci.co.uk/include/vjsthasia/2895-bangladesh-election-2026/assets/banner-project-assets/img/homepage_banner-2.png??v=1.0.3.202602161031",https://www.bbc.com/bengali/topics/c98e63e8jn7t
দ্য হান্ড্রেড লীগে ভারতীয় দলগুলোর পাকিস্তানি ক্রিকেটারে 'অনাগ্রহ' নিয়ে প্রশ্ন,"ছবির উৎস,
GETTY IMAGES ইংল্যান্ডের জনপ্রিয় ফ্র্যাঞ্চাইজি ক্রিকেট টুর্নামেন্ট দ্য হান্ড্রেড-এর আসন্ন নিলামকে কেন্দ্র করে নতুন করে বিতর্ক তৈরি হয়েছে। অভিযোগ উঠেছে, ভারতীয় মালিকানাধীন দলগুলো পাকিস্তানি ক্রিকেটারদের দলে নিতে আগ্রহ দেখাচ্ছে না। বিষয়টি নিয়ে ক্রিকেট অঙ্গনে বৈষম্য, ন্যায়বিচার ও আন্তর্জাতিক রাজনীতির প্রভাবের কথা উঠছে। বিবিসি স্পোর্ট-কে একাধিক সূত্র জানিয়েছে, দ্য হান্ড্রেডের ভারতীয় মালিকানাধীন দলগুলো আগামী মাসের নিলামে পাকিস্তানি খেলোয়াড়দের বিবেচনায় নিচ্ছে না। আগামী ১১ ও ১২ই মার্চ এই নিলাম অনুষ্ঠিত হওয়ার কথা রয়েছে। এতে পাকিস্তানের ৬৭ জন ক্রিকেটার নাম নিবন্ধন করেছেন। তবে ইংল্যান্ডের টেস্ট অধিনায়ক বেন স্টোক্স এবার নিলামে নাম দেননি। ২০০৯ সালের পর থেকে কূটনৈতিক উত্তেজনার কারণে পাকিস্তানি ক্রিকেটাররা ভারতের ফ্র্যাঞ্চাইজি লিগ ইন্ডিয়ান প্রিমিয়ার লীগে খেলতে পারছেন না। বর্তমানে দ্য হান্ড্রেডের আটটি দলের মধ্যে চারটি দল আংশিক বা পুরোপুরি আইপিএল সংশ্লিষ্ট কোম্পানির মালিকানায় রয়েছে। এই দলগুলো হলো ম্যানচেস্টার সুপার জায়ান্টস, এমআই লন্ডন, সাউদার্ন ব্রেভ ও সানরাইজার্স লিডস। সূত্রের মতে, এসব দলের মালিকানার সঙ্গে আইপিএলের সম্পর্ক থাকার কারণেই পাকিস্তানি ক্রিকেটারদের ব্যাপারে অনীহা দেখা যাচ্ছে। বিবিসির হাতে আসা বার্তায় দেখা গেছে, ইংল্যান্ড ও ওয়েলস ক্রিকেট বোর্ডের এক জ্যেষ্ঠ কর্মকর্তা এক এজেন্টকে জানিয়েছেন, আইপিএল-সংশ্লিষ্ট নয় এমন দলগুলো থেকেই মূলত পাকিস্তানি খেলোয়াড়দের প্রতি সীমিত আগ্রহ থাকতে পারে। End of সর্বাধিক পঠিত একজন এজেন্ট এই পরিস্থিতিকে টি–টোয়েন্টি লিগগুলোয় ভারতীয় বিনিয়োগের ক্ষেত্রে একটি ""অলিখিত নিয়ম"" বলে বর্ণনা করেছেন। বিবিসি বাংলার হোয়াটসঅ্যাপ চ্যানেল ফলো করতে এখানে ক্লিক/ট্যাপ করুন ছবির উৎস,
GETTY IMAGES বিবিসি বাংলার সর্বশেষ খবর ও বিশ্লেষণ এখন সরাসরি আপনার ফোনে। ফলো করুন, নোটিফিকেশন অন রাখুন বিবিসি বাংলার সাথে থাকার জন্য ধন্যবাদ বিবিসি বাংলার হোয়াটসঅ্যাপ চ্যানেল ইংল্যান্ড ও ওয়েলস ক্রিকেট বোর্ড বা ইসিবির প্রধান নির্বাহী রিচার্ড গোল্ড গত বছর বলেছিলেন, দ্য হান্ড্রেডে সব দেশের খেলোয়াড়দের সব দলে সুযোগ পাওয়া উচিত এবং সেখানে স্পষ্ট বৈষম্যবিরোধী নীতিমালা রয়েছে। এ বিষয়ে চারটি দলের মালিকানা গোষ্ঠীর মধ্যে তিনটি কোনো মন্তব্য করেনি। তবে ম্যানচেস্টার সুপার জায়ান্টসের ডেপুটি চেয়ারম্যান জেমস শেরিডান বিবিসিকে বলেন, ""আমাদের লক্ষ্য শুধু দুটি প্রতিযোগিতায় জয়ের জন্য সেরা দুটি দল গড়া""। ইসিবির মুখপাত্র এক বিবৃতিতে বলেন, ""দ্য হান্ড্রেড বিশ্বের সব দেশের নারী ও পুরুষ ক্রিকেটারদের স্বাগত জানায়। আমরা আশা করি, আটটি দলই এই বৈচিত্র্যকে প্রতিফলিত করবে""। তিনি আরও জানান, ১৮টি দেশের প্রায় এক হাজার ক্রিকেটার নিলামে নাম দিয়েছেন। গত মৌসুমে পাকিস্তানের দুইজন আন্তর্জাতিক ক্রিকেটার মোহাম্মদ আমির ও ইমাদ ওয়াসিম দ্য হান্ড্রেডে খেলেছিলেন। সেটিই ছিল নতুন বিনিয়োগকারীদের আসার আগের শেষ আসর। এর আগে শাহীন আফ্রিদি, শাদাব খান ও হারিস রউফ পুরুষ বিভাগে অংশ নিয়েছিলেন। তবে এখন পর্যন্ত নারী বিভাগে কোনো পাকিস্তানি খেলোয়াড় অংশ নেননি। আন্তর্জাতিক ক্রিকেট কাউন্সিলের র‍্যাংকিং অনুযায়ী, পাকিস্তান পুরুষ দল বর্তমানে টি–টোয়েন্টিতে ষষ্ঠ এবং নারী দল অষ্টম স্থানে রয়েছে। চলতি মৌসুমে দ্য হান্ড্রেড চলাকালে পাকিস্তান দল ওয়েস্ট ইন্ডিজ সফরে টেস্ট সিরিজ খেলবে। তবে সীমিত ওভারের ক্রিকেটাররা তখনও নিলামের জন্য থাকার কথা। বিদেশি লিগে খেলতে পাকিস্তানি ক্রিকেটারদের নিজ বোর্ডের অনাপত্তিপত্র প্রয়োজন হয়। অতীতে পাকিস্তান ক্রিকেট বোর্ড হঠাৎ করে এনওসি প্রত্যাহার করেছে বলেও অভিযোগ রয়েছে। তবে সাম্প্রতিক সময়ে অস্ট্রেলিয়ার বিগ ব্যাশ লিগে পাকিস্তানের সাতজন শীর্ষ খেলোয়াড়ের অংশগ্রহণকে বোর্ডের আগের অবস্থান থেকে সরে আসার ইঙ্গিত হিসেবে দেখছেন সংশ্লিষ্টরা। End of আরো পড়তে পারেন: ছবির উৎস,
GETTY IMAGES বিশ্বজুড়ে ফ্র্যাঞ্চাইজি ক্রিকেটে ভারতীয় মালিকানার প্রভাব ক্রমেই বাড়ছে। সামাজিক যোগাযোগমাধ্যমে ছড়িয়ে পড়া একটি সাম্প্রতিক পোস্টে দেখা যাচ্ছে, বিভিন্ন দেশের জনপ্রিয় টি–টোয়েন্টি লিগের বড় একটি অংশ এখন ভারতীয় ব্যবসায়ী ও আইপিএল–সংশ্লিষ্ট গোষ্ঠীর নিয়ন্ত্রণে। বিশ্লেষকদের মতে, এই প্রবণতা আন্তর্জাতিক ক্রিকেটের শক্তির ভারসাম্যেও প্রভাব ফেলছে। দক্ষিণ আফ্রিকার এসএ-২০ লিগে বর্তমানে ছয়টি দলের সবকটিই ভারতীয় মালিকানাধীন। মুম্বাই ইন্ডিয়ান্স গ্রুপের অধীনে রয়েছে এমআই কেপটাউন, চেন্নাই সুপার কিংস গ্রুপের মালিকানায় জোবর্গ সুপার কিংস, দিল্লি ক্যাপিটালস গ্রুপের প্রিটোরিয়া ক্যাপিটালস, সানরাইজার্স গ্রুপের সানরাইজার্স ইস্টার্ন কেপ, রাজস্থান রয়্যালসের পার্ল রয়্যালস এবং লখনউ সুপার জায়ান্টস গ্রুপের ডারবানস সুপার জায়ান্টস। ফলে এই লিগটিকে কার্যত আইপিএলের 'বিদেশি সংস্করণ' হিসেবে দেখা হচ্ছে। ২০২৩ সালে শুরু হওয়া দক্ষিণ আফ্রিকার এসএ২০ লিগে এখন পর্যন্ত কোনো পাকিস্তানি ক্রিকেটার খেলেননি। সংযুক্ত আরব আমিরাতের আইএলটি২০ লিগেও ভারতীয় মালিকানার আধিপত্য স্পষ্ট। ছয়টি দলের মধ্যে পাঁচটিই আইপিএল–সংশ্লিষ্ট গোষ্ঠীর হাতে। এর মধ্যে রয়েছে এমআই এমিরেটস (মুম্বাই ইন্ডিয়ান্স), আবুধাবি নাইট রাইডার্স (কলকাতা নাইট রাইডার্স), দুবাই ক্যাপিটালস (দিল্লি ক্যাপিটালস), গালফ জায়ান্টস (লখনউ গ্রুপ) এবং শারজাহ ওয়ারিয়র্স (সানরাইজার্স গ্রুপ)। শুধু ডেজার্ট ভাইপার্স দলটি ভারতীয় মালিকানার বাইরে রয়েছে। সংযুক্ত আরব আমিরাতের আইএলটি২০ লিগেও এমআই লন্ডন ও সাউদার্ন ব্রেভের মালিকানাধীন দলগুলো চার মৌসুমে কোনো পাকিস্তানি খেলোয়াড় নেয়নি। যদিও তারা ১৫টি দেশের ক্রিকেটার নিয়োগ দিয়েছে। অন্যদিকে, আমেরিকান মালিকানাধীন ডেজার্ট ভাইপার্স একই সময়ে আটজন পাকিস্তানি ক্রিকেটার দলে নিয়েছে। যুক্তরাষ্ট্রের মেজর ক্রিকেট লিগেও ভারতীয় বিনিয়োগ শক্ত অবস্থান তৈরি করেছে। ছয়টি দলের মধ্যে চারটি ভারতীয় মালিকানাধীন। এগুলো হলো এমআই নিউইয়র্ক, টেক্সাস সুপার কিংস, লস অ্যাঞ্জেলেস নাইট রাইডার্স এবং সিয়াটল অরকাস। বাকি দুটি দল আমেরিকান ও আন্তর্জাতিক বিনিয়োগকারীদের হাতে রয়েছে। ঠিক এভাবেই ইংল্যান্ডের জনপ্রিয় লিগ দ্য হান্ড্রেড-এও ভারতীয় মালিকানার উপস্থিতি বাড়ছে। আটটি দলের মধ্যে চারটি দল বর্তমানে আংশিক বা পূর্ণভাবে আইপিএল–সংশ্লিষ্ট কোম্পানির নিয়ন্ত্রণে রয়েছে। এগুলো হলো এমআই লন্ডন, ম্যানচেস্টার সুপার জায়ান্টস, সাউদার্ন ব্রেভ ও সানরাইজার্স লিডস। এই মালিকানা কাঠামো নিয়েই সম্প্রতি পাকিস্তানি ক্রিকেটারদের নিলামে উপেক্ষার অভিযোগ উঠেছে। ক্যারিবীয় অঞ্চলের ক্যারিবিয়ান প্রিমিয়ার লীগের ছয়টি দলের মধ্যে তিনটি দল ভারতীয় মালিকানায় রয়েছে। এর মধ্যে ত্রিনবাগো নাইট রাইডার্স (কেকেআর গ্রুপ), সেন্ট লুসিয়া কিংস (চেন্নাই সুপার কিংস গ্রুপ) এবং বার্বাডোজ রয়্যালস (রাজস্থান রয়্যালস গ্রুপ) উল্লেখযোগ্য। যদিও এই লিগে এখনো স্থানীয় ও আন্তর্জাতিক মালিকানার ভারসাম্য তুলনামূলকভাবে বজায় আছে। অস্ট্রেলিয়ার বিগ ব্যাশ লীগ, যা এখনো আলোচনার প্রক্রিয়ায় আছে, সেটি এখনো পুরোপুরি ভারতীয় মালিকানায় যায়নি। তবে কয়েকটি দলের অংশীদারিত্ব বিক্রি নিয়ে ভারতীয় বিনিয়োগকারীদের সঙ্গে আলোচনা চলছে বলে জানা গেছে। এমনকি বিগ ব্যাশের পরের আসরের কয়েকটি ম্যাচ ভারতে আয়োজন করার কথাও চলছে। বিশেষজ্ঞদের মতে, আইপিএলের আর্থিক সাফল্যের ধারাবাহিকতায় ভারতীয় ফ্র্যাঞ্চাইজি মালিকরা এখন বৈশ্বিক বাজারে বিনিয়োগ বাড়াচ্ছেন। এর ফলে একদিকে লিগগুলোর আর্থিক সক্ষমতা বাড়ছে, অন্যদিকে কিছু ক্ষেত্রে খেলোয়াড় নির্বাচন ও সুযোগের প্রশ্নে বৈষম্যের অভিযোগও সামনে আসছে। ছবির উৎস,
GETTY IMAGES চলতি বছরের জানুয়ারিতে আইপিএল দল কলকাতা নাইট রাইডার্স বাংলাদেশের বোলার মোস্তাফিজুর রহমানকে ছাড়তে বাধ্য হয়। ভারতীয় ক্রিকেট বোর্ডের নির্দেশে এটি করা হয় বলে জানা গেছে। যদিও কোনো আনুষ্ঠানিক কারণ জানানো হয়নি। এটি ভারত ও বাংলাদেশের মধ্যকার রাজনৈতিক টানাপোড়েনকে একটা ভিন্ন মাত্রায় নিয়ে যায়, যার সূত্র ধরে শেষ পর্যন্ত ভারতের মাটিতে টি-২০ বিশ্বকাপে খেলেনি বাংলাদেশ। বিশ্ব ক্রিকেটারদের সংগঠনের প্রধান নির্বাহী টম মফাট বলেন, ""প্রতিটি খেলোয়াড়ের ন্যায্য ও সমান সুযোগ পাওয়ার অধিকার আছে। নিয়োগে মালিকদের স্বাধীনতা থাকলেও তা অবশ্যই ন্যায় ও সম্মানের নীতির সঙ্গে সামঞ্জস্যপূর্ণ হতে হবে।"" গত বছর ইসিবি দ্য হান্ড্রেডের প্রতিটি দলের ৪৯ শতাংশ শেয়ার বিক্রি করে প্রায় ৫০ কোটি পাউন্ড বিনিয়োগ সংগ্রহ করে। এই অর্থ কাউন্টি ক্রিকেট ও তৃণমূল পর্যায়ে বিতরণ করা হয়েছে। ইসিবি এখনো প্রতিযোগিতার সামগ্রিক নিয়ন্ত্রণ ধরে রেখেছে। পাশাপাশি দলগুলোর প্রতিনিধিদের নিয়ে নতুন একটি বোর্ড গঠন করা হয়েছে। ২০২৩ সালের ইকুইটি ইন ক্রিকেট প্রতিবেদনের পর গঠিত স্বাধীন নিয়ন্ত্রক সংস্থার অধীনেও এই টুর্নামেন্ট পরিচালিত হচ্ছে। কাউন্টি ক্রিকেট মেম্বার্স গ্রুপ জানিয়েছে, যদি জাতীয়তার ভিত্তিতে পাকিস্তানি খেলোয়াড়দের বাদ দেওয়া হয়ে থাকে, তবে ইসিবিকে বেসরকারি অংশীদারদের জবাবদিহির আওতায় আনতে হবে। জনশুমারি অনুযায়ী, গ্রেটার ম্যানচেস্টারে প্রায় ১২ শতাংশ এবং লিডসে প্রায় চার শতাংশ মানুষ নিজেদের পাকিস্তানি হিসেবে পরিচয় দেন। ২০১৮ সালে ইসিবি দক্ষিণ এশীয় অ্যাকশন প্ল্যান চালু করে, যার লক্ষ্য ছিল দক্ষিণ এশীয় কমিউনিটির সঙ্গে ক্রিকেটের সংযোগ বাড়ানো। এই উদ্যোগের নেতৃত্ব দেন বিক্রম ব্যানার্জি, যিনি বর্তমানে দ্য হান্ড্রেডের ব্যবস্থাপনা পরিচালক। তবে ম্যানচেস্টার, লিডস ও লন্ডনের মতো শহরের সমর্থকেরা এখন নিজেদের দলে কোনো পাকিস্তানি প্রতিনিধিত্ব নাও পেতে পারেন। একজন প্রভাবশালী এজেন্ট বলেন, ""আমাদের খেলোয়াড়রা বিশেষ সুবিধা চান না। তারা শুধু ন্যায্যতা বা লেভেল প্লেয়িং ফিল্ড চান। আমি আশা করি, দ্য হান্ড্রেড অন্য কিছু লিগের মতো পথ অনুসরণ করবে না। আশা করি, আমার আশঙ্কা ভুল প্রমাণিত হবে।""","https://ichef.bbci.co.uk/ace/ws/400/cpsprodpb/CA0A/production/_106822715_gettyimages-541284296.jpg.webp, https://ichef.bbci.co.uk/ace/ws/400/cpsprodpb/01e9/live/c5327070-0719-11f1-9972-d3f265c101c6.png.webp, https://ichef.bbci.co.uk/ace/ws/400/cpsprodpb/f151/live/446b9720-0bf9-11f1-b7e1-afb6d0884c18.jpg.webp, https://ichef.bbci.co.uk/ace/ws/400/cpsprodpb/6fc1/live/cc932790-0d65-11f1-b1f2-a50c2c5773ab.jpg.webp, https://ichef.bbci.co.uk/ace/ws/400/cpsprodpb/0b65/live/cc24c370-0d67-11f1-b1f2-a50c2c5773ab.jpg.webp",https://www.bbc.com/bengali/articles/cpv8k14973no
"ছেড়ে দেওয়া হয়েছে অ্যান্ড্রু মাউন্টব্যাটেন উইন্ডসরকে, তদন্ত চলবে","ছবির উৎস,
REUTERS সরকারি পদে থেকে ক্ষমতার অপব্যবহার করার সন্দেহে গ্রেফতারের পর মুক্তি দেওয়া হয়েছে সাবেক ব্রিটিশ রাজপুত্র অ্যান্ড্রু মাউন্টব্যাটেন-উইন্ডসরকে। তবে তার বিরুদ্ধে তদন্ত চলমান থাকবে। টেমস ভ্যালি পুলিশ বৃহস্পতিবার সকালে জানিয়েছে যে, তারা নরফোক থেকে ৬০ বছর বয়সী একজনকে গ্রেফতার করেছে এবং বার্কশায়ার ও নরফোকের ঠিকানাগুলোতে তল্লাশি চালাচ্ছে। অ্যান্ড্রুর গ্রেফতার প্রতিক্রিয়ায় তার রাজা তৃতীয় চার্লস বলেছেন, ""আইনকে অবশ্যই তার নিজস্ব গতিতে চলতে হবে"" এবং পুলিশকে ""পূর্ণ ও সর্বাত্মক সমর্থন ও সহযোগিতা"" দেওয়া হয়েছে। অ্যান্ড্রু রাজা চার্লসের ছোট ভাই। পুলিশ আগে বলেছিল যে তারা যৌন অপরাধী জেফরি এপস্টিনের সঙ্গে অ্যান্ড্রুর সম্পর্কের অভিযোগ তদন্তের কথা বিবেচনা করছে এবং গোপন তথ্য লেনদেনের অভিযোগ পর্যালোচনা করছে। সম্প্রতি মার্কিন সরকার জেফরি এপস্টিনের যেসব ফাইল প্রকাশ করেছে তার একটি অংশে তার সঙ্গে অ্যান্ড্রুর যোগাযোগের বিষয়টি সামনে এসেছে। বৃহস্পতিবার সন্ধ্যায় এক বিবৃতিতে, টেমস ভ্যালি পুলিশ নিশ্চিত করেছে যে ""তদন্তের অধীনে ওই ব্যক্তিকে ছেড়ে দেওয়া হয়েছে""। নরফোকে তাদের তল্লাশিও শেষ হয়েছে বলে জানানো হয়েছে। আইলসহ্যাম থানা থেকে বেরিয়ে যাওয়ার সময় সাবেক রাজপুত্র অ্যান্ড্রুকে গাড়ির পেছনের সিটে বসে থাকতে দেখা গেছে। End of সর্বাধিক পঠিত বিবিসি বাংলার সর্বশেষ খবর ও বিশ্লেষণ এখন সরাসরি আপনার ফোনে। ফলো করুন, নোটিফিকেশন অন রাখুন বিবিসি বাংলার সাথে থাকার জন্য ধন্যবাদ বিবিসি বাংলার হোয়াটসঅ্যাপ চ্যানেল এই প্রথম অ্যান্ড্রুকে গ্রেফতার করা হলো। যদিও কোনো অন্যায় কাজ করার বিষয়টি ধারাবাহিকভাবে অস্বীকার করে আসছেন তিনি। টেমস ভ্যালি পুলিশ জানিয়েছে যে, 'বিস্তারিত পর্যালোচনা' করার পর এখন একটি আনুষ্ঠানিক তদন্ত শুরু হয়েছে। ফেব্রুয়ারির শুরুতে দাবি করার হয়েছিল যে, একটি পৃথক অভিযোগের তদন্ত করা হচ্ছে যেখানে ২০১০ সালে এপস্টিন আরেকজন নারীকে অ্যান্ড্রুর সাথে যৌন সম্পর্কের জন্য যুক্তরাজ্যে পাঠিয়েছিলেন। ওই নারীর বয়স তখন ২০ এর কোটায় ছিল এবং তিনি ব্রিটিশ নাগরিক ছিলেন না বলেও দাবি করা হয়। বিবিসি নিউজ বুঝতে পেরেছে যে অ্যান্ড্রু মাউন্টব্যাটেন-উইন্ডসরকে গ্রেফতারের আগে টেমস ভ্যালি পুলিশ দেশটির হোম অফিসের সাথে যোগাযোগ করে আগাম বার্তা দিয়েছিল। বৃহস্পতিবার স্থানীয় সময় সকাল ৮টায় স্যান্ড্রিংহামে এই গ্রেফতার ঘটনাটি যৌন অপরাধের কোনো অভিযোগের সাথে সম্পর্কিত ছিল না। ব্রিটেনের রাজার নরফোক এস্টেটের বাইরে, যেখানে প্রাক্তন রাজপুত্র বার্কশায়ারের উইন্ডসরের বাড়ি ছেড়ে যাওয়ার পর থেকে বসবাস করছেন, সেখানেই চিহ্নহীন কিছু গাড়িকে পুলিশের যান বলে মনে করা হয়। এছাড়া বিবিসি জানতে পেরেছে যে, উইন্ডসর গ্রেট পার্কে অ্যান্ড্রুর পুরনো বাড়ি- রয়েল লজ এ তল্লাশি চালিয়েছে পুলিশ। সেখানে গেটের বাইরে বেশ কয়েকজন ইউনিফর্ম পরা অফিসারকে দেখা গেছে। End of বিবিসি বাংলায় আরো পড়তে পারেন: ছবির উৎস,
PA MEDIA 'জাতীয় নির্দেশিকা অনুসারে' গ্রেফতারকৃত ব্যক্তির নাম প্রকাশ না করার কথা জানায় টেমস ভ্যালি পুলিশ। এছাড়া মামলা চলমান থাকায় আদালত অবমাননার বিষয়েও সবাইকে সতর্ক করেছে তারা। সহকারী চিফ কনস্টেবল অলিভার রাইট জানিয়েছেন, ""এই ঘটনা নিয়ে মানুষের মধ্যে ব্যাপক আগ্রহ রয়েছে এটি আমরা বুঝতে পারছি এবং আমরা উপযুক্ত সময়েই নতুন তথ্য সবাইকে জানাবো।"" ইয়র্কের সাবেক ডিউক অ্যান্ড্রু ২০০১ থেকে ২০১১ সাল পর্যন্ত যুক্তরাজ্যের বাণিজ্য দূত হিসেবে দায়িত্ব পালন করেছেন, বিশ্বব্যাপী ভ্রমণ করেছেন। ওই সময় বিশ্বজুড়ে ঊর্ধ্বতন সরকারি ও ব্যবসায়িক যোগাযোগের সুযোগও পেয়েছিলেন তিনি। মনে করা হচ্ছে, ২০১০ সালে ভিয়েতনাম, সিঙ্গাপুর এবং চীন সফরের সরকারি প্রতিবেদন এপস্টিনের কাছে পাঠিয়েছিলেন অ্যান্ড্রু। প্রকাশিত নথি অনুসারে, আফগানিস্তানে সোনা ও ইউরেনিয়ামে বিনিয়োগের সুযোগ সম্পর্কে তথ্য এপস্টিনের কাছে পাঠিয়েছিলেন অ্যান্ড্রু। সরকারি নির্দেশনায়, বাণিজ্য দূতদের সরকারি সফর সম্পর্কে সংবেদনশীল, বাণিজ্যিক বা রাজনৈতিক তথ্যের গোপনীয়তা বজায় রাখার বিষয়ে উল্লেখ রয়েছে। রাজা চার্লস বলেছেন যে তিনি তার ভাইয়ের গ্রেফতারের খবরটি ""গভীর উদ্বেগের"" সাথে জেনেছেন। ""এখন যা হবে তা হলো পূর্ণাঙ্গ, ন্যায্য এবং যথাযথ ব্যবস্থা। বিষয়টি সঠিক পদ্ধতিতে এবং যথাযথ কর্তৃপক্ষ দ্বারা তদন্ত করা হবে,"" তিনি এক বিবৃতিতে বলেছেন। ""আমি স্পষ্ট করে বলতে চাই, আইনকে তার নিজস্ব গতিতে চলতে হবে,"" বলেন রাজা চার্লস। বিবিসি বুঝতে পেরেছে যে, রাজা চার্লস এর এই বক্তব্য সমর্থন করেছেন ওয়েলসের যুবরাজ এবং রাজকুমারী। এছাড়া অ্যান্ড্রুর ৬৬তম জন্মদিনে গ্রেফতারের ব্যাপারে রাজা বা বাকিংহাম প্যালেস কাউকেই আগাম সতর্ক করা হয়নি বলেই মনে হচ্ছে। এদিকে এমন নানা ঘটনা প্রবাহের মধ্যেও, রাজপরিবারের সদস্যরা তাদের স্বাভাবিক কার্যক্রম চালিয়ে যাচ্ছেন এবং নিজেদের ব্যস্ততা অব্যাহত রাখার সিদ্ধান্ত নিয়েছেন। বৃহস্পতিবার লন্ডন ফ্যাশন সপ্তাহের উদ্বোধনী অনুষ্ঠানে যোগ দিলেও নিজের ভাইয়ের গ্রেফতারের বিষয়ে সাংবাদিকদের কোনো প্রশ্নের জবাব দেননি রাজা। এপস্টিনের সাথে সম্পর্কের সূত্রে কোনো অন্যায় কাজ করার কথা সব সময় অস্বীকার করে আসছেন অ্যান্ড্রু। এমনকি জানুয়ারিতে এপস্টিন সংক্রান্ত লাখ লাখ ফাইল প্রকাশের পর, এর সাথে সম্পর্কিত সুনির্দিষ্ট অভিযোগের বিষয়ে বিবিসির প্রশ্নেরও জবাব দেননি তিনি। বিবিসি বাংলার হোয়াটসঅ্যাপ চ্যানেল ফলো করতে এখানে ক্লিক/ট্যাপ করুন ছবির উৎস,
BAV MEDIA ইতোমধ্যে যুক্তরাজ্যের সাবেক প্রধানমন্ত্রী গর্ডন ব্রাউন বিবিসিকে বলেছেন যে, তিনি এপস্টিন ফাইলস থেকে নতুন এবং অতিরিক্ত তথ্য দিয়ে যুক্তরাজ্যের পুলিশ বাহিনীর কাছে পাঁচ পৃষ্ঠার একটি চিঠি জমা দিয়েছেন। এক বিবৃতিতে ""পাচার হওয়া নারী ও মেয়েদের জন্য ন্যায়বিচার নিশ্চিত করার বিষয়ে উদ্বেগ প্রকাশ করেছিলেন"" মি. ব্রাউন। অ্যান্ড্রুর গ্রেফতারের খবরে প্রতিক্রিয়া জানিয়ে প্রয়াত ভার্জিনিয়া জিউফ্রের ভাই স্কাই রবার্টস বিবিসি নিউজনাইটকে বলেছেন যে তিনি বিশ্বাস করেন, তার বোনের অভিযোগের ""সত্যতা প্রমাণিত"" হয়েছে। সাবেক রাজপুত্র অ্যান্ড্রু এর আগে ভার্জিনিয়া জিউফ্রের অভিযোগের মুখোমুখি হয়েছিলেন, যা আদালতের বাইরে নিষ্পত্তি হয়েছিল। ওই সময় অভিযোগ উঠেছিল যে, ২০০০ সালের শুরুর দিকে এপস্টিনের ব্যক্তিগত দ্বীপ লিটল সেন্ট জেমসসহ বেশ কয়েকবার তাকে অ্যান্ড্রুর সাথে যৌন সম্পর্ক স্থাপন করতে বাধ্য করা হয়েছিল। যদিও দুজনের মধ্যে যে মীমাংসা হয়েছিল সেখানে অ্যান্ড্রুর পক্ষ থেকে কোনো অন্যায়ের কথা স্বীকার করা হয়নি। এই দফায় অ্যান্ড্রুর গ্রেফতারের বিষয়টি ভার্জিনিয়ার অভিযোগের সাথে ""সরাসরি যুক্ত নয়"" বলে স্বীকার করলেও, রবার্টস এই মুহূর্তটিকে ""বেঁচে থাকাদের জন্য বিজয়"" হিসেবেই দেখছেন। টেমস ভ্যালি পুলিশের তদন্তে সহায়তার জন্য রাজার প্রশংসা করে রবার্টস বলেন, ""আমি রাজা এবং রাজপরিবারকে বেঁচে যাওয়া ব্যক্তিদের পাশে দাঁড়ানোর জন্য ধন্যবাদ জানাই""। কারণ তিনি বলেছিলেন, নিজের বিরুদ্ধে ওঠা অভিযোগগুলো রাজ পরিবারের জন্য ""ক্ষতির কারণ"" হয়ে উঠেছে উল্লেখ করে ২০১৯ সালে রাজকীয় দায়িত্ব থেকে সরে দাঁড়ান অ্যান্ড্রু। ২০২২ সালে মার্কিন যুক্তরাষ্ট্রে তার বিরুদ্ধে একটি দেওয়ানি মামলা দায়ের হলে নিজের সামরিক উপাধি এবং রাজকীয় পৃষ্ঠপোষকতাও হারান তিনি। ২০২৫ সালের অক্টোবরে অ্যান্ড্রুর রাজকীয় উপাধি কেড়ে নেওয়া হয়, একই মাসে গিফ্রের মরণোত্তর স্মৃতিকথা প্রকাশিত হয় এবং এপস্টিনের সাথে তার সম্পর্কের বিষয়টি সামনে আসে। গ্রেফতারের প্রতিক্রিয়ায় মার্কিন প্রেসিডেন্ট ডোনাল্ড ট্রাম্প সাংবাদিকদের বলেন, ""আমি মনে করি এটা খুবই দুঃখজনক। আমার মনে হয় এটা রাজপরিবারের জন্য খুবই খারাপ।""","https://ichef.bbci.co.uk/ace/ws/400/cpsprodpb/CA0A/production/_106822715_gettyimages-541284296.jpg.webp, https://ichef.bbci.co.uk/ace/ws/400/cpsprodpb/01e9/live/c5327070-0719-11f1-9972-d3f265c101c6.png.webp, https://ichef.bbci.co.uk/ace/ws/400/cpsprodpb/f151/live/446b9720-0bf9-11f1-b7e1-afb6d0884c18.jpg.webp, https://ichef.bbci.co.uk/ace/ws/400/cpsprodpb/6fc1/live/cc932790-0d65-11f1-b1f2-a50c2c5773ab.jpg.webp, https://ichef.bbci.co.uk/ace/ws/400/cpsprodpb/0b65/live/cc24c370-0d67-11f1-b1f2-a50c2c5773ab.jpg.webp",https://www.bbc.com/bengali/articles/cde4dn8rn3ko
পাঠকপ্রিয় খবর,© 2026 বিবিসি। বাইরের কোন সাইটের তথ্যের জন্য বিবিসি দায়বদ্ধ নয়। বাইরের লিংক সম্পর্কে বিবিসির দৃষ্টিভঙ্গি সম্বন্ধে পড়ুন।,No Image,https://www.bbc.com/bengali/popular/read
আদালত ঢালাও শুল্ক 'অবৈধ' ঘোষণার পর আবার ১০ শতাংশ শুল্ক ঘোষণা ট্রাম্পের,"ছবির উৎস,
AFP VIA GETTY IMAGES যুক্তরাষ্ট্রের প্রেসিডেন্ট ডোনাল্ড ট্রাম্পের বিশ্বব্যাপী ঢালাওভাবে আরোপ করা শুল্ক বা গ্লোবাল ট্যারিফ নীতিকে অবৈধ ঘোষণা করেছে যুক্তরাষ্ট্রের সুপ্রিম কোর্ট। এই রায়কে 'ভয়াবহ' অভিহিত করে বাতিল হয়ে যাওয়া শুল্কের বদলে নতুন ১০ শতাংশ বৈশ্বিক শুল্ক আরোপ করেছেন ট্রাম্প। তার বাণিজ্যনীতি প্রত্যাখ্যানকারী বিচারকদের 'মূর্খ' বলেও সমালোচনা করেন তিনি। উচ্চ আদালত রায় দিয়েছে যে, আন্তর্জাতিক জরুরি অর্থনৈতিক ক্ষমতা আইন ""প্রেসিডেন্টকে শুল্ক আরোপের ক্ষমতা দেয় না""। রায়ে বলা হয়েছে জাতীয় জরুরি অবস্থার জন্য সংরক্ষিত আইনকে ব্যবহার করে শুল্ক আরোপের মাধ্যমে ট্রাম্প তার কর্তৃত্বের সীমা অতিক্রম করেছেন। সংবিধান অনুযায়ী, এ ধরনের ক্ষমতা কংগ্রেসের হাতে। সুপ্রিম কোর্টের প্রধান বিচারপতি জন রবার্টস রায়ে বলেন, প্রেসিডেন্টকে শুল্ক আরোপের মতো অসাধারণ ক্ষমতা প্রয়োগের ক্ষেত্রে কংগ্রেসের স্পষ্ট অনুমোদন দেখাতে হবে। তিনি তা করতে পারেন না। গত এপ্রিল মাসে বিশ্বের প্রায় প্রতিটি দেশের পণ্যের উপর ১০ শতাংশ থেকে ৫০ শতাংশ পর্যন্ত শুল্ক আরোপের নির্দেশ দেন ডোনাল্ড ট্রাম্প। মি. ট্রাম্প সুপ্রিম কোর্টের সিদ্ধান্তের প্রতিক্রিয়ায় একে 'অপমানজনক' বলে অভিহিত করেছেন। রায় প্রকাশের কয়েক ঘণ্টা পর হোয়াইট হাউজে এক সংবাদ সম্মেলনের শুরুতে ট্রাম্প বলেন, ""আমি আদালতের কিছু সদস্যকে নিয়ে লজ্জিত। আমাদের দেশের স্বার্থে সঠিক কাজটি করার সাহস দেখাতে না পারায় আমি তাদের নিয়ে পুরোপুরি লজ্জিত""। End of সর্বাধিক পঠিত সুপ্রিম কোর্টে বাতিল হয়ে যাওয়া শুল্কের বদলে তিনি নতুন ১০ শতাংশ বৈশ্বিক শুল্ক আরোপ করেছেন। শুল্ক আরোপকে যুক্তরাষ্ট্রে বিনিয়োগ ও উৎপাদন বাড়াতে সহায়ক বলে দাবি করে তিনি আরও বলেন, তিনি অন্য আইন ব্যবহার করে শুল্ক আরোপ চালিয়ে যাবেন। তিনি বলেন, ""আমাদের কাছে বিকল্প আছে—দারুণ বিকল্প—এবং এতে আমরা আরও শক্তিশালী হব।"" ছবির উৎস,
GETTY IMAGES বিবিসি বাংলার সর্বশেষ খবর ও বিশ্লেষণ এখন সরাসরি আপনার ফোনে। ফলো করুন, নোটিফিকেশন অন রাখুন বিবিসি বাংলার সাথে থাকার জন্য ধন্যবাদ বিবিসি বাংলার হোয়াটসঅ্যাপ চ্যানেল বিচারপতিরা রায় দিয়েছেন, প্রেসিডেন্ট নয়, বরং শুল্ক আরোপের ক্ষমতা রয়েছে কংগ্রেসের। প্রেসিডেন্ট যে আইনের উপর ভিত্তি করে শুল্ক আরোপ করেছিলেন, ১৯৭৭ সালের জরুরি অর্থনৈতিক ক্ষমতা আইন, তাতে ট্রাম্পকে এত ব্যাপক ক্ষমতা অর্পণ করা হয়নি। আদালতের এই সিদ্ধান্তকে ব্যবসা প্রতিষ্ঠান ও যুক্তরাষ্ট্রের বিভিন্ন অঙ্গরাজ্যের জন্য বড় জয় হিসেবে দেখা হয়েছে—যারা এই শুল্ককে চ্যালেঞ্জ করেছিল। উচ্চমাত্রার শুল্ক এড়াতে যুক্তরাষ্ট্রের সঙ্গে সমঝোতায় আসতে বা চুক্তি করতে বাধ্য করার যে অবস্থানে ছিলেন ট্রাম্প, আদালতের এই সিদ্ধান্ত তার সেই অবস্থানকে দুর্বল করবে। প্রেসিডেন্টের শুল্ক আরোপের ক্ষমতা সীমিত হওয়ার পর এখন যুক্তরাষ্ট্রের বাণিজ্য অংশীদাররাও আরও সাহসী হয়ে উঠতে পারে। আবার সুপ্রিম কোর্টের রায় এই সম্ভাবনাও সৃষ্টি করেছে যে গত এক বছরে আদায় করা শুল্ক রাজস্বের বড় একটি অংশ ট্রাম্প প্রশাসনকে ফেরত দিতে হতে পারে। এই রায় ট্রাম্পের জন্য বড় ধাক্কা হলেও প্রশাসন অন্য আইনও ব্যবহার করতে পারে এবং হোয়াইট হাউস থেকে বড় নীতিগত পরিবর্তন আসার সম্ভাবনা কম। এমন বিশ্লেষণ করছেন বিবিসির আন্তর্জাতিক ব্যবসা বিষয়ক সংবাদদাতা থিও লেগেট। কিন্তু অন্য পদ্ধতিতে শুল্ক আরোপ করতে গেলে কংগ্রেসের অনুমোদন বা বাণিজ্য দপ্তরের তদন্ত প্রয়োজন হতে পারে, যা বেশি সময় নিতে পারে। ফলে এই রায় একদিকে নিশ্চিত করেছে যে, প্রেসিডেন্ট এই নির্দিষ্ট পদ্ধতিতে শুল্ক আরোপ করতে পারবেন না। অন্যদিকে নতুন অনিশ্চয়তাও সৃষ্টি করেছে। কারণ মার্কিন আমদানিকারকরা ইতিমধ্যে যে শুল্ক পরিশোধ করে ফেলেছেন, তা ফেরতের ক্ষেত্রে কী হবে- তা এখনও স্পষ্ট নয়। সে শুল্ক ফেরত দিতে হলে মার্কিন সরকারের জন্য বিশাল অর্থ খরচ হতে পারে। শুক্রবারের এই রায় ছিল ""অত্যন্ত হতাশাজনক"", সংখ্যাগরিষ্ঠ মতের সঙ্গে যারা একমত হয়েছেন, তাদের উচিত ""সম্পূর্ণ লজ্জিত"" হওয়া এবং তারা ""সঠিক কাজটি করার"" মতো সাহস দেখাতে ব্যর্থ হয়েছেন–– বলে মন্তব্য করেন ট্রাম্প। তার এই প্রতিক্রিয়ার মধ্য দিয়ে কার্যত সমমর্যাদার নির্বাহী ও বিচার বিভাগের মধ্যে এক ধরনের আক্রমণের পরিস্থিতি তৈরি হয়। রায় প্রকাশের কয়েক ঘণ্টা পর হোয়াইট হাউজে এক সংবাদ সম্মেলনে ৪৫ মিনিট ধরে ট্রাম্প রায়টির সমালোচনা করেন এবং যুক্তি দেন যে তিনি অন্যান্য দেশগুলোর ওপর শুল্ক আরোপ অব্যাহত রাখতে অন্য পদ্ধতি খুঁজে বের করবেন। তবে পুরো বক্তব্যজুড়ে তিনি বারবার বিচারকদের প্রসঙ্গে ফিরে আসেন—যা থেকে স্পষ্ট হয় যে তিনি এই সিদ্ধান্তে ব্যক্তিগতভাবে আঘাত পেয়েছেন। এক্ষেত্রে তিনি রিপাবলিকান বা ডেমোক্র্যাট—কেউকেই ছাড় দেননি। ট্রাম্পের শুল্ক বাতিল করা ছয়জন বিচারক সমানভাবে আদালতের উদারপন্থি এবং রক্ষণশীল উভয় শাখা থেকেই এসেছেন। এর মধ্যে তিনজন—এলেনা ক্যাগান, সোনিয়া সোটোমেয়র এবং কেটাঞ্জি ব্রাউন জ্যাকসন—ডেমোক্র্যাট প্রেসিডেন্টদের মনোনীত। বাকি তিনজন রিপাবলিকান প্রেসিডেন্টদের মনোনীত। প্রধান বিচারপতি জন রবার্টস, যিনি সংখ্যাগরিষ্ঠ মত লিখেছেন, তাকে জর্জ ডব্লিউ বুশ মনোনীত করেছিলেন। আর নিল গরসাচ ও অ্যামি কোনি ব্যারেটকে মনোনীত করেছিলেন ট্রাম্প নিজেই, তার প্রথম মেয়াদে। ট্রাম্প তাদের সবাইকে লক্ষ্যবস্তু করেছেন। End of content ছবির উৎস,
GETTY IMAGES সুপ্রিম কোর্ট ট্রাম্পের কিছু বৈশ্বিক শুল্ক আরোপের ক্ষমতা বাতিল করার আগেই, কিছু বড় মার্কিন কোম্পানি ইতোমধ্যে পরিশোধ করা অর্থ ফেরত পেতে মামলা করেছিল। সুপ্রিম কোর্টের রায় কীভাবে কার্যকর হবে, সেটাও নিশ্চিতভাবে বলা যাচ্ছে না। আইন প্রতিষ্ঠান পিলসবারি-এর আন্তর্জাতিক বাণিজ্য বিভাগের প্রধান স্টিভ বেকার বিবিসিকে বলেন, আদালতের রায় কীভাবে কার্যকর হবে- তা নির্ধারণের দায়িত্ব থাকবে কোর্ট অব ইন্টারন্যাশনাল ট্রেডের ওপর। আবার ট্রাম্প প্রশাসনের কাছে অন্য আইনের মাধ্যমে শুল্ক আরোপের বিকল্প পরিকল্পনা থাকার সম্ভাবনা রয়েছে উল্লেখ করছেন মি. বেকার। তিনি উদাহরণ দেন, এখন তিনি এমন একটি আইন ব্যবহার করতে পারেন, যা প্রেসিডেন্টকে ১৫০ দিনের জন্য সর্বোচ্চ ১৫ শতাংশ শুল্ক আরোপের অনুমতি দেয়। সেক্ষেত্রে তিনি নির্দিষ্ট দেশ বা খাতকেও লক্ষ্যবস্তু করতে পারেন। আদালত আবার কিছু শুল্ক বহালও রেখেছে, যেগুলো নির্দিষ্ট দেশ থেকে নির্দিষ্ট পণ্যের ওপর আরোপ করা হয়েছিল। এতে প্রশাসনের সামনে শুল্ক নীতি পুনর্গঠনের একটি সম্ভাব্য পথ রয়ে গেছে। যাই হোক, ট্রাম্প এই ইস্যু সহজে ছেড়ে দেবেন—এমন সম্ভাবনা কম। হোয়াইট হাউসে প্রার্থী হওয়ার অনেক আগ থেকেই তিনি শুল্ক নিয়ে সোচ্চার। সুপ্রিম কোর্ট তার এককভাবে পদক্ষেপ নেওয়ার ক্ষমতা সীমিত করলেও, তিনি এই অবস্থান সহজে ত্যাগ করবেন না বলে ধারণা দিচ্ছেন বিবিসির ওয়াশিংটন সংবাদদাতা ড্যানিয়েল বুশ। ডোনাল্ড ট্রাম্প এরইমধ্যে সুপ্রিম কোর্টে বাতিল হয়ে যাওয়া শুল্কের বদলে নতুন ১০ শতাংশ বৈশ্বিক শুল্ক আরোপ করেছেন। শুক্রবার ট্রাম্প 'সেকশন ১২২' নামে আগে কখনও ব্যবহৃত না হওয়া একটি আইনের আওতায় নতুন ১০ শতাংশ শুল্ক আরোপের ঘোষণাপত্রে স্বাক্ষর করেন। এ আইন অনুযায়ী, কংগ্রেস হস্তক্ষেপ করার আগে সর্বোচ্চ ১৫০ দিনের জন্য ১৫ শতাংশ পর্যন্ত শুল্ক আরোপ করা যায়। এটি ২৪ ফেব্রুয়ারি কার্যকর হবে। শুক্রবার হোয়াইট হাউজে বক্তব্য দিতে গিয়ে ট্রাম্প বলেন, শুল্ক ফেরতের বিষয়টি দীর্ঘ আইনি লড়াই ছাড়া হবে না। তার প্রত্যাশা, এই বিষয়টি আদালতে বহু বছর জটিল অবস্থায় আটকে থাকবে। হোয়াইট হাউজের এক কর্মকর্তা জানান, যুক্তরাজ্য, ভারত এবং ইউরোপীয় ইউনিয়নসহ যেসব দেশ যুক্তরাষ্ট্রের সঙ্গে বাণিজ্য চুক্তি করেছে, তারা পূর্বে আলোচনায় নির্ধারিত শুল্কের বদলে এখন সেকশন ১২২-এর আওতায় ১০ শতাংশ বৈশ্বিক শুল্কের মুখোমুখি হবে। তিনি আরও বলেন, ট্রাম্প প্রশাসন আশা করে এই দেশগুলো তাদের বাণিজ্য চুক্তির অধীনে করা ছাড়গুলো মানতে থাকবে। বিশ্লেষকদের মতে, হোয়াইট হাউস আরও কিছু প্রক্রিয়া বিবেচনা করতে পারে—যেমন সেকশন ২৩২ ও সেকশন ৩০১—যা জাতীয় নিরাপত্তার ঝুঁকি ও অন্যায্য বাণিজ্যচর্চার মোকাবিলায় আমদানি শুল্ক আরোপের সুযোগ দেয়। গত বছর ইস্পাত, অ্যালুমিনিয়াম ও গাড়ির মতো খাতে যে শুল্ক আরোপ করা হয়েছিল, সেগুলো এই ধরনের আইনি কাঠামো ব্যবহার করে আরোপিত হয়েছিল এবং সেগুলো সুপ্রিম কোর্টের রায়ে প্রভাবিত হয়নি। ওয়াশিংটনে সেন্টার ফর এ নিউ আমেরিকান সিকিউরিটির সিনিয়র ফেলো জিওফ্রি গার্টজ বলেন, ""আজ পরিস্থিতি আরও জটিল এবং আরও বিশৃঙ্খল হয়ে গেছে।"" যুক্তরাষ্ট্রের প্রধান বাণিজ্য অংশীদারদের প্রতিক্রিয়া তুলনামূলকভাবে নিরুত্তাপ ছিল। ইউরোপীয় কমিশনের মুখপাত্র ওলফ গিল সামাজিক যোগাযোগমাধ্যমে লিখেছেন, ""আমরা যুক্তরাষ্ট্রের সুপ্রিম কোর্টের রায়টি নোট করেছি এবং এটি সতর্কতার সঙ্গে বিশ্লেষণ করছি।"" সর্বশেষ সরকারি তথ্য অনুযায়ী, যুক্তরাষ্ট্র ইতোমধ্যে আইইইপিএ আইনের আওতায় কমপক্ষে ১৩০ বিলিয়ন ডলার শুল্ক আদায় করেছে। সাম্প্রতিক সপ্তাহগুলোতে শত শত প্রতিষ্ঠান—যার মধ্যে রয়েছে খুচরা বিক্রেতা কস্টকো, অ্যালুমিনিয়াম উৎপাদক আলকোয়া এবং টুনা ব্র্যান্ড বাম্বল বি— শুল্কের অর্থ ফেরত পাওয়ার আশায় মামলা দায়ের করেছে। তবে সংখ্যাগরিষ্ঠের রায়ে শুল্ক ফেরতের বিষয়টি সরাসরি উল্লেখ করা হয়নি, যা সম্ভবত এই প্রশ্নটিকে আন্তর্জাতিক বাণিজ্য আদালতের কাছে ফিরিয়ে দেবে—কীভাবে এই প্রক্রিয়া পরিচালিত হবে সে সিদ্ধান্ত নেওয়ার জন্য।","https://ichef.bbci.co.uk/ace/ws/400/cpsprodpb/CA0A/production/_106822715_gettyimages-541284296.jpg.webp, https://ichef.bbci.co.uk/ace/ws/400/cpsprodpb/01e9/live/c5327070-0719-11f1-9972-d3f265c101c6.png.webp, https://ichef.bbci.co.uk/ace/ws/400/cpsprodpb/f151/live/446b9720-0bf9-11f1-b7e1-afb6d0884c18.jpg.webp, https://ichef.bbci.co.uk/ace/ws/400/cpsprodpb/6fc1/live/cc932790-0d65-11f1-b1f2-a50c2c5773ab.jpg.webp, https://ichef.bbci.co.uk/ace/ws/400/cpsprodpb/0b65/live/cc24c370-0d67-11f1-b1f2-a50c2c5773ab.jpg.webp",https://www.bbc.com/bengali/articles/cx24exdx942o
অ্যান্ড্রু মাউন্টব্যাটেন উইন্ডসরের গ্রেফতার নিয়ে এখন পর্যন্ত যা যাচ্ছে,"ছবির উৎস,
REUTERS সরকারি দায়িত্ব পালনের সময় অসদাচরণের সন্দেহে অ্যান্ড্রু মাউন্টব্যাটেন উইন্ডসরকে গ্রেফতার করেছে যুক্তরাজ্যের পুলিশ। ব্রিটেনের রাজা চার্লসের ভাই অ্যান্ড্রু এমন দিনে গ্রেফতার হলেন যেদিন তার ৬৬তম জন্মদিন। অবশ্য এই গ্রেফতার সরাসরি কোনো অপরাধ নিশ্চিত করার ইঙ্গিত দেয় না এবং এখনো কোনো অভিযোগ নেই। যদিও অ্যান্ড্রু সবসময় এবং দৃঢ়ভাবে যেকোনো অনিয়মের অভিযোগ অস্বীকার করে আসছেন। টেমস ভ্যালি পুলিশের সহকারী প্রধান কনস্টেবল অলিভার রাইট বলেন, ""একটি পুঙ্খানুপুঙ্খ মূল্যায়নের পর, আমরা এখন সরকারি অফিসে অসদাচরণের এই অভিযোগের তদন্ত শুরু করেছি।"" পুলিশ সরাসরি নাম প্রকাশ না করলেও তাকে পুলিশি হেফাজতে নেওয়ার বিষয়টি ব্যাপক আলোড়ন সৃষ্টি করার মতো ঘটনা। বিবিসির রাজকীয় বিষয়ক সংবাদদাতা শন কফলান এটিকে 'সংবাদ হিসেবে ভূমিকম্প' বলে উল্লেখ করেন। তার মতে, সকালে তিনি কোথায় ছিলেন তা সঠিক জানা না থাকলেও কিন্তু থানার প্লাস্টিকের কাপ এবং জঞ্জালের মধ্যে একজন রাজার ভাইকে কল্পনা করাটাই খুব অবাক করার মতো। বাকিংহাম প্যালেস এবং উইন্ডসর ক্যাসেলের জাঁকজমকের তুলনায় এটি এক বিশাল অধঃপতন। End of সর্বাধিক পঠিত অ্যান্ড্রুর গ্রেফতারের পর রাজা চার্লস এক বিবৃতিতে বলেছেন, ""আমি স্পষ্ট করে বলতে চাই, আইনকে তার নিজস্ব গতিতে চলতে হবে""। এই মুহূর্তে তার গ্রেফতারের সাথে এপস্টিন ফাইলসে তার নাম থাকার কোনো সংশ্লিষ্টতা সরাসরি উল্লেখ করা হয়নি। কিন্তু বিবিসির বিশেষ সংবাদদাতা লুসি ম্যানিং এর মতে অ্যান্ড্রুর সাথে এপস্টিন ফাইলসের সংযোগের তদন্তে উল্লেখযোগ্য অগ্রগতি হয়েছে। অসদাচরণের সন্দেহে অ্যান্ড্রু মাউন্টব্যাটেন-উইন্ডসরকে গ্রেফতার করা হলেও, এটি তার বাণিজ্য দূত থাকাকালীন নথিগুলোর সাথে সম্পর্কিত। সেসব নথি এপস্টিনের কাছে হস্তান্তর করা হয়েছিল বলে অভিযোগ রয়েছে। অ্যান্ড্রু মাউন্টব্যাটেন-উইন্ডসরের বিরুদ্ধে এই অভিযোগগুলো টেমস ভ্যালি পুলিশ তদন্ত করছে। তারা সরকারি অফিসে অসদাচরণের অভিযোগ এবং অ্যান্ড্রু মাউন্টব্যাটেন-উইন্ডসরের সাথে যৌন সম্পর্কের জন্য জেফরি এপস্টাইন কর্তৃক দ্বিতীয় একজন নারীকে যুক্তরাজ্যে পাঠানোর অভিযোগের তদন্ত করছে বিবিসি বাংলার হোয়াটসঅ্যাপ চ্যানেল ফলো করতে এখানে ক্লিক/ট্যাপ করুন ছবির উৎস,
GETTY IMAGES বিবিসি বাংলার সর্বশেষ খবর ও বিশ্লেষণ এখন সরাসরি আপনার ফোনে। ফলো করুন, নোটিফিকেশন অন রাখুন বিবিসি বাংলার সাথে থাকার জন্য ধন্যবাদ বিবিসি বাংলার হোয়াটসঅ্যাপ চ্যানেল বিবিসির মিজ ম্যানিং ধারনা করছেন এই গ্রেফতার কেবল সরকারি পদে অসদাচরণের জন্য এবং স্পষ্টতই এটি একটি অত্যন্ত গুরুত্বপূর্ণ মুহূর্ত যে সাবেক রাজপুত্রকে গ্রেফতার করা হয়েছে। এই প্রথমবারের মতো একজন সাবেক রাজপুত্র, যিনি দোষী সাব্যস্ত যৌন অপরাধী জেফ্রি এপস্টিনের সাথে এই সংযোগের জন্য অসংখ্য অভিযোগের মুখোমুখি হয়েছেন। অ্যান্ড্রু ধারাবাহিকভাবে এবং দৃঢ়ভাবে অন্যায়ের কথা অস্বীকার করে আসছেন। এখন তাকে গ্রেফতারের অর্থ পুলিশ অ্যান্ড্রুর বাড়ি এবং সম্পত্তি তল্লাশি করতে পারবে। সাবেক মেট্রোপলিটন পুলিশ প্রধান সুপারিনটেনডেন্ট, দাল বাবু বিবিসি নিউজকে বলেন যে গত কয়েক সপ্তাহ ধরে চাপ ""ক্রমশ বাড়ছে""। প্রাক্তন জ্যেষ্ঠ পুলিশ কর্মকর্তা বলেছেন যে অ্যান্ড্রুকে গ্রেফতারের মাধ্যমে পুলিশ ""কম্পিউটার সরঞ্জাম, ফাইল, ছবি, অন্য যেকোনো প্রমাণ অ্যাক্সেস করতে সক্ষম হবে""। তিনি আরও বলেন, অফিসাররা ""তার মালিকানাধীন বা দখলকৃত যেকোনো জায়গায়, অথবা তার নিয়ন্ত্রণাধীন অন্য যেকোনো প্রাঙ্গণে তল্লাশি চালাতে পারেন, তাই অন্যান্য এলাকায়ও তল্লাশি চালানো হতে পারে""। ইতোমধ্যেই অ্যান্ড্রু যেখানে থাকতেন, সেই উইন্ডসর গ্রেট পার্কের রয়েল লজে তল্লাশি চালানো হচ্ছে এবং গেটের পাশে বিবিসি যে অফিসারদের দেখতে পেয়েছে তারা ঘটনাস্থল পাহারা দিচ্ছেন। End of content ছবির উৎস,
PA MEDIA বিবিসি রেডিও ফাইভ লাইভে অ্যান্ড্রু মাউন্টব্যাটেন-উইন্ডসরের গ্রেফতারের সাথে আসলে কী জড়িত তা নিয়ে একজন পুলিশ ভাষ্যকার ড্যানি শ-এর সাথে কথা বলছেন। শ বলেন, অ্যান্ড্রুকে সর্বোচ্চ ৯৬ ঘণ্টা আটকে রাখা সম্ভব, তবে এর জন্য ঊর্ধ্বতন পুলিশ কর্মকর্তা এবং ম্যাজিস্ট্রেট আদালতের একাধিকবার মেয়াদ বাড়ানোর প্রয়োজন হবে। শ বলেন, বেশিরভাগ ক্ষেত্রেই সন্দেহভাজনদের ১২ বা ২৪ ঘণ্টা আটকে রাখা হয় এবং তারপর হয় অভিযোগ আনা হয় অথবা পরবর্তী তদন্তের জন্য ছেড়ে দেওয়া হয়। অ্যান্ড্রুকে ""একটি হেফাজত স্যুটের একটি কক্ষে"" রাখা হবে যেখানে কেবল ""একটি বিছানা এবং একটি টয়লেট"" থাকবে, যেখানে সে তার পুলিশ সাক্ষাৎকার পর্যন্ত অপেক্ষা করবে। শ বলেন, ""তার জন্য কোনো বিশেষ চিকিৎসার ব্যবস্থা করা হবে না""। বিবিসির হোম এবং আইনি সংবাদদাতা ডমিনিক ক্যাসিয়ানি বর্ণনা করছেন গ্রেফতারের পর অভিযোগ নিশ্চিতে কী করা হবে। তিনি বলছেন, সরকারি অফিসে অসদাচরণ সত্যিই একটি জটিল অপরাধ। এটি মূলত একটি অভিযোগের উপর ভিত্তি করে তৈরি হয় যে ব্রিটিশ জনগণের পক্ষে কাজ করা কেউ ভুল করা হবে জেনেও গুরুতর ভুল করেছেন। তদন্তের সময় পুলিশকে চারটি 'উপাদান' বা বিষয়ের উপর মনোযোগ দিতে হবে যাতে প্রসিকিউটররা পরে সিদ্ধান্ত নিতে পারেন যে তাকে অভিযুক্ত করা উচিত কিনা। প্রথমত, পুলিশকে অবশ্যই নিশ্চিত করতে হবে যে তারা যার বিরুদ্ধে তদন্ত করছে সে কি একজন 'সরকারি কর্মকর্তা' ছিল কি না এবং প্রশ্নবিদ্ধ ঘটনাটি তাদের কর্তব্যের অংশ ছিল কি না। যদি তাতে একমত হয়, তাহলে গোয়েন্দারা প্রমাণ খুঁজবেন যে, ঘটনাটিতে সন্দেহভাজন ব্যক্তি 'ইচ্ছাকৃতভাবে' তাদের দায়িত্ব পালনে অবহেলা করেছেন অথবা ইচ্ছাকৃতভাবে অন্য কোনওভাবে অসদাচরণ করেছেন। এই সংজ্ঞাটি দীর্ঘদিন ধরে আইনি বিতর্কের বিষয়, যদিও পরে আরও বিস্তারিত জানা যাবে। এর পরের প্রশ্ন হল, তাদের করা কাজটি কি এতটাই খারাপ ছিল যে এতে ""জনগণের আস্থার অপব্যবহার"" হয়েছে? পরিশেষে, যদি প্রমাণগুলো এই তিনটি পরীক্ষায় উত্তীর্ণ হয়ে থাকে, তাহলে পুলিশকে পরীক্ষা করে দেখতে হবে যে তদন্তাধীন ব্যক্তি 'যুক্তিসঙ্গত অজুহাত বা ন্যায্যতা ছাড়াই কাজটি করেছেন কিনা। এই শেষ প্রশ্নটি অত্যন্ত গুরুত্বপূর্ণ। এটি ফৌজদারি বিচারের একটি মৌলিক নীতি যে অন্যায়ের অভিযোগে সন্দেহভাজন কাউকে তার পক্ষের বক্তব্য তুলে ধরার সুযোগ দেওয়া হয় এবং এটি তখনই শুরু হয় যখন পুলিশ এসে তাদের দরজায় কড়া নাড়ে।","https://ichef.bbci.co.uk/ace/ws/400/cpsprodpb/CA0A/production/_106822715_gettyimages-541284296.jpg.webp, https://ichef.bbci.co.uk/ace/ws/400/cpsprodpb/01e9/live/c5327070-0719-11f1-9972-d3f265c101c6.png.webp, https://ichef.bbci.co.uk/ace/ws/400/cpsprodpb/f151/live/446b9720-0bf9-11f1-b7e1-afb6d0884c18.jpg.webp, https://ichef.bbci.co.uk/ace/ws/400/cpsprodpb/6fc1/live/cc932790-0d65-11f1-b1f2-a50c2c5773ab.jpg.webp, https://ichef.bbci.co.uk/ace/ws/400/cpsprodpb/0b65/live/cc24c370-0d67-11f1-b1f2-a50c2c5773ab.jpg.webp",https://www.bbc.com/bengali/articles/czx4121nvveo
বৈশ্বিক শুল্ক বাড়িয়ে এবার ১৫ শতাংশ করা কথা বললেন ট্রাম্প,"ছবির উৎস,
EPA যুক্তরাষ্ট্রের প্রেসিডেন্ট ডোনাল্ড ট্রাম্প বৈশ্বিক পণ্যের ওপর ১৫ শতাংশ শুল্ক আরোপের ঘোষণা দিয়েছেন। দেশটির সুপ্রিম কোর্ট তার বৈশ্বিক শুল্ক নীতিকে অবৈধ ঘোষণার পর তিনি ওই রায়ের সমালোচনা অব্যাহত রেখেছেন। এর আগে শুক্রবার তিনি আদালত কর্তৃক বাতিল হওয়া শুল্কের জায়গায় যুক্তরাষ্ট্রে আসা সব পণ্যের ওপর ১০ শতাংশ শুল্ক আরোপের কথা বলেছিলেন। তবে শনিবার নিজের সামাজিক মাধ্যম ট্রুথ সোশ্যালে তিনি বলেছেন, আগে কখনো ব্যবহার হয়নি - এমন একটি আইনের অধীনে তিনি এ শুল্ক বাড়িয়ে ১৫ শতাংশ করবেন। এই আইনে বলা আছে, নতুন এই কর প্রায় পাঁচ মাস পর্যন্ত চালু রাখা যাবে। এরপর এটি চালিয়ে যেতে হলে কংগ্রেসের অনুমতি নিতে হবে। মঙ্গলবার (২৪শে ফেব্রুয়ারি) থেকেই তার ১০ শতাংশ শুল্ক কার্যকর হওয়ার কথা। এখন সেটি যদি ১৫ শতাংশে উন্নীত করা হয় তাহলে সেটি কখন থেকে কার্যকর হবে তা এখনো স্পষ্ট নয়। বিবিসি এ বিষয়ে হোয়াইট হাউজের সাথে যোগাযোগ করেছে। ১৯৭৪ সালের ট্রেড অ্যাক্টের সেকশন ১২২–এর অধীনে নতুন করে ১৫ শতাংশ কর আরোপের এই সিদ্ধান্ত যুক্তরাজ্য ও অস্ট্রেলিয়াসহ কিছু দেশের জন্য প্রশ্ন তৈরি করেছে। কারণ এসব দেশ আগেই যুক্তরাষ্ট্রের সঙ্গে ১০ শতাংশ শুল্ক চুক্তি করেছিল। End of সর্বাধিক পঠিত ট্রাম্প বলেছেন সুপ্রিম কোর্টের 'হাস্যকর, দুর্বল লেখা ও শুল্ক বিষয়ে অত্যন্ত আমেরিকা বিরোধী' রায় পর্যালোচনার পর তার প্রশাসন শুল্ক বাড়ানোর সিদ্ধান্তে এসেছে। End of বিবিসি বাংলায় আরও পড়ুন: ছবির উৎস,
GETTY IMAGES বিবিসি বাংলার সর্বশেষ খবর ও বিশ্লেষণ এখন সরাসরি আপনার ফোনে। ফলো করুন, নোটিফিকেশন অন রাখুন বিবিসি বাংলার সাথে থাকার জন্য ধন্যবাদ বিবিসি বাংলার হোয়াটসঅ্যাপ চ্যানেল এর আগে সুপ্রিম কোর্ট ৬-৩ ভোট রায় দিয়েছিলেন যে ১৯৭৭ সালের একটি আইন, যার নাম ইন্টারন্যাশনাল ইমার্জেন্সি ইকোনমিক পাওয়ারস অ্যাক্ট বা আইইইপিএ, সেটি ব্যবহার করে গত বছর ব্যাপক বৈশ্বিক শুল্ক আরোপের মাধ্যমে প্রেসিডেন্ট তার ক্ষমতার সীমা অতিক্রম করেছিলেন। দেশটির সর্বশেষ সরকারি অনুযায়ী, আইনটি ব্যবহার করে যুক্তরাষ্ট্র ইতোমধ্যে কমপক্ষে ১৩০ বিলিয়ন ডলার শুল্ক আদায় করেছে। সুপ্রিম কোর্টের রায় ঘোষণার পরপরই বলেছেন 'তিনি আদালতের কিছু সদস্যের জন্য লজ্জিত' এবং যারা তার বাণিজ্য নীতি প্রত্যাখ্যান করেছে তাদের 'বোকা' বলে অভিহিত করেন। শুল্ক বাতিলের সিদ্ধান্তটি এসেছে তিনজন উদারপন্থী বিচারকের কাছ থেকে। এদের মধ্যে প্রধান বিচারপতি জন রবার্টস ছিলেন জর্জ ডব্লিউ বুশ মনোনীত আর দুই বিচারক আমি কোনে ব্যারেট ও নেইল গরসাচকে ট্রাম্পই মনোনয়ন দিয়েছিলেন। আর রায়ের বিরোধিতা করেছেন তিনজন রক্ষণশীল বিচারপতি- ক্লেয়ারেন্স থমাস, ব্রেট কাভানাফ ও স্যামুয়েল আলিতো। ট্রাম্পের শুল্ক নীতি তার অর্থনৈতিক নীতির একটি গুরুত্বপূর্ণ অংশ। তিনি বলেছেন, এটি যুক্তরাষ্ট্রে বিনিয়োগ ও উৎপাদনকে উৎসাহিত করবে। তবে সর্বোচ্চ আদালতের রায় তার ক্ষমতার ওপর বড় নিয়ন্ত্রণ আরোপ করেছে এবং তার দ্বিতীয় মেয়াদের পরিকল্পনায় এটি বড় ধাক্কা দিয়েছে। বিবিসি বাংলার হোয়াটসঅ্যাপ চ্যানেল ফলো করতে এখানে ক্লিক/ট্যাপ করুন ছবির উৎস,
GETTY IMAGES প্রেসিডেন্ট ট্রাম্পের যুক্তি হলো বাণিজ্য ঘাটতি কমাতে শুল্ক দরকার। কিন্তু এ সপ্তাহে যুক্তরাষ্ট্রের বাণিজ্য ঘাটতি নতুন রেকর্ড ছুঁয়েছে—২০২৪ সালের তুলনায় দুই দশমিক এক শতাংশ বেড়ে প্রায় এক দশমিক দুই ট্রিলিয়ন ডলারে পৌঁছেছে। বাল্টিমোরের একটি ইস্পাত কারখানার মালিক ড্রু গ্রিনব্লাট বিবিসিকে বলেছেন , সুপ্রিম কোর্টের সিদ্ধান্তে তিনি ""খুবই হতাশ""। তার মতে, এতে যুক্তরাষ্ট্রের দরিদ্র মানুষদের ভালো উৎপাদন খাতে চাকরি পেয়ে মধ্যবিত্ত পর্যায়ে উন্নীত হবার সুযোগ কমে যাবে। অন্যদিকে, ভার্জিনিয়ার সয়াবিন চাষি ও ন্যাশনাল ব্ল্যাক ফার্মার্স অ্যাসোসিয়েশনের প্রতিষ্ঠাতা জন বয়েড বলেন, ""এটি আমার জন্য বড় জয় এবং প্রেসিডেন্টের জন্য বড় পরাজয়। যেভাবেই দেখা হোক না কেন, প্রেসিডেন্ট ট্রাম্প এখানে হেরেছেন।"" যুক্তরাজ্য সরকারের সাবেক বাণিজ্য উপদেষ্টা ও এসইসি নিউগেটের পরিচালক অ্যালি রেনিসন বলেন, ""এটি মুক্ত বাণিজ্যের জন্য ভালো দিন মনে হতে পারে, কিন্তু বাস্তবে বাণিজ্য আরও জটিল হয়ে গেছে বলে আমি মনে করি।"" তার মতে, ট্রাম্প প্রশাসনের অধীনে এখন শুল্ক নীতি আরও জটিল আকার নিচ্ছে। ১৯৭৪ সালের ট্রেড অ্যাক্টের সেকশন ১২২ অনুযায়ী যুক্তরাষ্ট্রে আমদানি করা অধিকাংশ পণ্যে ১৫ শতাংশ শুল্ক দিতে হবে। তবে গুরুত্বপূর্ণ খনিজ, ধাতু ও ঔষধের মতো কিছু পণ্য এই শুল্ক থেকে ছাড় পাবে। অন্যদিকে ইস্পাত, অ্যালুমিনিয়াম, কাঠ ও গাড়ির ওপর আলাদা আইনের মাধ্যমে আরোপিত শুল্ক বহাল থাকবে; সেগুলো আদালতের রায়ে প্রভাবিত হয়নি। ছবির উৎস,
GETTY IMAGES হোয়াইট হাউসের একজন কর্মকর্তা জানান, যুক্তরাজ্যসহ যেসব দেশ আগে যুক্তরাষ্ট্রের সঙ্গে বাণিজ্য চুক্তি করেছে, তারাও সেকশন ১২২–এর অধীনে বৈশ্বিক শুল্কের মুখোমুখি হবে। তবে যুক্তরাষ্ট্রের সঙ্গে যুক্তরাজ্যের বাণিজ্য চুক্তি জুড়ে থাকা ইস্পাত, অ্যালুমিনিয়াম, ওষুধ, গাড়ি ও বিমান খাত— আগের চুক্তির আওতায়ই থাকবে। যুক্তরাজ্য সরকার বলেছে, তারা আশা করে যুক্তরাষ্ট্রের সঙ্গে তাদের ""বিশেষ বাণিজ্যিক অবস্থান"" বজায় থাকবে। ফ্রান্সের প্রেসিডেন্ট পরিস্থিতির সঙ্গে মানিয়ে নেওয়ার কথা বলেছেন। তবে জার্মানির চ্যান্সেলর বলেছেন শুল্ক নিয়ে অনিশ্চয়তা 'বিষের' মতো। ""ইউরোপ ও যুক্তরাষ্ট্রের অর্থনীতির জন্য সবচেয়ে বড় বিষ হলো এই অব্যাহত অনিশ্চয়তা। এই অনিশ্চয়তার অবসান হওয়া উচিত,"" বলেছেন তিনি। ওদিকে সুপ্রিম কোর্টের রায়ের ফলে ভোক্তা ও ব্যবসা প্রতিষ্ঠানগুলোর জন্য বেআইনি শুল্কের টাকা ফেরত চাওয়ার সুযোগ তৈরি হয়েছে। তবে আদালত সরাসরি সিদ্ধান্ত দেয়নি যে, এই অর্থ ফেরত দেওয়া হবে কি না। শুক্রবার ট্রাম্প ইঙ্গিত দিয়েছেন যে আইনি লড়াই ছাড়া কোনো টাকা ফেরত দেওয়া হবে না এবং তার দাবি, এই প্রক্রিয়া কয়েক বছর পর্যন্ত চলতে পারে। যদিও ইতোমধ্যে বিভিন্ন কোম্পানি ও বাণিজ্য সংগঠন জানিয়েছে, তারা অর্থ ফেরতের জন্য দাবি তুলবে।","https://ichef.bbci.co.uk/ace/ws/400/cpsprodpb/CA0A/production/_106822715_gettyimages-541284296.jpg.webp, https://ichef.bbci.co.uk/ace/ws/400/cpsprodpb/01e9/live/c5327070-0719-11f1-9972-d3f265c101c6.png.webp, https://ichef.bbci.co.uk/ace/ws/400/cpsprodpb/f151/live/446b9720-0bf9-11f1-b7e1-afb6d0884c18.jpg.webp, https://ichef.bbci.co.uk/ace/ws/400/cpsprodpb/6fc1/live/cc932790-0d65-11f1-b1f2-a50c2c5773ab.jpg.webp, https://ichef.bbci.co.uk/ace/ws/400/cpsprodpb/0b65/live/cc24c370-0d67-11f1-b1f2-a50c2c5773ab.jpg.webp",https://www.bbc.com/bengali/articles/c178wq8ly4ro
খেজুর দিয়ে রোজা ভাঙা কেন স্বাস্থ্যের জন্য উপকারী?,"ছবির উৎস,
GETTY IMAGES রমজান মাসে, ইফতারের সময় খাবারের অন্যতম প্রধান উপকরণ খেজুর। সূর্যাস্তের সময় বিশ্বের কোটি মুসলমান এই খাবারটিকে বেছে নেন রোজা ভাঙার জন্য। ইসলামের পাঁচটি মৌলিক স্তম্ভের মধ্যে রোজা অন্যতম। রমজান মাসে, মুসলমানরা সূর্যোদয় থেকে সূর্যাস্ত পর্যন্ত খাবার গ্রহণ থেকে বিরত থাকেন। ইসলামি ঐতিহ্য অনুসারে, ইসলামের নবী রোজা ভাঙার জন্য খেজুর ব্যবহারের পরামর্শ দিয়েছিলেন। অন্যদিকে মুসলিমদের পবিত্র গ্রন্থ কুরআনেও বেশ কয়েকটি জায়গায় খেজুরের উল্লেখ রয়েছে। কিন্তু খেজুরে এমন কী চিকিৎসাগত উপকারিতা রয়েছে যা রোজাদারদের জন্য একটি আদর্শ খাবার করে তোলে? বিবিসি বাংলার হোয়াটসঅ্যাপ চ্যানেল ফলো করতে এখানে ক্লিক/ট্যাপ করুন ছবির উৎস,
GETTY IMAGES রমজান মাসে সূর্যোদয় থেকে সূর্যাস্ত পর্যন্ত এই দীর্ঘ সময় কিছু না খেয়ে থাকতে হয়। অনেকক্ষণ ধরে না খাওয়ার পর খেজুরের পুষ্টিগুণ মানুষের পাকস্থলীর জন্য একটি চমৎকার খাবার। যুক্তরাজ্য-ভিত্তিক পুষ্টিবিদ শাহনাজ বশির বলছেন, ""যখন আপনি রোজা ভাঙেন, তখন আপনার শরীর তাৎক্ষণিকভাবে গ্লুকোজ তৈরির চেষ্টা করে, কারণ শরীরে জ্বালানি হিসেবে এটির প্রয়োজন হয়।"" End of সর্বাধিক পঠিত খেজুরে প্রচুর পরিমাণে চিনি থাকে, যা অন্যান্য খাবারের তুলনায় রক্তে শর্করার মাত্রা অনেক দ্রুত বৃদ্ধি করে। শাহনাজ বশির আরও বলেন, ""খেজুর অসাধারণ একটি খাবার, কারণ এতে শর্করা এবং জটিল কার্বোহাইড্রেট উভয়ই থাকে।"" এর অর্থ হল এই ফলটি শরীরকে প্রচুর পরিমাণে শক্তি সরবরাহ করে। যারা দীর্ঘদিন ধরে কিছু খাননি তাদের জন্য এটি আদর্শ। খেজুর ভিটামিন এ, কে, বি৬ এবং আয়রনে সমৃদ্ধ। এছাড়া অল্প সময়ের মধ্যে শরীরকে প্রয়োজনীয় সমস্ত পুষ্টি সরবরাহ করতেও সহায়তা করে এই খাবারটি। End of আরো পড়তে পারেন: ছবির উৎস,
GETTY IMAGES খেজুর একটি শুকনো ফল হলেও, এটি মানুষের শরীরকে হাইড্রেটেড রাখতে সাহায্য করে। প্রাকৃতিকভাবেই এতে ইলেক্ট্রোলাইট পটাসিয়াম থাকে, যা পানির জন্য চুম্বকের মতো কাজ করে, শরীরের কোষগুলোকে পানিতে পরিপূর্ণ করে তোলে। শাহনাজ বশিরের মতে, ""অনেকে খেজুর দিয়ে রোজা ভাঙেন এবং পানিও পান করেন। এটি শক্তির জন্য চমৎকার, পাশাপাশি শরীরে পানির ভারসাম্য বজায় রাখে।"" তিনি আরও বলেন যে, ""খেজুর খাওয়ার পরে, সাধারণত অতিরিক্ত ইলেক্ট্রোলাইট গ্রহণের প্রয়োজন হয় না।"" ছবির উৎস,
GETTY IMAGES রমজান মাসে অনেকের ওজন কমে যায়, কিন্তু ইফতারে অতিরিক্ত খেলে রোজা রাখার পরও ওজন বাড়তে পারে। ঐতিহ্যগতভাবে, অনেক মুসলিম ইফতারের পর বিজোড় সংখ্যক খেজুর (তিন, পাঁচ, সাত, অথবা নয়) খায় এবং এরপর মাগরিবের নামাজ পড়ে। নামাজ শেষে তারা আবারও খাবার গ্রহণ করে। মানবদেহ তন্তুযুক্ত খেজুর হজম করতে শুরু করলে, অতিরিক্ত খাওয়ার ইচ্ছাও কমে যেতে পারে। এর ফলে একজন মানুষের জন্য খাবারের ভারসাম্য ধরে রাখা সহজ হয়। শাহনাজ বশির বলছেন, ""এটি (খেজুর) আপনার শরীরকে বুঝতে সাহায্য করে যে কিছু খাবার গ্রহণ করা হয়েছে এবং হজম প্রক্রিয়াও শুরু হয়েছে।"" End of বিবিসি বাংলায় আরো পড়তে পারেন: ছবির উৎস,
GETTY IMAGES রোজাদার মুসলমানদের মধ্যে কোষ্ঠকাঠিন্য এবং পেট ফাঁপা একটি সাধারণ অভিযোগ। কারণ সাধারণ দিনগুলোতে, সারা দিন ধরে খাওয়া-দাওয়া চলতে থাকে, যা শরীরের বিভিন্ন অঙ্গ সচল রাখে। অন্যদিকে রমজান মাসে দীর্ঘ সময় ধরে রোজা রাখায় এই প্রক্রিয়াটি কিছুটা ধীর হয়ে যায়। খেজুর ফাইবারের একটি চমৎকার উৎস, যা শরীরের বর্জ্য পদার্থকে অন্ত্রের মধ্য দিয়ে আরও সহজে বেরিয়ে যেতে সাহায্য করে। যুক্তরাজ্যের জাতীয় স্বাস্থ্য পরিষেবা বিভাগ প্রতিদিন একজন পূর্ণবয়স্ক মানুষকে ৩০ গ্রাম ফাইবার গ্রহণের পরামর্শ দেয়। শাহনাজ বশির বলছেন, ""রমজানে মাঝে মাঝে আমরা সরল বা সিম্পল কার্বোহাইড্রেট খেতে চাই, যা শরীর দ্রুত হজম করে তাৎক্ষণিক শক্তি প্রদান করে। কিন্তু যদি আমরা পরিকল্পনা করে রান্না করি, তাহলে আমরা এতে ফাইবারের উপস্থিতি নিশ্চিত করতে পারি।"" এক্ষেত্রে প্রতিদিনের খাদ্য তালিকায় শুকনো ফল ব্যবহার করা যেতে পারে, যা ফাইবার গ্রহণ বাড়ানোর একটি সহজ উপায়। End of বিবিসি বাংলার অন্যান্য খবর: ছবির উৎস,
GETTY IMAGES রমজান মাসে রোজা রাখা কেবল ধর্মীয় কারণেই নয় বরং স্বাস্থ্যগত দিক থেকেও এটি গুরুত্বপূর্ণ। বর্তমান সময়ে দীর্ঘক্ষণ ধরে কিছু না খাওয়ার প্রবণতাও বিশ্বজুড়ে জনপ্রিয় হয়ে উঠছে। শাহনাজ বশিরের মতে, ""এটা অনেকটা ঠিক রমজান মাসে আমরা যেভাবে রোজা রাখি তার মতোই।"" যদি একজন ব্যক্তি নির্দিষ্ট ধরনের খেজুর পছন্দ না করে, এতেও সমস্য নেই বলে মনে করেন মিজ বশির। ""শত শত ধরনের খেজুর রয়েছে, এক্ষেত্রে অন্য ধরনও চেষ্টা করা যেতে পারে,"" বলেন তিনি। ""এগুলোর গঠন আলাদা ধরনের, কিছু শক্ত যা চিবিয়ে খেতে হয়, কিছু খুব নরম। কোনোটির ত্বক পুরু আবার কোনোটির ত্বক পাতলা,"" শাহনাজ বশির বলেন। তার পরামর্শ, যদি এরপরও কারো খেজুর খেতে ইচ্ছা না করে, তাহলে স্মুদি বা শরবতে খেজুর যোগ করুন। ""খেজুর এবং দুধ একসাথে মিশিয়ে নিন, সামান্য দই এবং শুকনো ফল যোগ করুন, মিশিয়ে খান। এগুলো খুবই ভালো খাবার যা শরীরের জন্য নানাভাবে উপকারী,"" বলেন তিনি।","https://ichef.bbci.co.uk/ace/ws/400/cpsprodpb/CA0A/production/_106822715_gettyimages-541284296.jpg.webp, https://ichef.bbci.co.uk/ace/ws/400/cpsprodpb/01e9/live/c5327070-0719-11f1-9972-d3f265c101c6.png.webp, https://ichef.bbci.co.uk/ace/ws/400/cpsprodpb/f151/live/446b9720-0bf9-11f1-b7e1-afb6d0884c18.jpg.webp, https://ichef.bbci.co.uk/ace/ws/400/cpsprodpb/6fc1/live/cc932790-0d65-11f1-b1f2-a50c2c5773ab.jpg.webp, https://ichef.bbci.co.uk/ace/ws/400/cpsprodpb/0b65/live/cc24c370-0d67-11f1-b1f2-a50c2c5773ab.jpg.webp",https://www.bbc.com/bengali/articles/cde42n53j95o
"জাল ভোট, বুথ দখলসহ নির্বাচনে যেসব অনিয়ম পেয়েছে টিআইবি","ছবির উৎস,
GETTY IMAGES ত্রয়োদশ জাতীয় সংসদ নির্বাচনে অন্তত চল্লিশ শতাংশ আসনে একাধিক অনিয়মের চিত্র দেখা গেছে বলে জানিয়েছে দুর্নীতিবিরোধী আন্তর্জাতিক সংস্থা ট্রান্সপারেন্সি ইন্টারন্যাশনাল বাংলাদেশ (টিআইবি)। টিআইবি সোমবার দুপুরে এ নিয়ে একটি প্রতিবেদন প্রকাশ করেছে। 'ত্রয়োদশ জাতীয় সংসদ নির্বাচন প্রক্রিয়া ও হলফনামাভিত্তিক পর্যবেক্ষণ' শীর্ষক ঐ প্রতিবেদনে বলা হয়, দৈবচয়নের ভিত্তিতে ৭০টি আসনে নির্বাচন পর্যবেক্ষণ করে অনিয়মের চিত্র দেখতে পেয়েছে টিআইবি। অর্থাৎ যে চল্লিশ শতাংশ আসনে অনিয়মের কথা বলা হচ্ছে, সেগুলো মোট তিনশত আসনের চল্লিশ শতাংশ নয়, বরং ৭০টি আসনের মধ্যে চল্লিশ শতাংশ। তবে প্রশ্নোত্তর পর্বে নির্বাচনে 'ইলেকশন ইঞ্জিনিয়ারিং' হয়েছে এমন দাবি সামগ্রিকভাবে নাকচ করেছেন টিআইবির নির্বাহী পরিচালক ড. ইফতেখারুজ্জামান। প্রতিবেদনে বলা হয়, আওয়ামী লীগ নির্বাচনে অংশ না নিলেও 'ফ্যাক্ট যেটা বলছে যে, এটি গ্রহণযোগ্য মাত্রায় সুষ্ঠু, নিরপেক্ষ, অন্তর্ভূক্তিমূলক ও অংশগ্রহণমূলক নির্বাচন হয়েছে।"" টিআইবি ৭০টি আসনে যেসব অনিয়ম দেখতে পেয়েছে তার মধ্যে সবচেয়ে বেশি অনিয়ম ঘটেছে ভোটারদের হুমকি দিয়ে তাড়ানো বা কেন্দ্রে প্রবেশ করতে না দেয়া। টিআইবি বলছে, তাদের পর্যবেক্ষণ করা ৭০টি আসনের মধ্যে ৪৬.৪ শতাংশ আসনেই এমন অভিযোগ পাওয়া গেছে। End of সর্বাধিক পঠিত End of আরো পড়তে পারেন ছবির উৎস,
GETTY IMAGES ৭০ আসনের ভোট পর্যবেক্ষণে আরও যেসব অনিয়মের ঘটনা প্রতিবেদনে বলা হয়েছে: সার্বিক পর্যবেক্ষণে টিআইবি বলেছে, ""শুরুতে তুলনামূলক সুস্থ প্রতিযোগিতার লক্ষণ দেখা গেলেও, ক্রমান্বয়ে রাজনৈতিক দল এবং প্রার্থীরা নির্বাচনী কার্যক্রমের পুরাতন রাজনৈতিক চর্চা বজায় রেখেছেন।"" ""ফলে নির্বাচনে দল ও জোটের মধ্যে আন্তঃদলীয় কোন্দল, ক্ষমতার জন্য অসুস্থ প্রতিযোগিতা এবং সহিংসতা ক্রমেই বৃদ্ধি পেয়েছে, যা নির্বাচন-পরবর্তী সময়েও অব্যাহত।'' বিভিন্ন অনিয়মের ঘটনা ঘটলেও সামগ্রিকভাবে পুরো নির্বাচনে 'ইলেকশন ইঞ্জিনিয়ারিং' হওয়ার অভিযোগ আবার নাকচ করেছেন টিআইবির নির্বাহী পরিচালক ড. ইফতেখারুজ্জামান। তিনি বলেন, ""আমাদের বিবেচনায় আমরা কোনো ইঞ্জিনিয়ারিং পাইনি। নির্বাচন তুলনামূলক সুষ্ঠু, গ্রহণযোগ্য ও প্রতিযোগিতামূলক হয়েছে।"" বিবিসি বাংলার খবর পেতে গুগল নিউজ চ্যানেল অনুসরণ করুন। তবে প্রতিবেদনে প্রতিপক্ষ রাজনৈতিক দলের পক্ষ থেকে ইলেকশন ইঞ্জিনিয়ারিংয়ের অভিযোগ এসেছে এমন মন্তব্য করা হয়। এক্ষেত্রে এগার দলীয় জোটের পক্ষ থেকে 'ভোট গণনায় অনিয়মসহ' দশ শতাংশ পর্যন্ত কারচুপির যে অভিযোগ তোলা হয়েছে, সেটা উল্লেখ করা হয়। বলা হয়, ঐ জোটের পক্ষ থেকে ৩২টি আসনে ভোট পুনরায় গণনার দাবি তোলা হয়েছে। এবারের নির্বাচনে আওয়ামী লীগ অংশ নেয়নি। ফলে নির্বাচন অংশগ্রহণমূলক হলো কিনা প্রশ্নোত্তরপর্বে এমন প্রশ্ন করা হয়। জবাবে টিআইবির নির্বাহী পরিচালক ড. ইফতেখারুজ্জামান বলেন, নির্বাচন অংশগ্রহণমূলক হয়েছে। কারণ হিসেবে তিনি বলেন আওয়ামী লীগের অনেকেই ভোট দিয়েছেন। ""তৃণমূল পর্যায়ে অনেক জায়গায় আওয়ামী লীগের নেতা কর্মীরা জয় বাংলা স্লোগান দিয়ে ধানের শীষ বা দাঁড়িপাল্লায় ভোট দিতে বলেছিলেন। তারা ভোট দিয়েছেন। আওয়ামী লীগের শতভাগ নেতাকর্মী ভোট দেননি এটা বলার সুযোগ নেই।"" মি. জামান বলেন, আওয়ামী লীগ নির্বাচন প্রতিহত করার ঘোষণা দিলেও 'তাদের কর্মী-সমর্থকরা ভোটার হিসেবে নির্বাচনে অংশ নিয়েছেন'। যদিও 'দলের একটি অংশ ভোট বর্জন করেছে'- যা সাধারণ ভোটারদের ক্ষেত্রেও প্রযোজ্য। 'এখানে ফ্যাক্ট যেটা বলছে যে, এটি গ্রহণযোগ্য মাত্রায় সুষ্ঠু, নিরপেক্ষ, অন্তর্ভূক্তিমূলক ও অংশগ্রহণমূলক নির্বাচন হয়েছে।""","https://ichef.bbci.co.uk/ace/ws/400/cpsprodpb/CA0A/production/_106822715_gettyimages-541284296.jpg.webp, https://ichef.bbci.co.uk/ace/ws/400/cpsprodpb/01e9/live/c5327070-0719-11f1-9972-d3f265c101c6.png.webp, https://ichef.bbci.co.uk/ace/ws/400/cpsprodpb/f151/live/446b9720-0bf9-11f1-b7e1-afb6d0884c18.jpg.webp, https://ichef.bbci.co.uk/ace/ws/400/cpsprodpb/6fc1/live/cc932790-0d65-11f1-b1f2-a50c2c5773ab.jpg.webp, https://ichef.bbci.co.uk/ace/ws/400/cpsprodpb/0b65/live/cc24c370-0d67-11f1-b1f2-a50c2c5773ab.jpg.webp",https://www.bbc.com/bengali/articles/c5ygen59j15o
ট্রাম্পের নতুন শুল্ক ঘোষণার পর বাংলাদেশের সঙ্গে চুক্তির ভবিষ্যৎ কী?,"ছবির উৎস,
GETTY IMAGES ডোনাল্ড ট্রাম্পের শুল্ক যুদ্ধে হঠাৎই বড় বাধা হয়ে দাঁড়িয়েছে দেশটির সুপ্রিম কোর্ট। মার্কিন প্রেসিডেন্টের বহুল আলোচিত 'ইউনিভার্সাল বেসলাইন ট্যারিফ' যুক্তরাষ্ট্রের সংবিধানের পরিপন্থি এবং আইনিভাবে অবৈধ বলে ঘোষণা করেছেন প্রধান বিচারপতি জন রবার্টসের নেতৃত্বাধীন বেঞ্চ। এই রায় কেবল আমেরিকার অভ্যন্তরীণ বিষয় নয়, বরং এর ওপর নির্ভর করছে বিশ্ব অর্থনীতির উত্থান-পতন। অনেক দেশের মতো বাংলাদেশের জন্যও বড় মাথা ব্যাথার কারণ ট্রাম্পের এই শুল্কনীতি। শুল্ক নিয়ে চলমান বৈশ্বিক অস্থিরতায় ট্রাম্প প্রশাসনের পরবর্তী পদক্ষেপ কী হবে- এমন প্রশ্ন যেমন রয়েছে, তেমনি বাংলাদেশের সঙ্গে হওয়া চুক্তির কী হবে, শুল্ক বাতিল হলেও অন্য শর্তগুলো বহাল থাকবে কি না- এমন নানা প্রশ্ন সামনে আসছে। ডোনাল্ড ট্রাম্প নতুন করে ক্ষমতায় বসার পর থেকেই মার্কিন পাল্টা শুল্ক নিয়ে টালমাটাল গোটা বিশ্ব। বাংলাদেশের তৈরি পোশাক খাতের কয়েক হাজার কোটি টাকার ভাগ্যের চাবিকাঠিও এখানে। নানা আলোচনা আর দরকষাকষির পর কদিন আগেই শুল্ক ইস্যুতে যুক্তরাষ্ট্রের সঙ্গে চুক্তি সই করেছে বাংলাদেশ। অবশ্য এ নিয়ে দেশের অর্থনীতিবিদ এবং ব্যবসায়ীসহ খাত সংশ্লিষ্টদের নানা সমালোচনা রয়েছে। যদিও চুক্তি স্বাক্ষর ঘিরে বছরজুড়ে যে অস্থিরতা চলছিল, সেটি দূর করে সম্প্রতি নতুন কৌশল নিয়ে চিন্তাচাভাবনা শুরু করেছিলেন ব্যবসায়ীরা। কিন্তু মার্কিন সুপ্রিম কোর্টের এই রায়ের মাধ্যমে আবারও এক নতুন মোড় নিয়েছে পুরো বিষয়টি। বাংলাদেশ কি এই রায়ে লাভবান হবে, নাকি ট্রাম্পের 'প্ল্যান বি' আমাদের আরও বড় সংকটে ফেলবে–– এমন প্রশ্ন নতুন করে সামনে আনছেন অনেকে। End of সর্বাধিক পঠিত আদালতের রায়ের কয়েক ঘণ্টার মধ্যে অন্য আইনে নতুন করে ১০ শতাংশ শুল্ক ঘোষণা করেছেন ট্রাম্প। এখন পর্যন্ত যে তথ্য পাওয়া যাচ্ছে তাতে, বাংলাদেশের ১৯ শতাংশ শুল্ক কমে ১০ শতাংশ হচ্ছে। এটাকে আপাতদৃষ্টিতে ভালো মনে হলেও, ভবিষ্যতের জন্য প্রস্তুত থাকার পরামর্শ অর্থনীতিবিদদের। তারা বলছেন, দেশটির যে আইনে ট্রাম্প নতুন শুল্কের সিদ্ধান্ত নিয়েছেন সেখানে আপাতত শুল্ক কমার বিষয়টি ছাড়া বাংলাদেশের জন্য দীর্ঘমেয়াদে তেমন স্বস্তির বার্তা নেই। অবশ্য দেশের শিল্প কারখানাগুলোর কাজের পরিবেশ, পরিবেশগত কমপ্লাসেন্স ঠিক রাখাসহ বাংলাদেশের অভ্যন্তরীণ প্রস্তুতি যদি ভালো থাকে তাহলে প্রেক্ষাপট ভিন্ন হতে পারে। কারণ দেশটির 'ট্রেড অ্যাক্ট ১৯৭৪'-এর ধারা ১২২ ব্যবহার করে ১৫০ দিনের জন্য ১০ শতাংশ শুল্ক আরোপের যে নতুন সিদ্ধান্ত ট্রাম্প নিয়েছেন সেটি একটি দেশের অভ্যন্তরীণ পরিবেশ যাচাই করে ৫০ শতাংশ পর্যন্ত বাড়াতে পারেন মার্কিন প্রেসিডেন্ট। End of বিবিসি বাংলায় আরও পড়তে পারেন: ছবির উৎস,
GETTY IMAGES বিবিসি বাংলার সর্বশেষ খবর ও বিশ্লেষণ এখন সরাসরি আপনার ফোনে। ফলো করুন, নোটিফিকেশন অন রাখুন বিবিসি বাংলার সাথে থাকার জন্য ধন্যবাদ বিবিসি বাংলার হোয়াটসঅ্যাপ চ্যানেল ২০২৪ সালের নির্বাচনে জয়লাভের পর ডোনাল্ড ট্রাম্প তার 'আমেরিকা ফার্স্ট' নীতিকে নতুন উচ্চতায় নিয়ে যান। ২০২৫ সালের শুরুতেই তিনি ঘোষণা করেন, পৃথিবীর যেকোনো দেশ থেকে আমেরিকায় পণ্য ঢুকলে তার ওপর ১০ থেকে ২০ শতাংশ পর্যন্ত অতিরিক্ত শুল্ক দিতে হবে। বাংলাদেশের জন্য এটি ছিল বিনামেঘে বজ্রপাত। ভিয়েতনাম বা ভারতের তুলনায় বাংলাদেশের শ্রমমূল্য কম হলেও মার্কিন শুল্কের কারণে বাংলাদেশি পোশাকের দাম আমেরিকায় আকাশচুম্বী হয়ে যায়। ফলে ওয়ালমার্ট, গ্যাপ বা এইচঅ্যান্ডএম-এর মতো বড় বড় ক্রেতারা বাংলাদেশ থেকে মুখ ফিরিয়ে নেওয়ার হুমকি দেয়। ২০২৫ সালের দোসরা এপ্রিল ডোনাল্ড ট্রাম্পের একটি নির্বাহী আদেশের মাধ্যমে বাংলাদেশসহ বিশ্বের বিভিন্ন দেশের উপর বিভিন্ন হারে রেসিপ্রোকাল ট্যারিফ বা পাল্টা শুল্ক আরোপ করে যুক্তরাষ্ট্র, যেটা বিশ্ব অর্থনীতিতে একধরনের অস্থিরতা সৃষ্টি করেছিলো। বাংলাদেশ পড়ে ৩৫ শতাংশ শুল্কের আওতায়। শেষ পর্যন্ত দরকষাকষি শেষে উভয় পক্ষ 'অ্যাগ্রিমেন্ট অন রেসিপ্রোকাল ট্রেড' নামে এই বাণিজ্য চুক্তিতে স্বাক্ষর করে, যার ফলে বাংলাদেশের উপর মার্কিন পাল্টা শুল্ক দাঁড়ায় ১৯ শতাংশ। যার বিনিময়ে বাংলাদেশকে আমেরিকা থেকে বিপুল পরিমাণ তুলা, সয়াবিন এবং অন্তত চারটি বোয়িং বিমান কিনতে সম্মত হয়। তখন এই চুক্তিকে বাংলাদেশের অর্থনীতিবিদরা 'অসম' এবং 'জবরদস্তিমূলক' বলে সমালোচনা করেছিলেন। মার্কিন যুক্তরাষ্ট্রের সুপ্রিম কোর্ট শুল্ক নিয়ে সম্প্রতি যে রায় দিয়েছে সেখানে বলা হয়েছে, প্রেসিডেন্ট ট্রাম্প যে ইন্টারন্যাশনাল ইমারজেন্সি ইকোনমিক পাওয়ারস অ্যাক্ট বা আইইইপিএ ব্যবহার করে শুল্ক বসিয়েছিলেন, সেটি জাতীয় নিরাপত্তার অজুহাতে হলেও আসলে ছিল অর্থনৈতিক জবরদস্তি। এই রায়ের ফলে এতদিন ধরে বাংলদেশ, ভারতসহ বিভিন্ন দেশের ওপর ট্রাম্প প্রশাসন যে পাল্টা শুল্ক আরোপের চুক্তি করছিল সেটি আর কার্যকর থাকছে না। তবে পিছু হটেননি ট্রাম্প। আদালতের রায়ের কয়েক ঘণ্টার মাথায় তিনিও অন্য একটি আইনে নতুন করে ১০ শতাংশ শুল্ক ঘোষণা করেছেন। হোয়াইট হাউসের একজন কর্মকর্তা জানিয়েছেন যে, যুক্তরাজ্য, ভারত এবং ইউরোপীয় ইউনিয়ন-সহ আমেরিকার সাথে বাণিজ্য চুক্তি সম্পন্ন দেশগুলোকে এখন থেকে তাদের পূর্বে আলোচনা করা শুল্ক হারের পরিবর্তে 'ধারা ১২২' এর অধীনে বিশ্বব্যাপী ১০ শতাংশ শুল্কের সম্মুখীন হতে হবে। ওই কর্মকর্তা বলছেন, শুল্কের বিষয়টি পরিবর্তন হলেও বাণিজ্য চুক্তি বাতিল হচ্ছে না। তাই চুক্তির অধীনে যেসব বিষয়ে সম্মতি বা যেসব শর্ত রয়েছে সেগুলো মেনে চলবে বলেই আশা করে ট্রাম্প প্রশাসন। বিবিসি বাংলার হোয়াটসঅ্যাপ চ্যানেল ফলো করতে এখানে ক্লিক/ট্যাপ করুন ছবির উৎস,
GETTY IMAGES বিশ্ব বাণিজ্যে অন্য দেশের ওপর শুল্ক আরোপের বিষয়ে যুক্তরাষ্ট্রের প্রেসিডেন্ট নয়, বরং কংগ্রেসের হাতেই সর্বোচ্চ ক্ষমতা। ট্রাম্প যে আইনের উপর ভিত্তিতে শুল্ক আরোপ করেছিলেন, সেটি মূলত ১৯৭৭ সালের জরুরি অর্থনৈতিক ক্ষমতা আইনে, যেখানে ট্রাম্পকে এত ব্যাপক ক্ষমতা দেওয়া হয়নি। শুল্ক ইস্যুতে দেশটির সুপ্রিম কোর্টের রায়ের পর, এই রায় কার্যকরে প্রক্রিয়া নিয়ে নানা আলোচনা চলছে। এছাড়া যেসব বড় কোম্পানি ইতোমধ্যে বাড়তি হারে শুল্ক পরিশোধ করেছে তাদের অর্থ ফেরত দেওয়া হবে কিনা এমন নানা জটিলতাও রয়েছে। সুপ্রিম কোর্টের এমন রায় নিয়ে ক্ষুব্ধ হয়েছেন প্রেসিডেন্ট ডোনাল্ড ট্রাম্প। রায় প্রকাশের কয়েক ঘণ্টা পর হোয়াইট হাউজে এক সংবাদ সম্মেলনে তিনি বলেন, ""আমি আদালতের কিছু সদস্যকে নিয়ে লজ্জিত। আমাদের দেশের স্বার্থে সঠিক কাজটি করার সাহস দেখাতে না পারায় আমি তাদের নিয়ে পুরোপুরি লজ্জিত""। নতুন করে ১০ শতাংশ শুল্ক আরোপের যে সিদ্ধান্ত ট্রাম্প জানিয়েছেন, যুক্তরাষ্ট্রের আইন অনুযায়ী এই পথে পরবর্তী পদক্ষেপ নেওয়ার এখতিয়ার প্রেসিডেন্টের হাতে রয়েছে। 'ট্রেড অ্যাক্ট ১৯৭৪'-এর ধারা ১২২ ব্যবহার করে নতুন শুল্ক আরোপের সিদ্ধান্ত নিয়েছেন ট্রাম্প। নিয়ম অনুযায়ী, এই সময়ের মধ্যে মার্কিন কর্তৃপক্ষ যাচাই করবে যে সংশ্লিষ্ট দেশ আমেরিকার সঙ্গে বাণিজ্যের ক্ষেত্রে আনফেয়ার ট্রেড প্র্যাকটিস করছে কি না। এই সময়ের মধ্যে সংশ্লিষ্ট দেশটির শ্রমবাজার, শ্রমিকের কর্ম-পরিবেশ, বেতন, পরিবেশ দূষণ, নারীদের কর্ম পরিবেশ এসব বিষয়ে অনিয়ম হচ্ছে কি না সেগুলো তদন্ত করবে মার্কিন প্রশাসন। এক্ষেত্রে সিদ্ধান্ত নেওয়া হবে মার্কিন আইন অনুযায়ী। যদি কোনো অনিয়ম পাওয়া যায় তাহলে সংশ্লিষ্ট দেশটিকে ঘাটতি থাকা বিষয়গুলো ঠিক করতে আরও ১৫০ দিনের সময় দেওয়া হবে। তবে এই সময় ৫০ শতাংশ পর্যন্ত শুল্ক আরোপ করতে পারবে যুক্তরাষ্ট্র। এক্ষেত্রে বাড়তি শুল্ক আরোপ বা বাণিজ্যিক সম্পর্ক রাখা না রাখার বিষয়ে পরবর্তী সিদ্ধান্ত নিতে কংগ্রেসের স্মরণাপন্ন হতে হবে। আর যদি কোনো অনিয়ম না পাওয়া যায় তাহলে শুল্ক শূন্যের কোটায় নামিয়ে ফিরতে হবে নিয়মিত বাণিজ্য প্রক্রিয়া বা চুক্তিতে। ছবির উৎস,
AFP VIA GETTY IMAGES বাংলাদেশের জন্য গুরুত্বপূর্ণ বাণিজ্য অংশীদার যুক্তরাষ্ট্র। যদিও দেশটির সঙ্গে বাংলাদেশের বড় বাণিজ্য ঘাটতি রয়েছে। দুই দেশের ৮০০ কোটি ডলারের বাণিজ্যে বাংলাদেশের রপ্তানি বেশি, আমদানি কম। পাল্টা শুল্ক আরোপের ক্ষেত্রে বাণিজ্য ঘাটতির এই বিষয়টিকে বড় করে সামনে এনেছিল ট্রাম্প প্রশাসন। একটি চুক্তিতে পৌঁছাতে বাংলাদেশও যুক্তরাষ্ট্র থেকে বিমান, কৃষিপণ্যসহ নানা পণ্য আমদানির সিদ্ধান্ত নিয়েছিল। অবশ্য অন্তর্বর্তীকালীন সরকারের বিদায়ের আগ মুহূর্তে যে চুক্তিটি যুক্তরাষ্ট্রের সঙ্গে হয়েছে সেটি নিয়ে খুশি হতে পারেননি বাংলাদেশের অর্থনীতিবিদ কিংবা ব্যবসায়ীদের কেউই। তাদের মতে, ওই চুক্তিতে সামগ্রিকভাবে বাংলাদেশের চেয়ে আমেরিকা বেশি লাভবান হয়েছে। বেশিরভাগ ক্ষেত্রেই বাংলাদেশ কী করতে পারবে, কী পারবে না এই বিষয়গুলোই চাপিয়ে দেওয়া হয়েছে। বাংলাদেশের নিট পোশাকশিল্প মালিকদের সংগঠন বিকেএমইএর সভাপতি মোহাম্মদ হাতেম বিবিসি বাংলাকে বলছেন, ""যুক্তরাষ্ট্রের সঙ্গে সম্প্রতি যে চুক্তি হয়েছে সেটি অসম। আমাদের প্রাপ্তির চেয়ে ক্ষয় বেশি, কঠিন কঠিন শর্ত ওখানে আছে""। তিনি বলছেন, ""ট্রাম্পের ট্যারিফ শুরু থেকেই আনপ্রেডিক্টাবল, কখন কী হয় বলা যাচ্ছে না। এখন যে ১০ শতাংশ দিয়েছে সেটা আবার কয়দিন থাকে সেটাও তো অনিশ্চিত""। তবে যুক্তরাষ্ট্রের সুপ্রিম কোর্টের রায়ের পর পরিস্থিতি বদলেছে বলেই মত অর্থনীতিবিদদের। যদিও এ নিয়ে আলোচনার সময় এখনো আসেনি বলেই মনে করেন বিশ্বব্যাংকের ঢাকা কার্যালয়ের সাবেক মুখ্য অর্থনীতিবিদ ড. জাহিদ হোসেন। তিনি বলছেন, এই মুহূর্তে পুরনো চুক্তি নিয়ে আলোচনার চেষ্টা না করে বাংলাদেশের উচিত চুপ থেকে সময় নেওয়া। ""যে সমস্ত শর্তে আমরা চুক্তি করতে বাধ্য হয়েছি সেগুলো নিয়ে এখন আলোচনা করতে গেলে ট্রাম্প প্রশাসন বাংলাদেশের সঙ্গে বাণিজ্য কমানোর মতো কঠোর সিদ্ধান্তও নিতে পারে"" বলে মনে করেন তিনি। মি. হোসেন বলছেন, ""যুক্তরাষ্ট্রের সুপ্রিমকোর্টের রায় আমাদের জন্য এটা সুখবর। তবে আলোচনার জন্য আরও অপেক্ষা করতে হবে, একইসাথে ভবিষ্যতের জন্য প্রস্তুতি নিয়ে রাখতে হবে""। ""ট্রাম্প এখন যে ১০ শতাংশ শুল্ক আরোপের সিদ্ধান্ত জানিয়েছেন এটি ১৫০ দিন পর্যন্ত বহাল থাকবে। এর মধ্যে মার্কিন প্রশাসন তাদের মতো করে বাংলাদেশের অভ্যন্তরীণ পরিবেশ তদন্ত করবে। তাই বাংলাদেশের উচিত হবে যেসব বিষয়ে ঘাটতি রয়েছে সেগুলো ঠিক করা বা যথাযথ উত্তর নিয়ে প্রস্তুত থাকা,"" বলেন মি. হোসেন। অবশ্য ১৫০ দিনের এই সময়ের মধ্যে যুক্তরাষ্ট্র এতগুলো দেশের তদন্ত শেষ করে ব্যবস্থা নেবে, এটি সম্ভব নয় বলেও মনে করেন মি. হোসেন। ""এতগুলো দেশে এই কম সময়ে যেসব বিষয় তদন্ত করতে হবে সেটি মার্কিন প্রশাসনের জন্যও সম্ভব না। এছাড়া যুক্তরাষ্ট্রের প্রধান লক্ষ্য তো চীন এবং তার প্রধান প্রতিদ্বন্দ্বীরা,"" বলেন তিনি।","https://ichef.bbci.co.uk/ace/ws/400/cpsprodpb/CA0A/production/_106822715_gettyimages-541284296.jpg.webp, https://ichef.bbci.co.uk/ace/ws/400/cpsprodpb/01e9/live/c5327070-0719-11f1-9972-d3f265c101c6.png.webp, https://ichef.bbci.co.uk/ace/ws/400/cpsprodpb/f151/live/446b9720-0bf9-11f1-b7e1-afb6d0884c18.jpg.webp, https://ichef.bbci.co.uk/ace/ws/400/cpsprodpb/6fc1/live/cc932790-0d65-11f1-b1f2-a50c2c5773ab.jpg.webp, https://ichef.bbci.co.uk/ace/ws/400/cpsprodpb/0b65/live/cc24c370-0d67-11f1-b1f2-a50c2c5773ab.jpg.webp",https://www.bbc.com/bengali/articles/czx4yex9klxo
জাতীয় সংসদে দুই-তৃতীয়াংশ আসনে কবে কারা জয় পেয়েছিল? তারপর কী হয়েছিল?,"বাংলাদেশের জাতীয় সংসদ নির্বাচন হয় ৩০০ আসনে। অর্থাৎ পুরো বাংলাদেশকে ৩০০ ভাগে ভাগ করা হয় এবং প্রতিটা জায়গা থেকে জনসাধারণ তাদের প্রতিনিধি নির্বাচন করে সংসদে পাঠান তাদের প্রতিনিধিত্ব করার জন্য। কোনো রাজনৈতিক দল যদি এককভাবে এই ৩০০ আসনের মধ্যে ২০০ বা তার বেশি, মানে তিন ভাগের দুই ভাগ আসনে পায় তখন তাকে বলা হয় দুই-তৃতীয়াংশ আসনে জয়ী – যেমনটা এবার বিএনপি এবং ২০০৮ সালের নির্বাচনে হয়েছিল আওয়ামী লীগ। দুই-তৃতীয়াংশ আসনে জয়ের বিষয়টি বিশেষ গুরুত্ব পাওয়ার একটি কারণ হলো, এতগুলো আসনে নিজেদের প্রতিনিধি থাকার ফলে সংসদে যেকোনো আইন প্রণয়ন সহজ হয়, এমনকি রাষ্ট্রের সর্বোচ্চ আইন হিসেবে পরিচিত সংবিধান পরিবর্তনের সুযোগ তৈরি হয়। কারণ সংবিধানে কোনো পরিবর্তন আনতে সংসদের দুই-তৃতীয়াংশ সদস্যের সমর্থন অর্থাৎ অন্তত ২০০ সদস্যের সমর্থন থাকতে হয়। অনেকের মতে, অতীতে দেখা গেছে এমন জয় কখনও কখনও 'ফ্যাসিস্ট' শাসক তৈরি করার ক্ষেত্রেও ফ্যাক্টর হয়ে ওঠে। বাংলাদেশের ইতিহাসে এমন ঘটনার সংখ্যা কম না, যেখানে নিরঙ্কুশ জয় পেয়ে রাজনৈতিক দল নিজেদের স্বার্থে সংবিধান পরিবর্তন করে বদলে দিয়েছে ইতিহাসের পথরেখা। End of আরও পড়তে পারেন: ছবির উৎস,
GETTY IMAGES বাংলাদেশে একাধিক জাতীয় নির্বাচনে একটি রাজনৈতিক দল বা জোট দুই-তৃতীয়াংশ আসনে জয় পাওয়ার উদাহরণ রয়েছে। সবশেষ ২০২৪ সালে বিএনপিবিহীন বিতর্কিত নির্বাচনে আওয়ামী লীগ ২৫৭টি আসন পেয়েছিল। End of সর্বাধিক পঠিত বিবিসি বাংলার সর্বশেষ খবর ও বিশ্লেষণ এখন সরাসরি আপনার ফোনে। ফলো করুন, নোটিফিকেশন অন রাখুন বিবিসি বাংলার সাথে থাকার জন্য ধন্যবাদ বিবিসি বাংলার হোয়াটসঅ্যাপ চ্যানেল এর আগে ২০১৮ সালের আরেক বিতর্কিত নির্বাচনে আওয়ামী লীগ ২৫৭ আসনে বিজয়ী হয়েছিল। ওই নির্বাচনে বিএনপিসহ বিরোধী দলগুলো অংশ নিলেও আগের রাতে বেশিরভাগ আসনে ভোট বাক্স ভরে রাখায় ওই নির্বাচন 'রাতের ভোট' হিসাবে পরিচিতি পেয়েছিল। তবে গ্রহণযোগ্য নির্বাচনগুলোর মধ্যে সবশেষ উদাহরণ ছিল ২০০৮ সালের নবম সংসদ নির্বাচন। সেই নির্বাচনে ২৩০টি আসনে এককভাবে জয় পায় আওয়ামী লীগ, জোট শরিকসহ যে সংখ্যা দাঁড়ায় ২৬২টিতে। নির্বাচনের পর আদালতের আদেশের পথ ধরে সংবিধান সংশোধন করে তত্ত্বাবধায়ক সরকার ব্যবস্থার বিলোপ ঘটায় তৎকালীন আওয়ামী লীগ সরকার। এছাড়া সংবিধানে আরও কিছু পরিবর্তন আনা হয়। যদিও ২০২৪ সালের রাজনৈতিক পটপরিবর্তনের পর ২০২৫ সালে সুপ্রিম কোর্ট ত্রয়োদশ সংশোধনী পুনরুজ্জীবিত করে। এর ফলে ভবিষ্যতের জাতীয় নির্বাচনগুলো নির্দলীয় তত্ত্বাবধায়ক সরকার ব্যবস্থার অধীনে হওয়ার পথ তৈরি হয়েছে। ক্ষমতায় থাকাকালীন ২০০৯ থেকে ২০২৪ সাল পর্যন্ত প্রায় তিন মেয়াদে বিরোধিতাহীন সংসদে সন্ত্রাস বিরোধী আইন, ডিজিটাল নিরাপত্তা আইন, বিদ্যুৎ ও জ্বালানির দ্রুত সরবরাহ বৃদ্ধি (বিশেষ বিধান) আইন বেশ কিছু বিতর্কিত আইন পাস করে আওয়ামী লীগ সরকার। সেসব আইন পাস করাতে আওয়ামী লীগকে সংসদে বড় কোনো বিরোধিতার মুখে পড়তে হয়নি। সংখ্যাগরিষ্ঠতা থাকায় সংসদে নিয়ন্ত্রণ নিয়ে বাংলাদেশের ইতিহাসে সংবিধান পরিবর্তনের ঘটনা আরো আছে। ২০০১ সালের অষ্টম জাতীয় সংসদ নির্বাচনে ১৯৩টি আসনে জয়ী হয় বাংলাদেশ জাতীয়তাবাদী দল - বিএনপি। জামায়াতে ইসলামীসহ চার দলীয় জোট মিলে ২১৬টি আসন নিয়ে সরকার গঠন করে তারা, যে সরকার চার দলীয় জোট সরকার হিসাবে পরিচিতি পেয়েছিল। পাঁচ বছর পর ক্ষমতা হস্তান্তরের সময় এলে নিজেদের পছন্দের প্রধান বিচারপতি কে এম হাসানকে তত্ত্বাবধায়ক সরকারের প্রধান করার জন্য অবসরের বয়স সীমা বাড়িয়ে পরিবর্তন আনা হয় সংবিধানে, যা নিয়ে আপত্তি তুলেছিল সে সময়কার বিরোধী দল আওয়ামী লীগ। বিবিসি বাংলার হোয়াটসঅ্যাপ চ্যানেল ফলো করতে এখানে ক্লিক/ট্যাপ করুন ছবির উৎস,
GETTY IMAGES অতীতে একসময় বিএনপির রাজনীতির সাথে সম্পৃক্ত থাকায় তাকে তত্ত্বাবধায়ক সরকারের প্রধান না করার দাবি আদায়ে আওয়ামী লীগের অনড় অবস্থানের কারণে পরিস্থিতির অবনতি হলে দৃশ্যপটে হাজির হয় সেনা সমর্থিত সরকার। সেখান থেকে গণতন্ত্রে উত্তরণের জন্য বেশ কাঠখড় পোড়াতে হয়েছে বাংলাদেশকে। তবে এই ধারাবাহিকতাও আবার একদিনের না। ২০০৮ সালে ক্ষমতায় এসে যে তত্ত্বাবধায়ক সরকার ব্যবস্থা আওয়ামী লীগ সংবিধান পরিবর্তন করে বাতিল করেছিল, সেই ব্যবস্থা সংবিধানে সংযোজিত হয়েছিল আওয়ামী লীগের দাবি ও আন্দোলনের মুখে, ১৯৯৬ সালে। ১৯৯১ সালে নির্দলীয় সরকারের অধীনে নির্বাচন হলেও ক্ষমতা ছাড়ার সময় সেই ব্যবস্থা প্রয়োগে অসম্মতি জানায় খালেদা জিয়ার নেতৃত্বাধীন বিএনপি সরকার। কারণ তখন সংবিধানে তত্ত্বাবধায় সরকার ব্যবস্থা বলে কিছু ছিল না। বিশেষ করে সেই দাবি আরো জোরালো হয় ১৯৯৫ সালে মাগুরা উপ নির্বাচনের পরে, যে নির্বাচনে ব্যাপক কারচুপির অভিযোগ ছিল। দলীয় সরকারের অধীনেই আয়োজিত ১৯৯৬ সালের ১৫ই ফেব্রুয়ারির ষষ্ঠ জাতীয় সংসদ নির্বাচন বয়কট করে আওয়ামী লীগ, জামায়াতে ইসলামীসহ অধিকাংশ রাজনৈতিক দল। নির্বাচনে ২৭৮টি আসনে জয়ী হয়ে সরকার গঠন করে বিএনপি। তীব্র আন্দোলনের মুখে সংবিধান সংশোধন করে তত্ত্বাবধায়ক সরকার আইন পাশ করে তৎকালীন বিএনপি সরকার। চার মাসেরও কম সময় পর আয়োজিত হয় সপ্তম সংসদ নির্বাচন। এতো গেলো সংখ্যাগরিষ্ঠ আসনে জয়কে কেন্দ্র করে তত্ত্বাবধায়ক সরকারের ফিরিস্তি। এর বাইরেও সংবিধান পরিবর্তন করে শাসন কাঠামো পরিবর্তন এবং অনেক রাজনৈতিক বিশ্লেষকের ভাষ্যে, সংবিধানের 'ইসলামীকরণ' হয়েছিল একই প্রক্রিয়ায়। স্বাধীন বাংলাদেশের প্রথম নির্বাচন আয়োজন হয়েছিল ১৯৭৩ সালে। সেই নির্বাচনে কারচুপির নানা অভিযোগ ওঠে আওয়ামী লীগের বিরুদ্ধে। ওই নির্বাচনে ২৯৩টি আসনে জয়ী হয়ে নিরঙ্কুশ সংখ্যাগরিষ্ঠতা পায় আওয়ামী লীগ। কিন্তু এর দুই বছরেরও কম সময় পর ১৯৭৫ সালের জানুয়ারিতে সংবিধান পরিবর্তন করে প্রথমে সংসদীয় ব্যবস্থা থেকে রাষ্ট্রপতি শাসিত ব্যবস্থায় ফিরে যায় দেশ। এর পরের মাসে আওয়ামী লীগসহ সব রাজনৈতিক দল বিলুপ্ত ঘোষণা করে একদলীয় শাসন ব্যবস্থা চালু করা হয়, যার নাম দেওয়া হয়েছিল বাংলাদেশ কৃষক শ্রমিক আওয়ামী লীগ বা বাকশাল। মোটাদাগে বদলে যায় দেশের পুরো শাসন কাঠামোই। পরবর্তী সময়ে সামরিক অভ্যুত্থানে স্বপরিবারে শেখ মুজিবের মৃত্যু, দেশজুড়ে রাজনৈতিক অস্থিরতা এবং ক্ষমতার পালাবদলের ধারাবাহিকতায় রাষ্ট্রক্ষমতায় আসেন সেনাশাসক মেজর জেনারেল জিয়াউর রহমান। দেশে জারি হয় মার্শাল ল। মার্শাল ল ব্যবহার করে রাষ্ট্রপতির অধ্যাদেশ দিয়ে বেশ কিছু পরিবর্তন আনা হয়। মোশতাক সরকারের সময়েই আইন করে শেখ মুজিবের হত্যাকারীদের দায়মুক্তি দেয়া হয়। বিচারপতি সায়েম সরকারের সময় এবং জিয়াউর রহমান ক্ষমতায় এসে বেশ কয়েক দফায় মার্শাল ল অধ্যাদেশ জারি করে সংবিধানে বেশ কিছু পরিবর্তন আনা হয়। এসব অধ্যাদেশের মাধ্যমে রাষ্ট্রের মূলনীতিতে পরিবর্তন করা হয়। সংবিধানের শুরুতে যুক্ত করা হয় 'বিসমিল্লাহির রাহমানির রাহিম'। ""ধর্মনিরপেক্ষতা"" বাদ দিয়ে সংস্থাপন করা হয় ""মহান আল্লাহর উপর পূর্ণ আস্থা ও বিশ্বাস""। বাঙালি জাতীয়তাবাদের বদলে বাংলাদেশি জাতীয়তাবাদ প্রবর্তন করা হয়। একদলীয় বাকশাল ব্যবস্থা বাতিল করে পুনরায় বহুদলীয় রাজনীতি চালু হয়। স্বাধীনতার পরে বাংলাদেশে ধর্মভিত্তিক রাজনীতি নিষিদ্ধ থাকলেও সেই নিষেধাজ্ঞা তুলে নেওয়া হয়, ফলে জামায়াতে ইসলামীসহ অন্য ধর্মভিত্তিক দলগুলো পুনরায় প্রকাশ্যে রাজনৈতিক কর্মকাণ্ড শুরু করে। যুদ্ধপরাধে অভিযুক্তদের নির্বাচনে অংশ নেওয়ার ওপর নিষেধাজ্ঞা প্রত্যাহার করা হয়। ১৯৭৯ সালে আয়োজিত হয় দ্বিতীয় সংসদ নির্বাচন, যেখানে বিএনপি ২০৭টি আসনে জয়ী হয়। বিএনপির সরকার পঞ্চম সংশোধনীর মাধ্যমে এর আগের তিনটি সরকারের সময় মার্শাল ল আইনে জারি যাবতীয় অধ্যাদেশ ও আদেশকে বৈধতা দিয়ে সংবিধানে অন্তর্ভুক্ত করে। পরবর্তীতে অবশ্য এই সংশোধনীকে অবৈধ ও বাতিল বলে ঘোষণা করেছিল হাইকোর্ট ও সুপ্রিম কোর্ট। জিয়াউর রহমানের হত্যাকাণ্ডের পর আবারও টালমাটাল পরিস্থিতিতে পড়ে বাংলাদেশের রাজনীতি। ১৯৮২ সালে রাষ্ট্রক্ষমতা দখল করেন লেফটেন্যান্ট জেনারেল হুসেইন মুহাম্মদ এরশাদ। চার বছর পর ১৯৮৬ সালে তৃতীয় আর তার ১৭ মাস পর ১৯৮৮ সালে আয়োজিত হয় চতুর্থ সংসদ নির্বাচন। ২৫১টি আসন নিয়ে নির্বাচনে জয়ী হয়ে জাতীয় পার্টি। এরশাদের শাসনামলে প্রথমে সপ্তম সংশোধনীর মাধ্যমে ১৯৮২ থেকে ১৯৮৬ পর্যন্ত সামরিক সরকারের আমলে নেওয়া আদেশ ও কর্মকাণ্ডকে বৈধতা দেওয়া হয়। অষ্টম সংশোধনীর মাধ্যমে ইসলামকে স্বীকৃতি দেয়া হয় রাষ্ট্রধর্ম হিসেবে। সেই সংশোধনীতে হাই কোর্টের বিকেন্দ্রীকরণ, বেঙ্গলির পরিবর্তনে বাংলা ও ঢাক্কার পরিবর্তে ঢাকার মতো বানানেরও কিছু পরিবর্তন আনা হয়। যদিও হাইকোর্টের বিকেন্দ্রীকরণ পরবর্তীতে উচ্চ আদালতের রায়ে বাতিল হয়ে গিয়েছিল। ছবির উৎস,
GETTY IMAGES বাংলাদেশে দুই-তৃতীয়াংশ আসন পেলে রাজনৈতিক দল 'ইচ্ছেমতো' সংবিধান সংশোধনের ক্ষমতা পায়। আর সেখান থেকে দলগুলোর মধ্যে 'কর্তৃত্ববাদী' হয়ে ওঠার প্রবণতা তৈরি হয় বলে মন্তব্য করেন রাজনৈতিক বিশ্লেষক মহিউদ্দিন আহমদ। এবিষয়ে ১৯৭৩, ২০০১ আর ২০০৮ সালের উদাহরণ তুলে ধরে তিনি বলেন, ""যার ফলে জাতীয় সংসদ আর সক্রিয় বা প্রাণবন্ত থাকে না। একচেটিয়া আধিপত্য তৈরি হয়""। ২০২৬ সালের ১২ই ফেব্রুয়ারির নির্বাচনে দেশের অন্যতম প্রধান রাজনৈতিক দল বিএনপি সরকার গঠনের জন্য নিরঙ্কুশ সংখ্যাগরিষ্ঠতা পেয়েছে। বিএনপি ও তার মিত্ররা মিলে এখন পর্যন্ত ২১২ টি আসনে জয়লাভ করেছেন। আরও কয়েকটি আসনে ফলাফল ঘোষণা এখনও বাকি। ফলে অতীত ইতিহাস থেকে এবারের দুই-তৃতীয়াংশ আসনে জয়ী হওয়া বিএনপি যদি শিক্ষা নেয় এবং ""দীর্ঘদিন ক্ষমতা ধরে রাখার অতীতের যে অভ্যাস সেখান থেকে তারা যদি সরে আসেন তাহলে আমরা নতুন কিছু দেখবো"" বলে মনে করেন মি. আহমদ।","https://ichef.bbci.co.uk/ace/ws/400/cpsprodpb/CA0A/production/_106822715_gettyimages-541284296.jpg.webp, https://ichef.bbci.co.uk/ace/ws/400/cpsprodpb/01e9/live/c5327070-0719-11f1-9972-d3f265c101c6.png.webp, https://ichef.bbci.co.uk/ace/ws/400/cpsprodpb/f151/live/446b9720-0bf9-11f1-b7e1-afb6d0884c18.jpg.webp, https://ichef.bbci.co.uk/ace/ws/400/cpsprodpb/6fc1/live/cc932790-0d65-11f1-b1f2-a50c2c5773ab.jpg.webp, https://ichef.bbci.co.uk/ace/ws/400/cpsprodpb/0b65/live/cc24c370-0d67-11f1-b1f2-a50c2c5773ab.jpg.webp",https://www.bbc.com/bengali/articles/cvgjr1zjje4o
ভিডিওকে কেন্দ্র করে সামাজিক মাধ্যমে জাইমা রহমান 'টার্গেট' কেন?,"ছবির উৎস,
ZAIMA RAHMAN/FB সম্প্রতি সামাজিক যোগাযোগমাধ্যমে ছড়িয়ে দেওয়া একটি ভিডিও বেশ আলোচনার জন্ম দিয়েছে, যা বাংলাদেশের নতুন প্রধানমন্ত্রী তারেক রহমানের মেয়ে জাইমা রহমানকে টার্গেট করে ছাড়া হয়েছে বলে মনে করছেন অনেকে। বিশ্লেষকরা বলছেন, পিতৃতান্ত্রিক সমাজব্যবস্থায় নারীকে দ্বিতীয় স্তরের মনে করা ব্যক্তিরা ""জনপরিসরে সফল কিংবা গুরুত্বপূর্ণ, অথবা সামাজিক উপস্থিতি প্রবল বা শক্তিশালী"" হয়ে ওঠা নারীর প্রতি বিদ্বেষ পোষণ করে এবং তাকে হেয় করার চেষ্টা করে। তখন নারীকে টার্গেট করার মাধ্যম হিসেবে তার পোশাক বা চরিত্রকে 'টুল' হিসেবে ব্যবহার করার প্রবণতা দেখা যায়। জাইমা রহমানের ক্ষেত্রেও তেমনটাই ঘটেছে বলে মনে করছেন অধিকার কর্মীরা। অনেকের মতে, রাজনীতির মাঠে প্রতিপক্ষকে ঘায়েল করতে নারীকে লক্ষ্যবস্তু করার যে চর্চা বরাবরই দেখা গেছে, এবারও সেভাবেই ইচ্ছাকৃতভাবে তাকে আক্রমণ করা হয়েছে। আর তাতে বাদ যাচ্ছেন না সাধারণ থেকে 'ক্ষমতাধর' পর্যন্ত কেউই। এর আগে, অধ্যাপক ইউনূসের মেয়ে এবং ক্ষমতাচ্যুত সাবেক প্রধানমন্ত্রী শেখ হাসিনার নাতনীকে নিয়েও সামাজিক মাধ্যমে একই ধরনের 'অবমাননাকর' প্রচারণা চালাতে দেখা গেছে। এছাড়াও ছাত্র সংসদ ও জাতীয় নির্বাচনের সময় নারী প্রার্থীদের হেনস্তার একাধিক ঘটনা সামনে এসেছে। এমন ঘটনা রোধে সচেতনতা এবং পক্ষ না দেখে অপরাধের বিরুদ্ধে আওয়াজ তোলাকেই সমাধান হিসেবে দেখছেন পর্যবেক্ষকরা। End of সর্বাধিক পঠিত ছবির উৎস,
ZAIMA RAHMAN/FB বিবিসি বাংলার সর্বশেষ খবর ও বিশ্লেষণ এখন সরাসরি আপনার ফোনে। ফলো করুন, নোটিফিকেশন অন রাখুন বিবিসি বাংলার সাথে থাকার জন্য ধন্যবাদ বিবিসি বাংলার হোয়াটসঅ্যাপ চ্যানেল প্রধানমন্ত্রী হিসেবে তারেক রহমান শপথ নেওয়ার দু'দিন পরই তার মেয়ে জাইমা রহমানকে নিয়ে একটি ভিডিও সামাজিক মাধ্যমে ছড়িয়ে দেওয়া হয়। যেখানে জাইমার মতো একজনকে বন্ধুদের সাথে নাচ-গান ও আড্ডা দিতে দেখা যায়। ভিডিওটি জাইমা লন্ডনে থাকার সময়ের হতে পারে বলে কেউ কেউ মনে করছেন। তবে ভিডিওটি সঠিক নাকি ভুয়া, তা নিশ্চিত করা যায়নি। ভিডিওটি বিভিন্ন ভুয়া ফেসবুক পাতা থেকে শেয়ার করা হয়। পোস্টগুলোতে জাইমা রহমানের ব্যক্তিগত জীবন নিয়ে অনেকে অশালীন মন্তব্য করেন। আগেও জাইমা রহমানকে নিয়ে এআই দিয়ে তৈরি ভুয়া অনেক ভিডিও সামাজিক মাধ্যমে ছড়ানো হয়েছে। এসব কর্মকাণ্ডের সমালোচনা করে ফেসবুকে পোস্টও করেন সচেতন নাগরিকদের অনেকে। অধিকারকর্মীদের ভাষ্যে, নারীকে ব্যক্তি আক্রমণ করা হলে অনেকে খুব উত্তেজিত ও উৎসাহিত হন, তখন আর তারা ব্যক্তিগত গোপনীয়তার দিকে নজর না দিয়ে উল্টো আক্রান্ত ব্যক্তিকে হেনস্তা করেন। ""এই মেয়েটার প্রাইভেসি খর্ব হচ্ছে, ও পার্টি করতে চায়- করবে, বন্ধুদের সাথে বেড়াতে চায়- বেড়াবে। ইটস নোবডিস বিজনেস (এটা কারও বিষয় না),"" বলছিলেন ব্র্যাক ইন্সটিটিউট অব গভার্নেন্স অ্যান্ড ডেভেলপমেন্টের সিনিয়র ফেলো মাহিন সুলতান। কিন্তু বিষয় হচ্ছে, এই ধরনের ঘটনা বাংলাদেশের প্রেক্ষাপটে নতুন কিছু নয়। এর আগেও 'পাবলিক ফিগার' বা পরিচিত ব্যক্তি বা রাজনীতিবিদদের পরিবারের নারী সদস্যদের টার্গেট করে অনলাইনে হেনস্তা করা হয়েছে। অন্তর্বর্তী সরকারের প্রধান উপদেষ্টা থাকাকালীন অধ্যাপক মুহাম্মদ ইউনূসের মেয়ে অপেরা শিল্পী মনিকা ইউনূস কিংবা এবং ক্ষমতাচ্যুত সাবেক প্রধানমন্ত্রী শেখ হাসিনার নাতনী আমরিন খন্দকার সেমন্তীকে নিয়েও অনলাইনে সাইবার বুলিং করা হয়েছে। অথচ তাদের দুজনের কেউই রাজনীতিতে সক্রিয় নন। তারপরও তাদের ব্যক্তিগত জীবনকে টার্গেট করা হয়েছে, হেনস্তা করা হয়েছে জনসম্মুখে। End of আরও পড়তে পারেন: ছবির উৎস,
GETTY IMAGES গবেষণায় দেখা গেছে, অনেক আগে থেকেই যুদ্ধের ময়দানে নারীকে 'লক্ষ্যবস্তু' করা হয়েছে। রাজনীতির মাঠেও দেখা যায় সেই প্রবণতা। ""কোনো কর্তৃপক্ষকে আপনি যদি ঘায়েল করতে চান তাহলে সবচেয়ে বড় অস্ত্র হচ্ছে নারীদের অপমান করা, হেনস্তা বা অপদস্ত করা। যেকোনো ক্ষেত্রেই তা হতে পারে, বিশেষ করে এই ধরনের নামী বা অবস্থাবান লোকদের ক্ষেত্রে তা আরও বেশি দেখা যায়"", বলছিলেন বাংলাদেশ মহিলা পরিষদের সাধারণ সম্পাদক ও নারী অধিকারকর্মী মালেকা বানু। ""অধ্যাপক ইউনূসকে যখন আঘাত করতে হয়, তখন তার মেয়েকে সামনে টেনে আনা প্রতিপক্ষের জন্যে সুবিধাজনক হয়। তার মেয়ে ইসলামী জীবনধারা অনুসরণ করছে না, এমন চিত্র উপস্থাপনের মাধ্যমে প্রশ্ন তোলা যায় যে, ইউনূস কেমন মুসলমান বা পিতা?"" ""এর মধ্য দিয়ে তার বৈধতাকে চ্যালেঞ্জ করা হয়,"" বলছিলেন জাহাঙ্গীরনগর বিশ্ববিদ্যালয়ের নৃবিজ্ঞান বিভাগের অধ্যাপক সাঈদ ফেরদৌস। তিনি মনে করেন, জাইমা রহমানের ক্ষেত্রেও একই ঘটনা ঘটছে। তাকে লক্ষ্যবস্তু করে সামনে এনে প্রধানমন্ত্রী তারেক রহমানের বিরুদ্ধে অস্ত্র হিসেবে ব্যবহার করা যায়। ""একভাবে বলতে গেলে এটা খুব সহজ অস্ত্র। কিন্তু দুঃখজনকভাবে এই ধরনের অস্ত্র কখনও কখনও খুব কার্যকর হয়ে ওঠে,"" বলছিলেন এই বিশ্লেষক। এর আগে, ছাত্র সংসদ ও জাতীয় নির্বাচনের ক্ষেত্রেও এমন ঘটনার স্বাক্ষী হয়েছে বাংলাদেশ। যখনই কোনো নারী প্রার্থী ভোটের মাঠে লড়াই করতে নেমেছে, তাকে আক্রমণের শিকার হতে হয়েছে- হোক তা বিশ্ববিদ্যালয় কিংবা জাতীয় পর্যায়ে। বিশ্লেষকরা বলছেন, জনপ্রতিনিধি বা জনপ্রিয় ব্যক্তিদের ক্ষেত্রে তার কাজের ক্ষেত্র নিয়ে আলোচনা-সমালোচনা হওয়া খুবই স্বাভাবিক বিষয়। কিন্তু অনেক সময়ই তা সীমা ছাড়িয়ে যায়। তখন সমালোচনা কাজের গণ্ডি পেরিয়ে চলে যায় ব্যক্তিগত পর্যায়ে, যা নারীদের ক্ষেত্রে দেখা যায় সবচেয়ে বেশি। বিবিসি বাংলার হোয়াটসঅ্যাপ চ্যানেল ফলো করতে এখানে ক্লিক/ট্যাপ করুন ছবির উৎস,
ZAIMA RAHMAN/FB পর্যবেক্ষকদের মতে, যে ধরনের নারীবিদ্বেষী পিতৃতান্ত্রিক চর্চা বাংলাদেশের সমাজে রয়েছে, সেখানে যেকোনো নারীকে 'অবজেক্টিফাই' বা ভোগ্যবস্তু হিসেবে দেখা হয়। কিন্তু যে নারী সেই গণ্ডিতে আটকে থাকতে চায় না, সেই নারীকে সমাজ 'হুমকি' হিসেবে দেখে। তখন তাকে আটকানোর একটি মাধ্যম হয়ে ওঠে পোশাক কিংবা চরিত্র। আওয়ামী লীগ আমলেও গণজাগরণ মঞ্চের পরিচিত মুখ লাকি আক্তারকে নিয়ে নানা ধরনের অশালীন বক্তব্য ছড়িয়ে দেওয়া হয়েছিল। একই দৃশ্য দেখা গেছে, গণ-অভ্যুত্থানের পরও। আন্দোলন চলাকালীন নারীরা সম্মুখ সারিতে থাকলেও তা শেষ হয়ে যাওয়ার পর অভ্যুত্থানের সক্রিয় নারীদের বিরুদ্ধে সামাজিক মাধ্যমে ঝাঁপিয়ে পড়তে দেখা যায় কিছু মানুষকে, ভুয়া অ্যাকাউন্ট বা যাকে অনেকে বলছেন 'বট বাহিনী' সেগুলোর ব্যবহারও দেখা গেছে এই কাজে। আবার নারীদের নিয়ে যখন একদিকে অবমাননাকর প্রচারণা চালানো হচ্ছিলো, তখনই সক্রিয় রাজনীতির মাঠে নারীদের পেছনে ঠেলে দেওয়া হলো, ""আন্দোলনের সামনের সারির নারীদের আস্তে আস্তে আর কোথাও জায়গাই দেয়া হলো না,"" বলেন অধ্যাপক ফেরদৌস। একইসময়ে যে জাতীয় সংসদ নির্বাচন হলো, সেখানেও সবচেয়ে বড় রাজনৈতিক দল বিএনপির থেকে যাদের নির্বাচনী লড়াইয়ের জন্য মনোনয়ন দেওয়া হয়েছে, তাদের মধ্যে মাত্র সাড়ে তিন শতাংশ নারী। ধর্মভিত্তিক দলগুলো কোনো নারীকে মনোনয়নই দেয়নি। সার্বিক দিক মিলিয়ে বাংলাদেশের সমাজে নারী বিদ্বেষী আবহ বিরাজমান বলেই মনে করছেন বিশ্লেষকরা। তারা বলছেন, মাঠের ক্ষমতার চর্চা এবং নেপথ্যে সামাজিক ও সাংস্কৃতিকভাবে নারীকে হেয় করার প্রবণতা পরস্পরের পরিপূরক হিসেবে কাজ করছে। ছবির উৎস,
REUTERS/LEONHARD FOEGER ঢালাওভাবে অনলাইনে নারীদের হেনস্তা করার যে প্রবণতা প্রায় স্বাভাবিক হয়ে উঠে উঠেছে, তা সমাধানে আইন প্রয়োগের কথা বলছেন কেউ কেউ। কিন্তু তা করতে গেলে আইনের অপপ্রয়োগের সম্ভাবনার বিষয়েও সতর্ক করছেন ডিজিটাল মাধ্যম নিয়ে কাজ করা বিশেষজ্ঞরা। ডিজিটাল সিকিউরিটি আইনের মাধ্যমে বাকস্বাধীনতা হরণের দিকটিকেও স্মরণ করিয়ে দেন ডিজিটাল পলিসি নিয়ে কাজ করা প্রতিষ্ঠান ডিজিটালি রাইটের ব্যবস্থপনা পরিচালক মিরাজ আহমেদ চৌধুরী। সেক্ষেত্রে সচেতনতা ও প্রতিরোধ গড়ে তোলাকেই বেশি কার্যকর মাধ্যম হিসেবে দেখছেন এই বিশ্লেষক। তবে আক্রমণের সীমা পেরিয়ে গেলে আদালতের শরণাপন্ন হওয়া জরুরি বলেও পরামর্শ দিচ্ছেন তিনি। অন্যদিকে অধ্যাপক সাঈদ ফেরদৌসের মতে, 'সিলেক্টিভ প্রতিবাদ' না বরং 'লিঙ্গীয়' বৈষম্যের যেকোনো ঘটনায় প্রতিবাদ করতে হবে। ""সে আমার পক্ষের নারী না কি বিপক্ষের, তার রাজনীতি, ধর্ম, বয়স, সামাজিক অবস্থানের দিকে না তাকিয়ে আক্রমণের শিকার নারী মাত্রই আমাদের দায়িত্ব আওয়াজ তোলা, সেটা নিয়ে কথা বলা।""","https://ichef.bbci.co.uk/ace/ws/400/cpsprodpb/CA0A/production/_106822715_gettyimages-541284296.jpg.webp, https://ichef.bbci.co.uk/ace/ws/400/cpsprodpb/01e9/live/c5327070-0719-11f1-9972-d3f265c101c6.png.webp, https://ichef.bbci.co.uk/ace/ws/400/cpsprodpb/f151/live/446b9720-0bf9-11f1-b7e1-afb6d0884c18.jpg.webp, https://ichef.bbci.co.uk/ace/ws/400/cpsprodpb/6fc1/live/cc932790-0d65-11f1-b1f2-a50c2c5773ab.jpg.webp, https://ichef.bbci.co.uk/ace/ws/400/cpsprodpb/0b65/live/cc24c370-0d67-11f1-b1f2-a50c2c5773ab.jpg.webp",https://www.bbc.com/bengali/articles/c86y1p3qqjzo
